"sp";"treeid";"setTleaf";"anet.21p";"anet.0p";"Rd";"corranet";"anet.delta";"pr.CO2";"pr.real";"pr.percent";"gsw.21p";"gsw.0p";"gsw.delta";"gsw.percent";"E.21p";"E.0p";"E.delta";"E.percent";"ETR.21p";"ETR.0p";"ETR.delta";"ETR.percent";"JT";"JO1";"JC1";"JO2";"JC2";"JO1.percent";"JC1.percent";"JO2.percent";"JC2.percent";"NPQ.21p";"NPQ.0p";"NPQ.delta";"NPQ.percent"
"Docksta";"1";"25";15.17331339;24.184558;0.9566758256806;14.2166375643194;9.01124461;4.505622305;13.516866915;0.890831591464282;0.175397422;0.160418549;-0.014978873;-0.0853996189294048;0.002017328;0.001843023;-0.000174305;-0.0864038966395153;122.2462884;91.40328265;-30.84300575;-0.252302185642472;213.64957105;190.325787394133;23.3237836558673;101.970878326667;111.678692723333;0.890831591464282;0.109168408535718;0.477280987860269;0.522719012139731;-0.999160187;-0.999000075;0.00016011199999999;-0.000160246577158693
"Docksta";"1";"30";15.82024034;23.67534569;0.9926061484836;14.8276341915164;7.85510535;3.927552675;11.782658025;0.74478375623717;0.197195252;0.192783929;-0.00441132299999999;-0.0223703307014714;0.00370592;0.003613802;-9.2118e-05;-0.024856985579829;139.1233219;75.98847447;-63.13484743;-0.453804916154751;215.11179637;160.211771711374;54.9000246586262;101.220556673333;113.891239696667;0.74478375623717;0.25521624376283;0.470548609520374;0.529451390479626;-0.999045319;-0.999116335;-7.10159999999238e-05;7.10838624127759e-05
"Docksta";"1";"35";12.11037196;17.2626133;0.7865600586584;11.3238119013416;5.15224134;2.57612067;7.72836201;0.638160581320411;0.171963468;0.140463133;-0.031500335;-0.183180389220808;0.005585843;0.004447861;-0.001137982;-0.203726098280958;126.1847559;77.05917988;-49.12557602;-0.389314665385821;203.24393578;129.702268207213;73.541667572787;103.20163196;100.04230382;0.638160581320411;0.361839418679589;0.507772256839731;0.492227743160269;-0.999052717;-0.99887644;0.000176277000000002;-0.000176444142536677
"Docksta";"2";"25";11.08844663;15.92457052;0.7298023258302;10.3586443041698;4.83612389;2.418061945;7.254185835;0.654211187288728;0.183785024;0.199925625;0.016140601;0.0878232657302915;0.0023498;0.00252599;0.00017619;0.0749808494339944;67.79399892;54.71487602;-13.0791229;-0.192924493441285;122.50887494;80.1466765279038;42.3621984120962;52.10339228;70.40548266;0.654211187288728;0.345788812711272;0.425303001970414;0.574696998029586;-0.999146577;-0.999143868;2.70899999998964e-06;-2.71131389763009e-06
"Docksta";"2";"30";11.24683073;16.2682304;0.7385989787442;10.5082317512558;5.02139967;2.510699835;7.532099505;0.669708621550491;0.143337459;0.140888901;-0.00244855799999999;-0.0170824710936168;0.002603247;0.002609541;6.294e-06;0.00241774983318909;69.62390954;54.17325377;-15.45065577;-0.221915946290309;123.79716331;82.9080275922011;40.8891357177989;52.5398935933333;71.2572697166667;0.669708621550491;0.330291378449509;0.424403049218247;0.575596950781753;-0.999241075;-0.999163861;7.72140000000476e-05;-7.72726441415027e-05
"Docksta";"2";"35";13.04662644;21.01300106;0.8385596324776;12.2080668075224;7.96637462;3.98318731;11.94956193;0.915912016409355;0.201041534;0.186220571;-0.014820963;-0.0737209008761344;0.006090291;0.005880605;-0.000209686000000001;-0.0344295535303651;115.7058649;76.59733384;-39.10853106;-0.337999556840096;192.30319874;176.132810519922;16.1703882200777;93.4111286533333;98.8920700866667;0.915912016409355;0.0840879835906454;0.485749219281725;0.514250780718275;-0.999013349;-0.999010533;2.81600000007209e-06;-2.81878115331579e-06
"Docksta";"5";"25";11.74860285;16.3762034;0.766467402289;10.982135447711;4.62760055;2.313800275;6.941400825;0.590827770214396;0.117275052;0.128883465;0.011608413;0.0989845052466913;0.00151785;0.00169728;0.00017943;0.118213262180057;87.91482552;59.73971552;-28.17511;-0.320481896350808;147.65454104;87.2384032446933;60.4161377953067;67.1067530933333;80.5477879466667;0.590827770214396;0.409172229785604;0.45448485783552;0.54551514216448;-0.999175081;-0.998971181;0.000203899999999924;-0.000204068339850765
"Docksta";"5";"30";10.984844;16.80434944;0.72404823576;10.26079576424;5.81950544;2.90975272;8.72925816;0.794663825904127;0.178422182;0.123543582;-0.0548786;-0.307577227140962;0.003047327;0.00206752;-0.000979807;-0.321529983490449;91.87802695;51.52267974;-40.35534721;-0.439227403435224;143.40070669;113.955354215631;29.445352474369;66.3075537933333;77.0931528966667;0.794663825904127;0.205336174095873;0.462393493894527;0.537606506105473;-0.99887814;-0.998911364;-3.32240000000539e-05;3.32613145383819e-05
"Docksta";"5";"35";12.07073134;17.02215767;0.7843584186236;11.2863729213764;4.95142633;2.475713165;7.427139495;0.615301532757003;0.143956601;0.133159537;-0.010797064;-0.0750022154246334;0.004287368;0.003908033;-0.000379335;-0.0884773595362002;142.9533267;82.11977958;-60.83354712;-0.425548313735045;225.07310628;138.487827276464;86.5852790035361;117.860120613333;107.212985666667;0.615301532757003;0.384698467242997;0.523652614749585;0.476347385250415;-0.999029434;-0.998830549;0.000198884999999982;-0.000199078218550247
"Docksta";"8";"25";15.59016914;21.37935663;0.9798279940356;14.6103411459644;5.78918749;2.894593745;8.683781235;0.557003657690913;0.180837468;0.092264211;-0.088573257;-0.489794830571284;0.002339888;0.001192056;-0.001147832;-0.49054997504154;127.9775965;83.43778776;-44.53980874;-0.348028170227435;211.41538426;117.75914232495;93.6562419350501;99.3698051333333;112.045579126667;0.557003657690913;0.442996342309087;0.470021637645479;0.529978362354521;-0.999083126;-0.999062435;2.06910000000171e-05;-2.07099884499672e-05
"Docksta";"8";"30";12.98271734;18.713025;0.8350101210636;12.1477072189364;5.73030766;2.86515383;8.59546149;0.662069524036945;0.142353888;0.163530184;0.021176296;0.148758114706358;0.002609455;0.00291075;0.000301295;0.115462807367822;119.028133;82.79775751;-36.23037549;-0.304384976701264;201.82589051;133.622771268288;68.2031192417117;99.9300141;101.89587641;0.662069524036945;0.337930475963055;0.495129806426142;0.504870193573858;-0.998962555;-0.998838387;0.000124167999999925;-0.000124296951250515
"Docksta";"8";"35";10.43771417;17.76710743;0.6936606450018;9.7440535249982;7.32939326;3.66469663;10.99408989;1.05330436443634;0.182338139;0.186706047;0.004367908;0.0239549883746483;0.005621789;0.005306847;-0.000314942;-0.0560216685471476;132.8577973;71.18050642;-61.67729088;-0.464235386506743;204.03830372;214.914435820463;-10.8761321004629;108.19163136;95.84667236;1.05330436443634;-0.0533043644363371;0.530251572314924;0.469748427685076;-0.998925465;-0.998952349;-2.68839999999493e-05;2.69129188732307e-05
"Dunker";"2";"25";5.768726596;8.188174837;0.43434507514184;5.33438152085816;2.419448241;1.2097241205;3.6291723615;0.629111520732573;0.046114005;0.049918697;0.003804692;0.08250621476057;0.00061881;0.000665045;4.62349999999999e-05;0.0747159871366008;56.59642927;31.16832679;-25.42810248;-0.449288105415489;87.76475606;55.2138191516299;32.5509369083701;43.1265664506667;44.6381896093333;0.629111520732573;0.370888479267427;0.491388210789116;0.508611789210884;-0.999228624;-0.999160734;6.78899999999594e-05;-6.7942409143755e-05
"Dunker";"2";"30";5.959793602;8.234023518;0.44495693665508;5.51483666534492;2.274229916;1.137114958;3.411344874;0.572393123287896;0.056213627;0.064285296;0.008071669;0.14358918701332;0.001247185;0.001376397;0.000129212;0.103602913761791;79.03139148;32.59310757;-46.43828391;-0.587592892398356;111.62449905;63.8930956466763;47.7314034033237;58.5235497613333;53.1009492886667;0.572393123287896;0.427606876712104;0.524289472825485;0.475710527174515;-0.999133504;-0.999127301;6.20299999998242e-06;-6.20837953601686e-06
"Dunker";"2";"35";6.8148736;8.71733231;0.492448079744;6.322425520256;1.90245871;0.951229355;2.853688065;0.418744093067258;0.070372217;0.060199982;-0.010172235;-0.144549019963376;0.002531923;0.002191129;-0.000340794;-0.134598879981737;116.5371304;46.66341575;-69.87371465;-0.599583277966144;163.20054615;68.3392646856629;94.8612814643371;90.6273678333333;72.5731783166667;0.418744093067258;0.581255906932742;0.555312895522031;0.444687104477969;-0.99912856;-0.999069372;5.91880000000433e-05;-5.92396237777882e-05
"Dunker";"5";"25";8.488197109;11.56551549;0.58538446743386;7.90281264156614;3.077318381;1.5386591905;4.6159775715;0.543811307893133;0.052162307;0.097070555;0.044908248;0.860932933813683;0.001014673;0.001818115;0.000803442;0.791823572717516;78.29481002;46.94898943;-31.34582059;-0.400356301803311;125.24379945;68.1089943844097;57.1348050655903;60.8606740093333;64.3831254406667;0.543811307893133;0.456188692106867;0.485937621475866;0.514062378524134;-0.998936156;-0.998908406;2.77499999999931e-05;-2.77795531108928e-05
"Dunker";"5";"30";8.337346201;11.71149506;0.57700620800354;7.76033999299646;3.374148859;1.6870744295;5.0612232885;0.607054471108918;0.064568704;0.057122122;-0.00744658200000001;-0.115328038797248;0.00168105;0.00147341;-0.00020764;-0.123518039320663;97.46061411;51.02206125;-46.43855286;-0.476485329833717;148.48267536;90.1370719595019;58.3456034004981;76.7555270373333;71.7271483226667;0.607054471108918;0.392945528891082;0.516932543485209;0.483067456514791;-0.998968104;-0.998926279;4.18250000000508e-05;-4.18682036319058e-05
"Dunker";"5";"35";7.051942731;12.34888551;0.50561489927974;6.54632783172026;5.296942779;2.6484713895;7.9454141685;1.12669862356827;0.081803003;0.088179152;0.006376149;0.0779451703013885;0.002907918;0.003161442;0.000253524;0.0871840265096885;94.78371084;28.51574748;-66.26796336;-0.699149281798683;123.29945832;138.921329975858;-15.6218716558579;63.394458264;59.905000056;1.12669862356827;-0.126698623568275;0.514150338758763;0.485849661241237;-0.998979469;-0.999090722;-0.000111253000000033;0.000111366653121911
"Dunker";"7";"25";7.103839184;9.360847439;0.50849722827936;6.59534195572064;2.257008255;1.1285041275;3.3855123825;0.476575031445701;0.0399;0.037234817;-0.00266518299999999;-0.06679656641604;0.000532678;0.000505593;-2.70849999999999e-05;-0.0508468530707105;73.42957319;34.17263016;-39.25694303;-0.534620335166897;107.60220335;51.2805234451529;56.3216799048471;52.791231076;54.810972274;0.476575031445701;0.523424968554299;0.490614777694513;0.509385222305487;-0.998979236;-0.998947761;3.1475000000003e-05;-3.15071613760779e-05
"Dunker";"7";"30";7.725394488;9.123721333;0.54301840986352;7.18237607813648;1.398326845;0.6991634225;2.0974902675;0.271505910896598;0.040943415;0.038321355;-0.00262206;-0.0640410674097409;0.001020958;0.000905929;-0.000115029;-0.112667710131073;98.41824489;43.89633059;-54.5219143;-0.553981778083302;142.31457548;38.6392484495601;103.67532703044;74.2753316853333;68.0392437946667;0.271505910896598;0.728494089103402;0.521909519350472;0.478090480649527;-0.99900806;-0.998972762;3.52980000000169e-05;-3.53330482639118e-05
"Dunker";"7";"35";7.805593905;12.79704104;0.5474726854837;7.2581212195163;4.991447135;2.4957235675;7.4871707025;0.959205768788967;0.075117495;0.073301819;-0.001815676;-0.0241711468147334;0.002784165;0.002664132;-0.000120033;-0.0431127465505815;103.2539677;51.24912751;-52.00484019;-0.503659484942001;154.50309521;148.200260221183;6.30283498881701;82.1871463933333;72.3159488166667;0.959205768788967;0.0407942312110332;0.531944983248555;0.468055016751445;-0.999011803;-0.999045243;-3.34399999999402e-05;3.34730779951958e-05
"Nobbele";"1";"25";5.498600295;7.255998426;0.4193422603843;5.0792580346157;1.757398131;0.8786990655;2.6360971965;0.479412405898472;0.040508594;0.025977206;-0.014531388;-0.358723583445034;0.000600573;0.000386611;-0.000213962;-0.356263102070856;24.25993227;19.7253628;-4.53456947;-0.186915998756002;43.98529507;21.0870961336629;22.8981989363371;14.6605959266667;29.3246991433333;0.479412405898472;0.520587594101528;0.333306754071678;0.666693245928322;-0.999241522;-0.998999806;0.000241716000000003;-0.000241899475430328
"Nobbele";"1";"30";5.13670427;7.11948386;0.3992425551558;4.7374617148442;1.98277959;0.991389795;2.974169385;0.579003428788008;0.047975536;0.050050223;0.002074687;0.0432446862084042;0.001100034;0.00111697;1.69359999999999e-05;0.0153958877634691;49.5504272;25.90939621;-23.64103099;-0.477110538211465;75.45982341;43.6914964901276;31.7683269198724;36.6086708866667;38.8511525233333;0.579003428788008;0.420996571211992;0.485141221279551;0.514858778720449;-0.998934288;-0.998956194;-2.19060000000715e-05;2.1929370393252e-05
"Nobbele";"1";"35";4.841914895;6.169336063;0.3828699532683;4.4590449417317;1.327421168;0.663710584;1.991131752;0.411228159763019;0.061219105;0.050553969;-0.010665136;-0.174212543616899;0.002259946;0.00183405;-0.000425896;-0.188454060406753;69.16645041;32.61409042;-36.55235999;-0.528469507591144;101.78054083;41.8550245052057;59.9255163247943;54.9419208333333;46.8386199966667;0.411228159763019;0.588771840236981;0.539807711624373;0.460192288375627;-0.998924731;-0.998876119;4.86120000000589e-05;-4.86643272425487e-05
"Nobbele";"2";"25";5.021830078;6.732226223;0.39286244253212;4.62896763546788;1.710396145;0.8551980725;2.5655942175;0.51088829722446;0.019730865;0.005049568;-0.014681297;-0.744077717829401;0.00029397;7.61e-05;-0.00021787;-0.741130047283736;51.95199904;25.61184725;-26.34015179;-0.507009398612739;77.56384629;39.6264613572779;37.9373849327221;38.3176839853333;39.2461623046667;0.51088829722446;0.48911170277554;0.494014748083393;0.505985251916607;-0.998996128;-0.998970856;2.52720000000206e-05;-2.52973953468823e-05
"Nobbele";"2";"30";5.57909701;7.502288567;0.4238130479354;5.1552839620646;1.923191557;0.9615957785;2.8847873355;0.517070653248957;0.030622674;0.030510194;-0.000112479999999998;-0.00367309530186678;0.00077356;0.000740286;-3.32739999999999e-05;-0.043014116552045;61.56527539;31.88131308;-29.68396231;-0.48215430081259;93.44658847;48.3184885440693;45.1280999259307;47.42013362;46.02645485;0.517070653248957;0.482929346751043;0.507457087480767;0.492542912519233;-0.999010124;-0.998991082;1.90420000000247e-05;-1.90608678956938e-05
"Nobbele";"2";"35";5.586946573;9.518046162;0.42424901266442;5.16269756033558;3.931099589;1.9655497945;5.8966493835;1.0554332865821;0.062246643;0.064125234;0.00187859100000001;0.0301797962020218;0.002231207;0.002322625;9.14180000000002e-05;0.040972442270036;63.03005966;36.59566937;-26.43439029;-0.419393388370466;99.62572903;105.148310618271;-5.5225815882708;51.518628492;48.107100538;1.0554332865821;-0.0554332865821017;0.517121721402775;0.482878278597225;-0.999029441;-0.999058466;-2.90250000000158e-05;2.90531978426608e-05
"Nobbele";"8";"30";7.90271001;11.73206584;0.5528665139554;7.3498434960446;3.82935583;1.914677915;5.744033745;0.726843543256878;0.074238134;0.079682927;0.005444793;0.0733422663883228;0.001690983;0.001458133;-0.00023285;-0.137700970382316;89.62086537;41.44354234;-48.17732303;-0.537568152584778;131.06440771;95.2633184948006;35.8010892151995;66.3023784466667;64.7620292633333;0.726843543256878;0.273156456743121;0.505876306200313;0.494123693799687;-0.998993016;-0.998966736;2.62800000000452e-05;-2.63064902147876e-05
"Nobbele";"8";"35";8.946638233;12.76590161;0.61084628746082;8.33579194553918;3.819263377;1.9096316885;5.7288950655;0.640340529738731;0.09429347;0.083962391;-0.010331079;-0.109563037610134;0.003325328;0.002983122;-0.000342206;-0.102908946125014;114.2428374;56.83168291;-57.41115449;-0.502536139652988;171.07452031;109.545948960105;61.5285713498954;90.191978252;80.882542058;0.640340529738731;0.359659470261269;0.527208716345165;0.472791283654835;-0.998983509;-0.998923362;6.01470000000104e-05;-6.02082010945492e-05
"Riningsholm";"1";"25";11.37804722;18.01005222;0.7458867425988;10.6321604774012;6.632005;3.3160025;9.9480075;0.874315891615714;0.135063927;0.130166409;-0.00489751799999999;-0.0362607404418205;0.00176058;0.001682021;-7.85590000000002e-05;-0.0446210907769032;82.6957858;65.38687915;-17.30890665;-0.209308206972743;148.08266495;129.47102723859;18.6116377114097;68.38031738;79.70234757;0.874315891615714;0.125684108384286;0.461771250558521;0.538228749441479;-0.999092194;-0.998922624;0.000169570000000063;-0.000169724076535086
"Riningsholm";"1";"30";9.745485602;14.45174518;0.65521427033508;9.09027133166492;4.706259578;2.353129789;7.059389367;0.724375331851216;0.111684609;0.123735205;0.012050596;0.107898448209636;0.001967051;0.002114522;0.000147471;0.074970603202459;73.50374612;53.98747896;-19.51626716;-0.265513911741836;127.49122508;92.3514984754431;35.1397266045569;59.006188448;68.485036632;0.724375331851216;0.275624668148784;0.462825487879452;0.537174512120548;-0.998967905;-0.999011844;-4.39389999999928e-05;4.39843960752601e-05
"Riningsholm";"1";"35";9.14011055;14.42370157;0.621591739947;8.518518810053;5.28359102;2.64179551;7.92538653;0.867099635901012;0.121056299;0.105291192;-0.015765107;-0.13022954716301;0.005635995;0.004845142;-0.000790853;-0.140321806531056;98.15879164;67.46147982;-30.69731182;-0.312731150283341;165.62027146;143.609277080793;22.0109943792071;86.0398861733333;79.5803852866667;0.867099635901012;0.132900364098988;0.519500936780637;0.480499063219363;-0.999064738;-0.998982053;8.26849999999713e-05;-8.27624045319586e-05
"Riningsholm";"5";"25";7.044591869;11.64831836;0.50520663240426;6.53938523659574;4.603726491;2.3018632455;6.9055897365;0.980268249022107;0.041430422;0.041619114;0.000188691999999997;0.00455443104103543;0.000547867;0.000550857;2.99000000000002e-06;0.00545752892581598;53.12757863;38.38286129;-14.74471734;-0.277534149310429;91.51043992;89.7047787076211;1.80566121237891;42.2213816293333;49.2890582906667;0.980268249022107;0.0197317509778933;0.461383222135573;0.538616777864427;-0.999069959;-0.998984871;8.50879999999554e-05;-8.51672089961774e-05
"Riningsholm";"5";"30";7.240375059;9.98554664;0.51608043077686;6.72429462822314;2.745171581;1.3725857905;4.1177573715;0.568721556265446;0.066282775;0.062095942;-0.004186833;-0.0631662298387477;0.001281855;0.001238848;-4.30069999999999e-05;-0.0335505965963388;68.44328079;46.40499652;-22.03828427;-0.321993393882135;114.84827731;65.3166910061487;49.5315863038513;57.2578513826667;57.5904259273333;0.568721556265446;0.431278443734554;0.498552113481994;0.501447886518006;-0.998692336;-0.998691885;4.51000000012414e-07;-4.51590528689522e-07
"Riningsholm";"5";"35";7.202865511;9.707623062;0.51399715048094;6.68886836051906;2.504757551;1.2523787755;3.7571363265;0.52161689271613;0.084143329;0.068355048;-0.015788281;-0.187635564074248;0.0025645;0.002308147;-0.000256353;-0.0999621758627413;65.28005741;45.81627048;-19.46378693;-0.298158238552934;111.09632789;57.9497213461541;53.1466065438459;54.8565772306667;56.2397506593333;0.52161689271613;0.47838310728387;0.493774891326578;0.506225108673422;-0.999091123;-0.999002799;8.83240000000285e-05;-8.8404348679243e-05
"Riningsholm";"6";"25";7.664713557;10.51085498;0.53964819095578;7.12506536604422;2.846141423;1.4230707115;4.2692121345;0.556995653229732;0.082068792;0.091994401;0.009925609;0.120942550244921;0.00110442;0.001228519;0.000124099;0.112365766646747;52.58981647;30.80765617;-21.7821603;-0.414189699871375;83.39747264;46.4520297508255;36.9454428891745;35.1590789413333;48.2383936986667;0.556995653229732;0.443004346770268;0.421584465672044;0.578415534327956;-0.999297548;-0.999307722;-1.01739999999184e-05;1.01811517703418e-05
"Riningsholm";"6";"30";8.324147417;12.83566759;0.57627314754018;7.74787426945982;4.511520173;2.2557600865;6.7672802595;0.812969775821066;0.077637107;0.076396293;-0.00124081399999999;-0.0159822287041169;0.001489504;0.001498642;9.1379999999999e-06;0.00613492813715163;75.55551897;47.73784496;-27.81767401;-0.368175275469225;123.29336393;100.233778434397;23.0595854956028;59.997849508;63.295514422;0.812969775821066;0.187030224178934;0.486626754235239;0.513373245764761;-0.999089411;-0.999019716;6.96950000000918e-05;-6.97585213422823e-05
"Riningsholm";"6";"35";6.448096055;10.14414924;0.4720772548947;5.9760188001053;3.696053185;1.8480265925;5.5440797775;0.859801052932671;0.0634685;0.061941991;-0.001526509;-0.0240514428417246;0.002152038;0.002065962;-8.6076e-05;-0.0399974349895309;75.78268817;44.43581348;-31.34687469;-0.41364163039032;120.21850165;103.363994300658;16.8545073493419;62.9507449533333;57.2677566966667;0.859801052932671;0.140198947067329;0.523636080048693;0.476363919951307;-0.999140001;-0.999152311;-1.23100000000154e-05;1.23205956999968e-05
"Riningsholm";"7";"25";11.27519562;15.48393141;0.7401743647348;10.5350212552652;4.20873579;2.104367895;6.313103685;0.559910789822731;0.093796766;0.130959271;0.037162505;0.396202412778283;0.001267562;0.001754081;0.000486519;0.383822645361726;91.56886941;62.63959642;-28.92927299;-0.315929127184798;154.20846583;86.342983900227;67.865481929773;72.7384555666667;81.4700102633333;0.559910789822731;0.440089210177269;0.471689120147618;0.528310879852382;-0.998879375;-0.998857463;2.19120000000128e-05;-2.19365826829819e-05
"Riningsholm";"7";"30";8.498360533;12.24917358;0.58594894400282;7.91241158899718;3.750813047;1.8754065235;5.6262195705;0.662035877232181;0.111740004;0.096374888;-0.015365116;-0.137507745211822;0.002234741;0.001993409;-0.000241332;-0.107991037887612;73.37220676;52.41404786;-20.9581589;-0.285641659498589;125.78625462;83.2750134211022;42.5112411988978;61.1952083253333;64.5910462946667;0.662035877232181;0.337964122767819;0.486501553847866;0.513498446152134;-0.99906904;-0.998982254;8.67860000000054e-05;-8.68668695809104e-05
"Riningsholm";"7";"35";6.232283519;10.04489544;0.46009102664526;5.77219249235474;3.812611921;1.9063059605;5.7189178815;0.917628003293667;0.084429231;0.086315233;0.00188600200000001;0.02233825865357;0.002801683;0.002881775;8.00919999999999e-05;0.0285871028235528;95.49018234;50.73849866;-44.75168368;-0.468652196313316;146.228681;134.183532570297;12.0451484297034;80.866364616;65.362316384;0.917628003293667;0.0823719967063329;0.553013020858747;0.446986979141253;-0.99875144;-0.998795279;-4.38389999999345e-05;4.38938040479165e-05
"Riningsholm";"8";"25";11.71152613;16.47197749;0.7644081612602;10.9471179687398;4.76045136;2.38022568;7.14067704;0.609713624060368;0.130799035;0.122895291;-0.007903744;-0.0604266231780686;0.00172402;0.001645157;-7.8863e-05;-0.0457436688669505;80.6430028;62.31910686;-18.32389594;-0.227222391326926;142.96210966;87.1659459841144;55.7961636758856;64.07733676;78.8847729;0.609713624060368;0.390286375939632;0.448212025636668;0.551787974363332;-0.99919796;-0.999154649;4.33110000001014e-05;-4.3345765037492e-05
"Riningsholm";"8";"35";8.214049139;10.23829226;0.57015828918006;7.64389084981994;2.024243121;1.0121215605;3.0363646815;0.369655042247489;0.094554471;0.081731993;-0.012822478;-0.135609430885611;0.003143686;0.002821904;-0.000321782;-0.102358187172637;120.7624769;68.77775307;-51.98472383;-0.430470831374609;189.54022997;70.0645017171592;119.475728252841;104.456022276;85.084207694;0.369655042247489;0.630344957752511;0.551102118492381;0.448897881507619;-0.998869813;-0.998816652;5.31609999999683e-05;-5.32211498516557e-05
"Skelleftea";"6";"25";5.93718613;8.004751204;0.4437013176602;5.4934848123398;2.067565074;1.033782537;3.101347611;0.522359842371996;0.074264218;0.032336802;-0.041927416;-0.564570894693862;0.001094426;0.000477878;-0.000616548;-0.563352844322046;45.00223075;20.7555586;-24.24667215;-0.538788227736911;65.75778935;34.3492284795969;31.4085608704031;28.0060298866667;37.7517594633333;0.522359842371996;0.477640157628004;0.425896766960988;0.574103233039012;-0.999208232;-0.999231405;-2.31729999999875e-05;2.31913621784368e-05
"Skelleftea";"6";"30";6.37783698;9.485362756;0.4681750658692;5.9096619141308;3.107525776;1.553762888;4.661288664;0.730857291996824;0.075592387;0.079640545;0.004048158;0.0535524562810802;0.001809985;0.001860096;5.0111e-05;0.0276858647999845;55.88336889;38.78209859;-17.1012703;-0.306017168250216;94.66546748;69.1869472080462;25.4785202719538;46.1027463733333;48.5627211066667;0.730857291996824;0.269142708003176;0.487007011115996;0.512992988884004;-0.999014086;-0.998980196;3.38899999999809e-05;-3.39234455999261e-05
"Skelleftea";"6";"35";5.550428226;7.946384049;0.42222078367204;5.12820744232796;2.395955823;1.1979779115;3.5939337345;0.64750566770053;0.100962216;0.091922768;-0.00903944799999999;-0.0895329793474421;0.003054833;0.002882513;-0.00017232;-0.0564089755479267;71.60423639;12.61769606;-58.98654033;-0.823785620849632;84.22193245;54.5341786060662;29.6877538439338;41.3468130306667;42.8751194193333;0.64750566770053;0.35249433229947;0.490926909747802;0.509073090252197;-0.998947139;-0.999180839;-0.000233700000000003;0.000233946312949001
"Skelleftea";"7";"25";3.539143649;4.740938348;0.31051403826546;3.22862961073454;1.201794699;0.6008973495;1.8026920485;0.509358259309242;0.022489686;0.014093577;-0.008396109;-0.373331535175725;0.000337897;0.000211968;-0.000125929;-0.372684575477142;23.35252747;16.6096789;-6.74284857;-0.288741703811814;39.96220637;20.3550798747799;19.6071264952201;17.203754516;22.758451854;0.509358259309242;0.490641740690758;0.430500617426244;0.569499382573756;-0.999086031;-0.999050536;3.54949999999965e-05;-3.55274710071454e-05
"Skelleftea";"7";"30";3.676140972;4.917816823;0.31812286958488;3.35801810241512;1.241675851;0.6208379255;1.8625137765;0.506649171151536;0.04734246;0.022685919;-0.024656541;-0.520812416591787;0.000990076;0.000513625;-0.000476451;-0.481226693708362;39.87664767;17.71883463;-22.15781304;-0.555658871411846;57.5954823;29.1807033693679;28.4147789306321;28.593945608;29.001536692;0.506649171151536;0.493350828848465;0.496461605426994;0.503538394573006;-0.999001289;-0.999033153;-3.18639999999926e-05;3.18958547409768e-05
"Skelleftea";"8";"25";9.375392548;13.17277097;0.63465930211592;8.74073324588408;3.797378422;1.898689211;5.696067633;0.607555108102125;0.113781766;0.105493688;-0.008288078;-0.0728418822397255;0.001501831;0.001412212;-8.9619e-05;-0.059673158963958;55.22952388;40.54601219;-14.68351169;-0.265863448721804;95.77553607;58.1889161705478;37.5866198994522;38.8493105853333;56.9262254846667;0.607555108102125;0.392444891897875;0.40562874591419;0.59437125408581;-0.999265611;-0.999227121;3.84900000000021e-05;-3.85182874065724e-05
"Skelleftea";"8";"30";9.498328781;13.47212777;0.64148718049674;8.85684160050326;3.973798989;1.9868994945;5.9606984835;0.627552343252583;0.144589995;0.130207187;-0.014382808;-0.0994730513684574;0.002857785;0.002557349;-0.000300436;-0.105128972263484;73.87129014;50.11894687;-23.75234327;-0.3215368680442;123.99023701;77.8103637760686;46.1798732339314;57.3312812573333;66.6589557526667;0.627552343252583;0.372447656747417;0.462385447756741;0.537614552243259;-0.999089843;-0.999100207;-1.03639999999849e-05;1.03734414603442e-05
"Skelleftea";"8";"35";4.443402931;6.979932177;0.36073659878774;4.08266633221226;2.536529246;1.268264623;3.804793869;0.856279281461365;0.092553772;0.079519875;-0.013033897;-0.140825130282102;0.002862078;0.002453751;-0.000408327;-0.142668019529866;64.34230659;40.16188912;-24.18041747;-0.375808993359248;104.50419571;89.4847776122566;15.0194180977434;57.820389324;46.683806386;0.856279281461365;0.143720718538635;0.553282946499603;0.446717053500397;-0.998748739;-0.998715993;3.27460000000279e-05;-3.27870251258739e-05
"Uppsala";"1";"25";13.56321493;18.78184082;0.8672509572122;12.6959639727878;5.21862589;2.609312945;7.827938835;0.577144790184343;0.131524748;0.118428409;-0.013096339;-0.0995731921113432;0.001754218;0.001577357;-0.000176861;-0.100820422547255;91.21270169;72.46972394;-18.74297775;-0.205486488205347;163.68242563;94.4684591970907;69.2139664329093;72.95304394;90.72938169;0.577144790184343;0.422855209815657;0.445698697702028;0.554301302297972;-0.999018782;-0.998946749;7.20330000000269e-05;-7.21037494969007e-05
"Uppsala";"1";"30";11.329749;16.1396095;0.74320425946;10.58654474054;4.8098605;2.40493025;7.21479075;0.636800581372103;0.112922033;0.132016254;0.019094221;0.169092076123001;0.001914844;0.002203806;0.000288962;0.150906287927372;96.42197389;56.31258494;-40.10938895;-0.415977679483699;152.73455883;97.2614558585556;55.4731029714444;71.61037522;81.12418361;0.636800581372103;0.363199418627897;0.468855089303694;0.531144910696306;-0.998996895;-0.998960464;3.64309999999479e-05;-3.64675808125989e-05
"Uppsala";"1";"35";13.5781691;17.35766972;0.868081511814;12.710087588186;3.77950062;1.88975031;5.66925093;0.417526905744604;0.140350141;0.120955138;-0.019395003;-0.138190121234007;0.003870262;0.0033674;-0.000502862;-0.129929705017386;134.9371024;73.80175358;-61.13534882;-0.453065522622338;208.73885598;87.154088645998;121.584767334002;102.950786386667;105.788069593333;0.417526905744604;0.582473094255396;0.49320374926521;0.50679625073479;-0.999009633;-0.998811896;0.000197737000000031;-0.000197933026337526
"Uppsala";"10";"30";13.80975743;19.46538606;0.8809439276622;12.9288135023378;5.65562863;2.827814315;8.483442945;0.614307889765736;0.149662746;0.141103971;-0.00855877500000002;-0.0571870771367513;0.003174403;0.002978932;-0.000195471;-0.0615772477533571;116.5927346;68.85964749;-47.73308711;-0.409400184958009;185.45238209;113.924861493737;71.527520596263;86.80890158;98.64348051;0.614307889765736;0.385692110234264;0.46809267479709;0.53190732520291;-0.9989889;-0.998954892;3.40079999999743e-05;-3.40424202911306e-05
"Uppsala";"10";"35";14.78266908;20.62325573;0.9349794407032;13.8476896392968;5.84058665;2.920293325;8.760879975;0.592645342163068;0.160945634;0.140252818;-0.020692816;-0.12857022266289;0.004466981;0.003857891;-0.00060909;-0.13635383718892;138.1710962;95.57944608;-42.59165012;-0.308252965282619;233.75054228;138.531170110333;95.2193721696668;116.413243973333;117.337298306667;0.592645342163068;0.407354657836932;0.498023417776232;0.501976582223768;-0.999029673;-0.9988684;0.000161273000000017;-0.000161429639537861
"Uppsala";"2";"25";14.78396321;20.32322171;0.9350513166834;13.8489118933166;5.5392585;2.76962925;8.30888775;0.562020321071943;0.134705172;0.141235195;0.006530023;0.0484764089087834;0.002237659;0.002363098;0.000125439;0.0560581393322218;117.0176806;70.42717465;-46.59050595;-0.398149285741355;187.44485525;105.347817730889;82.0970375191111;85.53933494;101.90552031;0.562020321071943;0.437979678928057;0.456343999550769;0.543656000449231;-0.998984713;-0.998945888;3.88250000000756e-05;-3.88644585796335e-05
"Uppsala";"2";"30";12.59625042;18.42993866;0.8135457483268;11.7827046716732;5.83368824;2.91684412;8.75053236;0.694693426077504;0.133515953;0.119394847;-0.014121106;-0.105763436373779;0.002876269;0.002594305;-0.000281964;-0.0980311646789643;95.78141732;70.10444973;-25.67696759;-0.268078801801552;165.88586705;115.239821318802;50.6460457311981;77.0005769133333;88.8852901366667;0.694693426077504;0.305306573922496;0.464178041702157;0.535821958297843;-0.999170385;-0.999076448;9.39370000000439e-05;-9.40149962511588e-05
"Uppsala";"2";"35";11.13728932;16.25146127;0.7325150488328;10.4047742711672;5.11417195;2.557085975;7.671257925;0.688790396351129;0.108695126;0.109504218;0.000809091999999997;0.0074436824333779;0.003187598;0.003097071;-9.0527e-05;-0.0283997542977502;130.692258;68.88360639;-61.80865161;-0.472932770126292;199.57586439;137.465938735307;62.1099256546927;103.351138073333;96.2247263166667;0.688790396351129;0.311209603648871;0.517853891748004;0.482146108251996;-0.998958066;-0.998889645;6.84210000000407e-05;-6.8492364523378e-05
"Uppsala";"3";"25";6.69864798;9.836865452;0.4859929088092;6.2126550711908;3.138217472;1.569108736;4.707326208;0.702727807470187;0.048270861;0.044179365;-0.004091496;-0.0847611978580618;0.000818552;0.000753719;-6.48329999999999e-05;-0.0792044976983746;55.51160242;40.70587623;-14.80572619;-0.266714083985184;96.21747865;67.6146978120241;28.6027808379759;46.2819244866667;49.9355541633333;0.702727807470187;0.297272192529813;0.481013690402567;0.518986309597433;-0.99910143;-0.998991769;0.000109660999999983;-0.000109759626707754
"Uppsala";"3";"30";4.409552979;6.089699194;0.35885657245366;4.05069640654634;1.680146215;0.8400731075;2.5202193225;0.571536238367531;0.05028481;0.069063769;0.018778959;0.373451923155323;0.001122925;0.001537247;0.000414322;0.368966760914576;61.37523936;25.50386791;-35.87137145;-0.584459984580987;86.87910727;49.654558161825;37.224549108175;46.1605969026667;40.7185103673333;0.571536238367531;0.428463761632469;0.531319880615374;0.468680119384626;-0.998907021;-0.998963765;-5.67439999999975e-05;5.68060878611018e-05
"Uppsala";"3";"35";3.969371734;5.567962451;0.33440890610636;3.63496282789364;1.598590717;0.7992953585;2.3978860755;0.604097130777825;0.047011748;0.032523185;-0.014488563;-0.308190263420964;0.001368982;0.000948499;-0.000420483;-0.307150130534952;80.94623074;33.18910532;-47.75712542;-0.589985784185508;114.13533606;68.9488290342088;45.1865070257912;65.5052327493333;48.6301033106667;0.604097130777825;0.395902869222175;0.573925963777754;0.426074036222246;-0.998887088;-0.99884518;4.19080000000349e-05;-4.19546918800846e-05
"Uppsala";"8";"25";9.648900505;13.47243;0.6498499340477;8.9990505709523;3.823529495;1.9117647475;5.7352942425;0.59439873377573;0.095606044;0.094713143;-0.000892901000000001;-0.00933937816734684;0.001584805;0.001570499;-1.4306e-05;-0.009026978082477;59.01314546;45.870062;-13.14308346;-0.222714504667584;104.88320746;62.3424457085612;42.5407617514388;44.19173696;60.6914705;0.59439873377573;0.40560126622427;0.421342348600978;0.578657651399022;-0.999108343;-0.999080431;2.79119999999633e-05;-2.79369101414493e-05
"Uppsala";"8";"30";8.614063712;12.16927888;0.59237509856448;8.02168861343552;3.555215168;1.777607584;5.332822752;0.619083272459548;0.090678191;0.085929884;-0.00474830700000001;-0.0523643772293605;0.001988676;0.001863762;-0.000124914;-0.062812645197106;71.56157562;46.37676506;-25.18481056;-0.351932029749235;117.93834068;73.0136538966234;44.9246867833766;55.654723888;62.283616792;0.619083272459548;0.380916727540452;0.471896785787473;0.528103214212527;-0.999084492;-0.999082852;1.64000000002495e-06;-1.6415028089786e-06
"Uppsala";"8";"35";9.73929632;14.0426131;0.6548705176128;9.0844258023872;4.30331678;2.15165839;6.45497517;0.662776340087782;0.103955353;0.098505804;-0.005449549;-0.0524220142853057;0.002912421;0.002818985;-9.34360000000001e-05;-0.0320819002472514;92.24177794;61.33770006;-30.90407788;-0.335033415120229;153.579478;101.788844341432;51.790633658568;76.4148618133333;77.1646161866667;0.662776340087782;0.337223659912218;0.497559067190822;0.502440932809178;-0.999063966;-0.998976432;8.75340000000557e-05;-8.76160115658257e-05
"Ystad";"1";"25";10.74261485;15.08274389;0.710594828769;10.032020021231;4.34012904;2.17006452;6.51019356;0.60601572809808;0.064341623;0.066140651;0.00179902799999999;0.0279605629469433;0.000869966;0.000887008;1.7042e-05;0.0195892713048556;109.5274851;55.62920985;-53.89827525;-0.49209817244311;165.15669495;100.087554740397;65.0691402096032;81.4574903666667;83.6992045833333;0.60601572809808;0.39398427190192;0.493213371648829;0.506786628351171;-0.998957764;-0.998871775;8.59890000000085e-05;-8.60787143349221e-05
"Ystad";"1";"30";5.899820132;7.873889114;0.44162601013128;5.45819412186872;1.974068982;0.987034491;2.961103473;0.501897245466737;0.074092107;0.057453891;-0.016638216;-0.22456124779931;0.001320188;0.001027092;-0.000293096;-0.22201080452178;73.25948329;32.28221318;-40.97727011;-0.559344241451856;105.54169647;52.9710867401794;52.5706097298206;54.6282772946667;50.9134191753333;0.501897245466737;0.498102754533263;0.517599007044525;0.482400992955475;-0.999128789;-0.999123813;4.97600000004539e-06;-4.98033892610154e-06
"Ystad";"1";"35";5.872688632;7.745527814;0.44011912662128;5.43256950537872;1.872839182;0.936419591;2.809258773;0.478359904472456;0.082205666;0.062417883;-0.019787783;-0.240710695051117;0.00270076;0.001830324;-0.000870436;-0.322292984197041;52.87440708;37.76075745;-15.11364963;-0.28584055055469;90.63516453;43.3562286464162;47.2789358835838;44.7629400013333;45.8722245286667;0.478359904472456;0.521640095527544;0.493880495869977;0.506119504130023;-0.999231932;-0.999060464;0.000171468000000008;-0.000171599800315437
"Ystad";"2";"25";9.098986639;11.90744719;0.61930771793006;8.47967892106994;2.808460551;1.4042302755;4.2126908265;0.462984615060715;0.091539722;0.056704536;-0.034835186;-0.380547212061667;0.001251534;0.000782699;-0.000468835;-0.374608280717903;77.03139631;45.14287227;-31.88852404;-0.413967882805473;122.17426858;56.5648067088357;65.6094618711643;57.185548016;64.988720564;0.462984615060715;0.537015384939285;0.468065401009991;0.531934598990009;-0.998829583;-0.998856795;-2.72119999999987e-05;2.7243886708148e-05
"Ystad";"2";"30";5.066194521;6.978576833;0.39532644369634;4.67086807730366;1.912382312;0.956191156;2.868573468;0.566218580062295;0.063733696;0.051292314;-0.012441382;-0.195208857807336;0.001257818;0.001030796;-0.000227022;-0.180488751154777;68.08581154;33.11597625;-34.96983529;-0.513614136323475;101.20178779;57.3023325822195;43.8994552077805;53.9580064706667;47.2437813193333;0.566218580062295;0.433781419937705;0.533172463144948;0.466827536855052;-0.998712068;-0.998640768;7.12999999999964e-05;-7.13919479743348e-05
"Ystad";"2";"35";3.437245959;5.628721236;0.30485464056286;3.13239131843714;2.191475277;1.0957376385;3.2872129155;0.956350797909251;0.041779981;0.040826469;-0.000953512000000004;-0.0228222219631934;0.001300849;0.001301178;3.29000000000084e-07;0.00025291175224802;58.33383036;23.22752236;-35.106308;-0.601817295098672;81.56135272;78.0012647523299;3.56008796767013;45.2082459226667;36.3531067973333;0.956350797909251;0.0436492020907488;0.554285141369179;0.445714858630821;-0.99893434;-0.998987094;-5.27539999999327e-05;5.28102778005736e-05
"Ystad";"4";"25";6.628032367;9.468418898;0.48207091766318;6.14596144933682;2.840386531;1.4201932655;4.2605797965;0.64281215911268;0.066983719;0.052936636;-0.014047083;-0.209708914490102;0.000921785;0.000738155;-0.00018363;-0.199211312833253;63.9499818;38.603067;-25.3469148;-0.396355309048735;102.5530488;65.9223467227161;36.6307020772839;50.6939462213333;51.8591025786667;0.64281215911268;0.35718784088732;0.494319250519769;0.505680749480231;-0.9989958;-0.998944501;5.12990000000046e-05;-5.13505662386215e-05
"Ystad";"4";"30";7.5966794;10.37868504;0.535869573876;7.060809826124;2.78200564;1.39100282;4.17300846;0.549320070029545;0.067248512;0.059395491;-0.00785302099999999;-0.116776130303076;0.001191438;0.001039701;-0.000151737;-0.127356186389892;86.44624831;42.40146245;-44.04478586;-0.509504885649328;128.84771076;70.7786334978297;58.0690772621703;65.6406621066667;63.2070486533333;0.549320070029545;0.450679929970455;0.509443758988727;0.490556241011273;-0.9989125;-0.998897895;1.46049999999454e-05;-1.46209002289443e-05
"Ystad";"4";"35";5.984118157;8.818602381;0.44630792243978;5.53781023456022;2.834484224;1.417242112;4.251726336;0.710501735502413;0.071497951;0.059477914;-0.012020037;-0.168117223387283;0.002254763;0.001795826;-0.000458937;-0.203541126051829;78.813377;45.32615728;-33.48721972;-0.424892587967649;124.13953428;88.2013545504012;35.9381797295988;66.8020411013333;57.3374931786667;0.710501735502413;0.289498264497587;0.538120603470765;0.461879396529235;-0.999024727;-0.998978044;4.66829999999918e-05;-4.67285731156801e-05
"Ystad";"5";"25";9.129632163;12.40468797;0.62100977033302;8.50862239266698;3.275055807;1.6375279035;4.9125837105;0.538092184087045;0.057634692;0.052012225;-0.005622467;-0.0975535186342281;0.00080037;0.000728353;-7.2017e-05;-0.0899796344190811;86.83024861;52.00590301;-34.8243456;-0.401062373510115;138.83615162;74.7066480554459;64.1295035645541;68.2117486453333;70.6244029746667;0.538092184087045;0.461907815912955;0.491311145183796;0.508688854816204;-0.999155778;-0.999131277;2.45009999999546e-05;-2.45217017600579e-05
"Ystad";"5";"30";8.531221051;12.70412777;0.58777401717254;7.94344703382746;4.172906719;2.0864533595;6.2593600785;0.733700374317027;0.066847616;0.06405897;-0.00278864599999999;-0.0417164615115069;0.001337427;0.001271937;-6.54900000000001e-05;-0.0489671585813656;88.40165321;56.32272485;-32.07892836;-0.362877018643484;144.72437806;106.184330355421;38.5400477045791;73.732995904;70.991382156;0.733700374317027;0.266299625682973;0.509471844981304;0.490528155018696;-0.99915462;-0.99911662;3.79999999999825e-05;-3.80321516203193e-05
"Ystad";"5";"35";4.469986451;6.948625026;0.36221304748854;4.10777340351146;2.478638575;1.2393192875;3.7179578625;0.831760432219709;0.051574984;0.047309264;-0.00426572;-0.0827090901278806;0.001573536;0.001426504;-0.000147032;-0.0934405059687226;68.88332545;35.78986673;-33.09345872;-0.480427716051853;104.67319218;87.0630195694534;17.6101726105466;57.8621642506667;46.8110279293333;0.831760432219709;0.168239567780291;0.552788761339816;0.447211238660184;-0.9992332;-0.999245529;-1.23289999999221e-05;1.23384611319181e-05
"Ystad";"7";"25";5.828593892;7.634644302;0.43767010476168;5.39092378723832;1.80605041;0.903025205;2.709075615;0.464790593614409;0.064181211;0.06324935;-0.000931861000000006;-0.0145192180932829;0.000897177;0.000887633;-9.544e-06;-0.0106378117138536;131.8940993;50.22914153;-81.66495777;-0.619170669525168;182.12324083;84.6491692163557;97.4740716136443;105.872576841333;76.2506639886667;0.464790593614409;0.535209406385591;0.581323813253238;0.418676186746762;-0.998963279;-0.998920004;4.32750000000093e-05;-4.33199106611098e-05
