sp,ecotype,treeid,tleaf,anet.21p,anet.0p,Rd,corranet,anet.delta,pr.CO2,pr,pr.percent,gsw.21p,gsw.0p,gsw.delta,gsw.percent,E.21p,E.0p,E.delta,E.percent,ETR.21p,ETR.0p,ETR.delta,ETR.percent,JT,JO1,JC1,JO2,JC2,JO1.percent,JC1.percent,JO2.percent,JC2.percent
#,,#,#,,,Calculated,anet.21p - Rd_calc,anet.0p - anet.21p (A),CO2 release correction (B),A+B,pr/anet.21p,C,D,D - C,D-C/C,E,F,F-E,F-E/E,G,H,H-G,H-G/G,,,,,,,,,
Acer platanoides,NA,1,25,4.548229394,6.830798378,0.366558661,4.181670733,2.282568984,1.141284492,3.423853476,0.752788213,0.030415138,0.045668858,0.01525372,0.501517369,0.000407591,0.000616977,0.000209386,0.513715955,41.76348469,18.8021544,-22.96133029,-0.549794407,60.56563909,45.5930992,14.97253989,28.24848101,32.31715808,0.752788213,0.247211787,0.466411012,0.533588988
Acer platanoides,NA,1,30,10.42569738,14.06804817,0.692993232,9.732704148,3.64235079,1.821175395,5.463526185,0.524044194,0.163419743,0.12324839,-0.040171353,-0.245817012,0.003624564,0.002790567,-0.000833997,-0.230095813,59.587367,47.07855936,-12.50880764,-0.209923819,106.6659264,55.89765945,50.76826691,43.30875789,63.35716847,0.524044194,0.475955806,0.406022423,0.593977577
Acer platanoides,NA,1,35,10.02979729,15.79742466,0.671004941,9.358792349,5.76762737,2.883813685,8.651441055,0.862573869,0.124532211,0.132293131,0.00776092,0.062320583,0.003515803,0.003830112,0.000314309,0.089398923,79.94928635,49.31898561,-30.63030074,-0.383121628,129.268272,111.5034335,17.76483846,59.43272187,69.83555009,0.862573869,0.137426131,0.459762639,0.540237361
Acer platanoides,NA,2,30,9.42240983,11.68267727,0.637270642,8.785139188,2.26026744,1.13013372,3.39040116,0.359823147,0.182659012,0.119748477,-0.062910535,-0.344415172,0.003872403,0.002645545,-0.001226858,-0.316820847,34.3184495,30.37773379,-3.94071571,-0.114827906,64.69618329,23.27918429,41.416999,18.00436265,46.69182064,0.359823147,0.640176853,0.278290955,0.721709045
Acer platanoides,NA,2,35,4.348076438,9.221238328,0.355442165,3.992634273,4.87316189,2.436580945,7.309742835,1.681144051,0.073602448,0.091909783,0.018307335,0.248732692,0.002180884,0.002637027,0.000456143,0.209155095,40.5757486,17.51759257,-23.05815603,-0.568274322,58.09334117,97.66327488,-39.56993371,27.13402361,30.95931756,1.681144051,-0.681144051,0.467076313,0.532923687
Acer platanoides,NA,3,30,7.483388816,12.20624096,0.529577415,6.953811401,4.722852144,2.361426072,7.084278216,0.94666713,0.095568433,0.132108682,0.036540249,0.382346428,0.002127634,0.002968374,0.00084074,0.39515255,48.49470716,27.97166643,-20.52304073,-0.423201663,76.46637359,72.38820246,4.078171133,31.02187888,45.44449471,0.94666713,0.05333287,0.405693083,0.594306917
Acer platanoides,NA,4,25,7.641752092,9.385743149,0.538372911,7.103379181,1.743991057,0.871995529,2.615986586,0.342328115,0.060876178,0.098220784,0.037344606,0.613451883,0.000811307,0.001295769,0.000484462,0.597137705,43.84683566,30.56214726,-13.2846884,-0.30297941,74.40898292,25.47228683,48.93669609,29.22798303,45.18099989,0.342328115,0.657671885,0.392801808,0.607198192
Acer platanoides,NA,4,30,11.75780806,15.94409491,0.76697866,10.9908294,4.18628685,2.093143425,6.279430275,0.534064703,0.171886788,0.198171923,0.026285135,0.152921206,0.003720951,0.004337595,0.000616644,0.16572215,72.81464708,56.06034981,-16.75429727,-0.230095152,128.8749969,68.827587,60.04740989,54.56250977,74.31248712,0.534064703,0.465935297,0.42337545,0.57662455
Acer platanoides,NA,4,35,14.23522548,19.64561599,0.904574423,13.33065106,5.41039051,2.705195255,8.115585765,0.570105881,0.221644356,0.186486955,-0.035157401,-0.158620782,0.006240397,0.005268359,-0.000972038,-0.15576541,100.7664443,67.24775985,-33.51868445,-0.332637364,168.0142042,95.7858859,72.22831825,74.04886815,93.965336,0.570105881,0.429894119,0.440729809,0.559270191
Acer platanoides,NA,5,25,11.12565617,13.02732127,0.731868944,10.39378723,1.9016651,0.95083255,2.85249765,0.256389161,0.167110706,0.153903667,-0.013207039,-0.079031675,0.002153281,0.002021408,-0.000131873,-0.06124282,43.16753823,46.20354464,3.03600641,0.070330775,89.37108287,22.91377695,66.45730592,29.91230546,59.45877741,0.256389161,0.743610839,0.334697807,0.665302193
Acer platanoides,NA,5,30,11.19484057,15.82135265,0.735711445,10.45912912,4.62651208,2.31325604,6.93976812,0.619907722,0.141080521,0.119938157,-0.021142364,-0.149860263,0.002801635,0.002413485,-0.00038815,-0.1385441,62.80696165,48.49585652,-14.31110513,-0.227858581,111.3028182,68.9974765,42.30534167,44.34897059,66.95384758,0.619907722,0.380092278,0.398453259,0.601546741
Acer platanoides,NA,5,35,8.559844326,14.3794754,0.589363754,7.970480572,5.819631074,2.909815537,8.729446611,1.019813711,0.096887189,0.108201971,0.011314782,0.116783056,0.002724352,0.003074059,0.000349707,0.128363369,57.02255479,38.88966392,-18.13289087,-0.317995062,95.91221871,97.81259573,-1.90037702,41.1152276,54.79699111,1.019813711,-0.019813711,0.428675597,0.571324403
Acer platanoides,NA,6,25,12.49737842,15.63803653,0.808054397,11.68932402,3.14065811,1.570329055,4.710987165,0.376958031,0.213275837,0.162148702,-0.051127135,-0.239723054,0.002692316,0.002124318,-0.000567998,-0.210970035,46.02980063,49.82158598,3.79178535,0.082376749,95.85138661,36.13194999,59.71943662,30.57458195,65.27680466,0.376958031,0.623041969,0.318979026,0.681020974
Acer platanoides,NA,6,30,13.80940639,17.34294153,0.880924431,12.92848196,3.53353514,1.76676757,5.30030271,0.383818287,0.231187806,0.176254075,-0.054933731,-0.237615175,0.004786702,0.003710485,-0.001076217,-0.224834761,83.11174248,54.3817139,-28.73002858,-0.345679536,137.4934564,52.77250295,84.72095343,54.83722055,82.65623583,0.383818287,0.616181713,0.39883513,0.60116487
Acer platanoides,NA,6,35,7.233456329,9.460146401,0.515696165,6.717760164,2.226690072,1.113345036,3.340035108,0.461748154,0.074223072,0.049145995,-0.025077077,-0.337860942,0.002252496,0.00148963,-0.000762866,-0.338675851,61.66608103,34.67219855,-26.99388248,-0.437742792,96.33827958,44.48402277,51.85425681,44.93630284,51.40197674,0.461748154,0.538251846,0.466442862,0.533557138
Acer platanoides,NA,7,30,5.242007173,8.310019382,0.405091078,4.836916095,3.068012209,1.534006105,4.602018314,0.877911487,0.070758062,0.099293287,0.028535225,0.403278781,0.001603679,0.002188551,0.000584872,0.364706403,48.59089258,22.9818681,-25.60902448,-0.527033424,71.57276068,62.83454878,8.738211904,33.73648799,37.83627269,0.877911487,0.122088513,0.471359323,0.528640677
Acer platanoides,NA,7,35,8.113982315,10.62757671,0.564600578,7.549381737,2.513594395,1.256797198,3.770391593,0.46467831,0.099869929,0.079011494,-0.020858435,-0.208856011,0.002874286,0.00225175,-0.000622536,-0.21658805,58.21884222,39.63487473,-18.58396749,-0.319208812,97.85371695,45.47049986,52.38321709,43.59852513,54.25519182,0.46467831,0.53532169,0.445547972,0.554452028
Acer platanoides,NA,8,25,7.755144631,8.656393424,0.544670733,7.210473898,0.901248793,0.450624396,1.35187319,0.174319533,0.097168694,0.107989219,0.010820525,0.11135814,0.001307996,0.001473529,0.000165533,0.126554668,38.18685711,35.82056509,-2.36629202,-0.061966137,74.0074222,12.90093927,61.10648293,28.65789578,45.34952642,0.174319533,0.825680467,0.387230023,0.612769977
Acer platanoides,NA,9,25,6.319735691,8.593680742,0.46494812,5.854787571,2.273945051,1.136972526,3.410917577,0.53972472,0.057207605,0.079236842,0.022029237,0.385075323,0.00077715,0.001082103,0.000304953,0.392399151,32.58073064,22.83310753,-9.74762311,-0.299183687,55.41383817,29.90821829,25.50561988,20.08993027,35.3239079,0.53972472,0.46027528,0.362543562,0.637456438
Acer platanoides,NA,9,30,5.809436124,6.603033472,0.436606082,5.372830042,0.793597348,0.396798674,1.190396022,0.204907326,0.075408294,0.026912076,-0.048496218,-0.643115172,0.00152671,0.000557993,-0.000968717,-0.634512776,33.09214437,22.81155856,-10.28058581,-0.310665447,55.90370293,11.45507828,44.44862465,21.77730562,34.12639731,0.204907326,0.795092674,0.389550325,0.610449675
Acer platanoides,NA,9,35,3.535764209,6.579330505,0.310326344,3.225437865,3.043566296,1.521783148,4.565349444,1.291191712,0.026464677,0.055967957,0.02950328,1.114817309,0.000793393,0.001645974,0.000852581,1.074601112,38.87619501,16.49063559,-22.38555942,-0.575816625,55.3668306,71.48919282,-16.12236222,27.48251584,27.88431476,1.291191712,-0.291191712,0.496371484,0.503628516
Fagus sylvatica,NA,1,25,5.674225469,6.877796544,0.429096483,5.245128986,1.203571075,0.601785538,1.805356613,0.318167937,0.118936586,0.109167131,-0.009769455,-0.082140032,0.001536228,0.001411096,-0.000125132,-0.081454055,10.94269206,23.94631365,13.00362159,1.188338438,34.88900571,11.10056298,23.78844273,8.128069223,26.76093649,0.318167937,0.681832063,0.232969357,0.767030643
Fagus sylvatica,NA,2,25,8.68494592,12.0774915,0.596311896,8.088634024,3.39254558,1.69627279,5.08881837,0.585935528,0.192489216,0.22056926,0.028080044,0.145878531,0.002422697,0.002753507,0.00033081,0.136546171,37.99147843,44.40934447,6.41786604,0.168929094,82.4008229,48.28156964,34.11925326,31.77402615,50.62679675,0.585935528,0.414064472,0.385603263,0.614396737
Fagus sylvatica,NA,2,30,10.34041404,14.24167651,0.688256596,9.652157444,3.90126247,1.950631235,5.851893705,0.565924506,0.250500478,0.204904419,-0.045596059,-0.182019848,0.004286212,0.004043707,-0.000242505,-0.056577929,56.57133151,12.66496981,-43.9063617,-0.776123887,69.23630132,39.18251961,30.05378171,18.58309677,50.65320455,0.565924506,0.434075494,0.268401062,0.731598938
Fagus sylvatica,NA,2,35,12.09496474,18.73807002,0.785704342,11.3092604,6.64310528,3.32155264,9.96465792,0.82386829,0.256733997,0.250245826,-0.006488171,-0.025271959,0.007760368,0.008010666,0.000250298,0.032253367,63.48822726,62.03152577,-1.45670149,-0.022944435,125.519753,103.4117443,22.10800872,51.42659605,74.09315698,0.82386829,0.17613171,0.409709188,0.590290812
Fagus sylvatica,NA,3,25,13.97339349,16.38143844,0.890032274,13.08336122,2.40804495,1.204022475,3.612067425,0.258496079,0.186987306,0.218487053,0.031499747,0.16845928,0.002425518,0.002835641,0.000410123,0.169086768,97.74002061,70.38395832,-27.35606229,-0.279885989,168.1239789,43.45938931,124.6645896,74.82026998,93.30370895,0.258496079,0.741503921,0.445030331,0.554969669
Fagus sylvatica,NA,3,30,15.00028524,22.84770747,0.947065842,14.0532194,7.84742223,3.923711115,11.77113335,0.784727301,0.241378717,0.233390045,-0.007988672,-0.033096008,0.00399251,0.003949206,-4.33E-05,-0.01084631,86.03357427,85.21054139,-0.82303288,-0.009566415,171.2441157,134.3799326,36.86418303,74.16198313,97.08213253,0.784727301,0.215272699,0.433077556,0.566922444
Fagus sylvatica,NA,3,35,13.69119397,24.27940162,0.874358913,12.81683506,10.58820765,5.294103825,15.88231148,1.160038453,0.217765733,0.236686335,0.018920602,0.086885121,0.006413417,0.006754837,0.00034142,0.053235272,126.0299156,89.72240352,-36.30751208,-0.288086459,215.7523191,250.2809865,-34.52866742,107.3250288,108.4272903,1.160038453,-0.160038453,0.49744554,0.50255446
Fagus sylvatica,NA,4,30,9.129552058,12.56708014,0.621005321,8.508546737,3.437528082,1.718764041,5.156292123,0.56479136,0.165644875,0.186051543,0.020406668,0.123195288,0.002913574,0.003174064,0.00026049,0.089405658,58.99390267,44.32527535,-14.66862732,-0.248646498,103.319178,58.35377907,44.96539895,44.53397986,58.78519816,0.56479136,0.43520864,0.431033045,0.568966955
Fagus sylvatica,NA,4,35,7.564701251,14.18716725,0.534093507,7.030607744,6.622465999,3.311233,9.933698999,1.313164746,0.162245804,0.172137925,0.009892121,0.060969965,0.004845028,0.005165217,0.000320189,0.066086099,42.81938435,50.32871065,7.5093263,0.175372122,93.148095,122.3187945,-29.17069953,41.92619333,51.22190167,1.313164746,-0.313164746,0.450102531,0.549897469
Fagus sylvatica,NA,5,25,7.202399237,11.29824117,0.513971254,6.688427983,4.095841933,2.047920967,6.1437629,0.853016154,0.100789606,0.166641259,0.065851653,0.653357579,0.001336317,0.002127968,0.000791651,0.592412579,NA,58.31444113,NA,-0.76637569,307.922203,262.6626135,45.25958955,186.0750707,121.8471323,0.853016154,0.146983846,0.604292477,0.395707523
Fagus sylvatica,NA,5,30,16.99801688,25.62265046,1.058019858,15.93999702,8.62463358,4.31231679,12.93695037,0.761085864,0.243152147,0.239643592,-0.003508555,-0.014429463,0.003976285,0.003805106,-0.000171179,-0.043049983,119.0846806,105.5457167,-13.5389639,-0.113691903,224.6303973,170.9630201,53.6673772,104.4255532,120.2048441,0.761085864,0.238914136,0.464877214,0.535122786
Fagus sylvatica,NA,5,35,13.12714446,22.37402259,0.843031603,12.28411286,9.24687813,4.623439065,13.8703172,1.056613435,0.223945785,0.238559764,0.014613979,0.065256772,0.006574664,0.006873792,0.000299128,0.045497078,109.3661506,83.10896056,-26.25719004,-0.240085163,192.4751112,203.3717883,-10.89667713,93.31102221,99.16408895,1.056613435,-0.056613435,0.484795263,0.515204737
Fagus sylvatica,NA,6,25,9.036363498,11.87591981,0.615829629,8.420533869,2.839556312,1.419778156,4.259334468,0.471354928,0.135956068,0.169413735,0.033457667,0.246091752,0.001813141,0.002238076,0.000424935,0.234364013,NA,46.1725795,NA,-0.844839328,343.7517201,162.0290674,181.7226527,205.0708441,138.680876,0.471354928,0.528645072,0.596566743,0.403433257
Fagus sylvatica,NA,6,35,13.31004005,20.28290316,0.853189624,12.45685043,6.97286311,3.486431555,10.45929467,0.785819924,0.220165347,0.208046729,-0.012118618,-0.055043258,0.006577283,0.006127359,-0.000449924,-0.068405754,64.33808473,71.54524756,7.20716283,0.112020164,135.8833323,106.7798299,29.10350239,55.09544806,80.78788423,0.785819924,0.214180076,0.405461414,0.594538586
Fagus sylvatica,NA,7,25,10.15444349,11.05723168,0.677927791,9.476515699,0.90278819,0.451394095,1.354182285,0.133358592,0.129371605,0.161913735,0.03254213,0.251539973,0.001673031,0.002107384,0.000434353,0.259620413,44.92058567,35.05664576,-9.86393991,-0.219586182,79.97723143,10.66565096,69.31158047,26.23963831,53.73759312,0.133358592,0.866641408,0.328088855,0.671911145
Fagus sylvatica,NA,7,30,10.83156006,14.81690751,0.715534846,10.11602521,3.98534745,1.992673725,5.978021175,0.551907679,0.192479836,0.180572748,-0.011907088,-0.061861482,0.00408488,0.003885554,-0.000199326,-0.048796048,42.71963749,44.56182436,1.84218687,0.043122718,87.28146185,48.17130905,39.1101528,29.30348107,57.97798078,0.551907679,0.448092321,0.335735452,0.664264548
Fagus sylvatica,NA,7,35,8.669547615,14.54900179,0.595456675,8.07409094,5.879454175,2.939727088,8.819181263,1.017259683,0.203396366,0.18054417,-0.022852196,-0.11235302,0.005868231,0.005075751,-0.00079248,-0.135045809,62.18766309,44.69502378,-17.49263931,-0.281287935,106.8826869,108.7274482,-1.844761342,48.13633094,58.74635593,1.017259683,-0.017259683,0.450366026,0.549633974
Fagus sylvatica,NA,8,25,7.036040127,7.918180624,0.504731669,6.531308458,0.882140497,0.441070249,1.323210746,0.188061853,0.135935902,0.130275757,-0.005660145,-0.041638338,0.0017425,0.00171383,-2.87E-05,-0.016453372,9.438951246,29.24880057,19.80984932,2.09873415,38.68775182,7.275690303,31.41206151,7.029060872,31.65869094,0.188061853,0.811938147,0.181686982,0.818313018
Fagus sylvatica,NA,9,25,5.403083029,9.072700894,0.414037231,4.989045798,3.669617865,1.834808933,5.504426798,1.018756656,0.061724308,0.097991616,0.036267308,0.587569293,0.000824171,0.00127741,0.000453239,0.549933206,17.86607444,30.99895905,13.13288461,0.735073877,48.86503349,49.7815781,-0.916544613,18.16846758,30.69656591,1.018756656,-0.018756656,0.371809171,0.628190829
Betula pendula,NA,1,25,19.69518076,25.90993649,1.207820339,18.48736042,6.21475573,3.107377865,9.322133595,0.47332054,0.250855986,0.195846505,-0.055009481,-0.219287097,0.003118574,0.002502789,-0.000615785,-0.197457235,137.745437,110.5823041,-27.1631329,-0.19719806,248.3277411,117.5386205,130.7891206,113.0313454,135.2963957,0.47332054,0.52667946,0.45517003,0.54482997
Betula pendula,NA,1,30,18.06021899,25.74222957,1.117014563,16.94320443,7.68201058,3.84100529,11.52301587,0.638033009,0.207346783,0.235587883,0.0282411,0.136202258,0.00345084,0.003907414,0.000456574,0.132308076,164.6401098,105.4954131,-59.1446967,-0.359236256,270.1355229,172.3553806,97.78014232,131.9297646,138.2057583,0.638033009,0.361966991,0.48838362,0.51161638
Betula pendula,NA,1,35,20.51677759,27.47157431,1.253451827,19.26332576,6.95479672,3.47739836,10.43219508,0.508471422,0.197091658,0.170022284,-0.027069374,-0.137344088,0.004689835,0.004324042,-0.000365793,-0.077996987,207.9359841,130.3735091,-77.562475,-0.373011316,338.3094932,172.0207091,166.2887841,170.8282552,167.481238,0.508471422,0.491528578,0.504946679,0.495053321
Betula pendula,NA,1b,30,20.07348074,26.49815927,1.22883112,18.84464962,6.42467853,3.212339265,9.637017795,0.480087032,0.205665454,0.176935026,-0.028730428,-0.139694963,0.003880935,0.003335481,-0.000545454,-0.140547059,202.3318583,115.3361058,-86.9957525,-0.429965667,317.6679641,152.5082701,165.159694,158.2493608,159.4186033,0.480087032,0.519912968,0.498159647,0.501840353
Betula pendula,NA,1b,35,11.1931296,16.63944761,0.735616418,10.45751318,5.44631801,2.723159005,8.169477015,0.729865311,0.089310752,0.039100577,-0.050210175,-0.562196308,0.002600217,0.001097261,-0.001502956,-0.578011758,137.9838367,47.06052944,-90.92330726,-0.658941724,185.0443661,135.0574638,49.98690232,93.51456516,91.52980098,0.729865311,0.270134689,0.505362941,0.494637059
Betula pendula,NA,2,25,17.20816325,23.92167556,1.069691387,16.13847186,6.71351231,3.356756155,10.07026847,0.585202983,0.207559283,0.220740883,0.0131816,0.063507639,0.002625467,0.002790877,0.00016541,0.063002125,123.5885614,103.4655928,-20.1229686,-0.162822258,227.0541542,132.8727683,94.18138587,105.4810008,121.5731534,0.585202983,0.414797017,0.464563184,0.535436816
Betula pendula,NA,2,35,11.58341662,19.83327929,0.757292959,10.82612366,8.24986267,4.124931335,12.37479401,1.068319859,0.14822699,0.147968511,-0.000258479,-0.001743805,0.004216056,0.004206187,-9.87E-06,-0.002340813,92.28171914,85.00492573,-7.27679341,-0.078854116,177.2866449,189.3988434,-12.1121985,87.30198559,89.98465928,1.068319859,-0.068319859,0.492434078,0.507565922
Betula pendula,NA,3,30,12.29752468,17.39314761,0.796954521,11.50057016,5.09562293,2.547811465,7.643434395,0.621542513,0.14117519,0.157133406,0.015958216,0.113038389,0.002426963,0.00268173,0.000254767,0.104973582,100.2440213,69.7060084,-30.5380129,-0.30463675,169.9500297,105.6311686,64.31886113,80.50662065,89.44340905,0.621542513,0.378457487,0.4737076,0.5262924
Betula pendula,NA,3a,25,15.19964411,16.11925782,0.958138234,14.24150588,0.91961371,0.459806855,1.379420565,0.090753478,0.230912795,0.225166914,-0.005745881,-0.024883337,0.002890727,0.002820919,-6.98E-05,-0.024148942,84.08462626,71.83886756,-12.2457587,-0.14563612,155.9234938,14.15059934,141.7728945,63.41661159,92.50688223,0.090753478,0.909246522,0.406716204,0.593283796
Betula pendula,NA,3b,35,12.09141349,17.0836679,0.785507105,11.30590638,4.99225441,2.496127205,7.488381615,0.619313997,0.199276025,0.153200461,-0.046075564,-0.231214789,0.005532129,0.00425919,-0.001272939,-0.230099298,109.986559,58.08311809,-51.90344091,-0.471907126,168.0696771,104.0879035,63.98177364,79.80268209,88.266995,0.619313997,0.380686003,0.474819036,0.525180964
Betula pendula,NA,3c,30,8.074479713,17.16281567,0.562406603,7.51207311,9.088335957,4.544167979,13.63250394,1.688344565,0.11740323,0.153446509,0.036043279,0.307004151,0.002066109,0.002639019,0.00057291,0.27728934,42.54282121,60.72059819,18.17777698,0.427281888,103.2634194,174.3442329,-71.08081347,47.3103337,55.9530857,1.688344565,-0.688344565,0.458151918,0.541848082
Betula pendula,NA,3c,35,11.97488078,18.76436592,0.779034879,11.1958459,6.78948514,3.39474257,10.18422771,0.850465896,0.182834679,0.18544481,0.002610131,0.014275908,0.005121222,0.005348542,0.00022732,0.044387843,79.9000513,75.94046466,-3.95958664,-0.049556747,155.840516,132.537044,23.30347195,71.96066189,83.87985407,0.850465896,0.149534104,0.461758365,0.538241635
Betula pendula,NA,4,25,21.53496978,21.4209041,1.310002222,20.22496756,-0.11406568,-0.05703284,-0.17109852,-0.007945148,0.242328464,0.198235474,-0.04409299,-0.181955472,0.003125192,0.002586148,-0.000539044,-0.172483483,191.1167359,97.36311652,-93.75361938,-0.490556826,288.4798524,-2.292015095,290.7718675,134.8933155,153.5865369,-0.007945148,1.007945148,0.467600473,0.532399527
Betula pendula,NA,4,30,16.27244868,24.7043991,1.0177218,15.25472688,8.43195042,4.21597521,12.64792563,0.777260133,0.208617872,0.661106997,0.452489125,2.168985431,0.003625881,0.008696744,0.005070863,1.39851887,153.6647036,99.10908949,-54.55561411,-0.355030224,252.7737931,196.4709921,56.30280098,125.1226656,127.6511275,0.777260133,0.222739867,0.494998568,0.505001432
Betula pendula,NA,4,35,17.13041824,23.73136879,1.065373429,16.06504481,6.60095055,3.300475275,9.901425825,0.578002573,0.151651179,0.137735183,-0.013915996,-0.09176319,0.003786372,0.003532429,-0.000253943,-0.067067631,202.8536743,108.3673698,-94.4863045,-0.465785522,311.2210441,179.8865644,131.3344797,161.7995808,149.4214633,0.578002573,0.421997427,0.519886376,0.480113624
Betula pendula,NA,4c,30,11.83990266,15.97358035,0.771538194,11.06836447,4.13367769,2.066838845,6.200516535,0.52369658,0.143607712,0.129988975,-0.013618737,-0.094832908,0.002478221,0.002272383,-0.000205838,-0.083058775,97.2305542,46.43281263,-50.79774157,-0.522446282,143.6633668,75.23601393,68.4273529,64.20250413,79.4608627,0.52369658,0.47630342,0.446895444,0.553104556
Betula pendula,NA,4c,35,15.46996421,24.91297209,0.973151812,14.4968124,9.44300788,4.72150394,14.16451182,0.915613742,0.202074767,0.204564725,0.002489958,0.012321964,0.005623142,0.005445138,-0.000178004,-0.031655612,131.4383922,99.55117459,-31.88721761,-0.242602006,230.9895668,211.4972216,19.49234516,112.7398066,118.2497602,0.915613742,0.084386258,0.488073155,0.511926845
Betula pendula,NA,6,25,12.55647768,18.0812622,0.81133677,11.74514091,5.52478452,2.76239226,8.28717678,0.659992156,0.105641764,0.150544563,0.044902799,0.425047796,0.001422685,0.001995294,0.000572609,0.402484738,104.6909798,76.97771412,-27.71326568,-0.264714933,181.6686939,119.899913,61.76878088,87.62852213,94.04017179,0.659992156,0.340007844,0.482353455,0.517646545
Betula pendula,NA,6,30,13.49763365,18.14177174,0.863608573,12.63402508,4.64413809,2.322069045,6.966207135,0.516105809,0.115709896,0.137152229,0.021442333,0.185311142,0.002013783,0.00239893,0.000385147,0.191255463,145.9208689,78.8650131,-67.0558558,-0.459535749,224.785882,116.0132995,108.7725825,113.8635649,110.9223171,0.516105809,0.483894191,0.506542332,0.493457668
Betula pendula,NA,7,25,17.26105365,19.06875977,1.07262892,16.18842473,1.80770612,0.90385306,2.71155918,0.157091174,0.703727388,0.191646841,-0.512080547,-0.727668918,0.008986075,0.002524611,-0.006461464,-0.719052979,174.469869,88.35443441,-86.11543459,-0.49358342,262.8243034,41.28737834,221.5369251,129.1867259,133.6375775,0.157091174,0.842908826,0.491532648,0.508467352
Betula pendula,NA,7,30,13.99778438,21.8312932,0.891386944,13.10639744,7.83350882,3.91675441,11.75026323,0.839437365,0.207983878,0.204945245,-0.003038633,-0.014609945,0.003994977,0.003889986,-0.000104991,-0.026280752,101.0715093,89.53379663,-11.53771267,-0.114153956,190.6053059,160.0012157,30.60409024,89.74277894,100.862527,0.839437365,0.160562635,0.470830434,0.529169566
Betula pendula,NA,7,35,16.44847315,23.76678089,1.027498199,15.42097495,7.31830774,3.65915387,10.97746161,0.667384839,0.20698331,0.194493612,-0.012489698,-0.060341571,0.005567036,0.005342086,-0.00022495,-0.040407499,152.2777365,98.70405628,-53.57368022,-0.35181558,250.9817928,167.5014434,83.48034934,123.4586001,127.5231927,0.667384839,0.332615161,0.491902615,0.508097385
Corylus avellana,NA,1,25,11.70895651,14.5230801,0.764265445,10.94469107,2.81412359,1.407061795,4.221185385,0.360509101,0.2543567,0.231184181,-0.023172519,-0.091102452,0.003192318,0.002924852,-0.000267466,-0.08378426,60.89153905,46.6919863,-14.19955275,-0.233194184,107.5835254,38.78484001,68.79868534,40.49846621,67.08505914,0.360509101,0.639490899,0.376437434,0.623562566
Corylus avellana,NA,1,30,7.762559501,12.03806899,0.545082555,7.217476946,4.275509489,2.137754745,6.413264234,0.826179076,0.115413526,0.108386561,-0.007026965,-0.060885108,0.001994781,0.001866866,-0.000127915,-0.064124834,47.03058206,42.95053979,-4.08004227,-0.086752961,89.98112185,74.34052008,15.64060177,39.2872559,50.69386595,0.826179076,0.173820924,0.436616649,0.563383351
Corylus avellana,NA,1,35,4.808796951,8.364961175,0.381030583,4.427766368,3.556164224,1.778082112,5.334246336,1.109268366,0.067035708,0.071745982,0.004710274,0.070265149,0.002082468,0.002140747,5.83E-05,0.027985544,49.2638639,28.24722051,-21.01664339,-0.426613784,77.51108441,85.98059395,-8.469509536,38.85059774,38.66048667,1.109268366,-0.109268366,0.501226348,0.498773652
Corylus avellana,NA,2,25,9.318910152,10.00920842,0.63152227,8.687387882,0.690298268,0.345149134,1.035447402,0.1111125,0.185126216,0.187577333,0.002451117,0.013240248,0.002409958,0.002446343,3.64E-05,0.015097773,55.56823107,42.59313313,-12.97509794,-0.233498488,98.1613642,10.90695456,87.25440964,40.59048239,57.57088181,0.1111125,0.8888875,0.413507725,0.586492275
Corylus avellana,NA,2,30,6.161667065,8.901236392,0.456168989,5.705498076,2.739569327,1.369784664,4.109353991,0.666922433,0.073367781,0.068799811,-0.00456797,-0.062261253,0.00137872,0.001311008,-6.77E-05,-0.04911222,48.52840077,19.43626648,-29.09213429,-0.599486771,67.96466725,45.32716124,22.63750601,28.87866599,39.08600126,0.666922433,0.333077567,0.424907046,0.575092954
Corylus avellana,NA,2,35,8.033623606,13.10046004,0.560137455,7.473486151,5.066836434,2.533418217,7.600254651,0.946055606,0.119218113,0.12351801,0.004299897,0.036067481,0.003580359,0.003869875,0.000289516,0.080862282,56.17706008,48.83459519,-7.34246489,-0.130702192,105.0116553,99.34686519,5.66479008,48.5847739,56.42688137,0.946055606,0.053944394,0.462660776,0.537339224
Corylus avellana,NA,3,25,10.11032029,12.68472799,0.675477189,9.434843101,2.5744077,1.28720385,3.86161155,0.381947499,0.29503593,0.281603854,-0.013432076,-0.045526916,0.003719445,0.003518047,-0.000201398,-0.054147326,53.30210108,47.77551196,-5.52658912,-0.103684264,101.077613,38.60634152,62.47127152,40.42422125,60.65339179,0.381947499,0.618052501,0.399932488,0.600067512
Corylus avellana,NA,3,35,6.43287638,11.56981335,0.471231954,5.961644426,5.13693697,2.568468485,7.705405455,1.197816498,0.112307663,0.137230673,0.02492301,0.22191727,0.003447937,0.004050001,0.000602064,0.174615719,57.08728281,38.66501758,-18.42226523,-0.322703487,95.75230039,114.6936851,-18.9413847,46.68052991,49.07177048,1.197816498,-0.197816498,0.487513404,0.512486596
Corylus avellana,NA,4,25,6.041303982,11.46141976,0.449484023,5.591819959,5.420115778,2.710057889,8.130173667,1.345764704,0.115566106,0.17303524,0.057469134,0.497283641,0.001530484,0.002250233,0.000719749,0.470275416,30.47376854,34.17224436,3.69847582,0.121365883,64.6460129,86.99832244,-22.35230954,26.98719798,37.65881492,1.345764704,-0.345764704,0.417461136,0.582538864
Corylus avellana,NA,4,30,4.91754935,6.167075423,0.387070691,4.530478659,1.249526073,0.624763037,1.87428911,0.381142918,0.08207991,0.056199558,-0.025880352,-0.315306778,0.001431822,0.000976226,-0.000455596,-0.318193183,29.69871841,17.94920941,-11.749509,-0.395623435,47.64792782,18.16067025,29.48725757,18.65182028,28.99610754,0.381142918,0.618857082,0.391450817,0.608549183
Corylus avellana,NA,4,35,5.43129078,8.267178546,0.41560389,5.01568689,2.835887766,1.417943883,4.253831649,0.783208232,0.078242895,0.069718946,-0.008523949,-0.108942147,0.002577525,0.002204385,-0.00037314,-0.144766782,44.74286032,29.54367604,-15.19918428,-0.339700774,74.28653636,58.1818268,16.10470956,35.04091549,39.24562087,0.783208232,0.216791768,0.471699412,0.528300588
Corylus avellana,NA,5,25,11.17966464,12.13309572,0.734868574,10.44479607,0.95343108,0.47671554,1.43014662,0.127923928,0.25557746,0.29897893,0.04340147,0.169817284,0.003289791,0.003766426,0.000476635,0.144883064,60.16048631,43.68253801,-16.4779483,-0.273899852,103.8430243,13.28400762,90.5590167,39.41624384,64.42678048,0.127923928,0.872076072,0.379575269,0.620424731
Corylus avellana,NA,5,30,8.873839489,15.35082823,0.606803045,8.267036444,6.476988741,3.238494371,9.715483112,1.094845486,0.192710744,0.159719153,-0.032991591,-0.171197466,0.003145993,0.002776194,-0.000369799,-0.117546034,47.14009801,48.43916856,1.29907055,0.027557655,95.57926657,104.6445286,-9.065262027,40.05593908,55.52332749,1.094845486,-0.094845486,0.419086069,0.580913931
Corylus avellana,NA,5,35,6.180837068,9.978031627,0.457233691,5.723603377,3.797194559,1.89859728,5.695791839,0.921524346,0.109004435,0.11118576,0.002181325,0.020011342,0.002999378,0.003042613,4.32E-05,0.014414655,47.8708383,32.80114414,-15.06969416,-0.314799045,80.67198244,74.34119588,6.33078656,37.29908945,43.37289299,0.921524346,0.078475654,0.462354938,0.537645062
Corylus avellana,NA,6,25,4.865942927,6.25360645,0.38420447,4.481738457,1.387663523,0.693831762,2.081495285,0.427768125,0.119643376,0.143269549,0.023626173,0.197471634,0.001595073,0.001879452,0.000284379,0.178285884,15.77870766,17.76569681,1.98698915,0.12592851,33.54440447,14.34922702,19.19517745,9.387088508,24.15731596,0.427768125,0.572231875,0.279840667,0.720159333
Corylus avellana,NA,6,30,5.86356877,8.668994545,0.439612609,5.423956161,2.805425775,1.402712888,4.208138663,0.717675332,0.148600189,0.131271178,-0.017329011,-0.116615,0.00274043,0.002489038,-0.000251392,-0.091734509,21.6259947,24.46755732,2.84156262,0.131395696,46.09355202,33.08020524,13.01334678,15.09285129,31.00070073,0.717675332,0.282324668,0.327439536,0.672560464
Corylus avellana,NA,6,35,4.008487842,6.626132915,0.336581415,3.671906427,2.617645073,1.308822537,3.92646761,0.979538361,0.103228854,0.108505211,0.005276357,0.051113199,0.003604631,0.003479851,-0.00012478,-0.034616581,28.84941556,10.71135091,-18.13806465,-0.628715151,39.56076647,38.75128833,0.809478135,15.6845434,23.87622307,0.979538361,0.020461639,0.396467126,0.603532874
Corylus avellana,NA,7,25,4.546156294,6.907196001,0.366443521,4.179712773,2.361039707,1.180519854,3.541559561,0.779022834,0.104096292,0.185358997,0.081262705,0.780649372,0.001405371,0.0024077,0.001002329,0.713213095,14.06328389,24.30494512,10.24166123,0.728255314,38.36822901,29.8897265,8.478502507,13.45573589,24.91249312,0.779022834,0.220977166,0.350699947,0.649300053
Scandosorbus intermedia,NA,6,30,10.64853411,16.35098644,0.705369584,9.943164526,5.70245233,2.851226165,8.553678495,0.803272864,0.170973452,0.157026603,-0.013946849,-0.081573185,0.00286755,0.002678639,-0.000188911,-0.065878886,76.29815567,70.98484529,-5.31331038,-0.069638779,147.283001,118.308438,28.97456292,69.79257635,77.49042461,0.803272864,0.196727136,0.473867153,0.526132847
Scandosorbus intermedia,NA,6a,30,7.451540319,9.801529475,0.527808549,6.92373177,2.349989156,1.174994578,3.524983734,0.473054373,0.084942819,0.084789567,-0.000153252,-0.001804178,0.001489454,0.001484327,-5.13E-06,-0.003442201,80.07550283,46.43371427,-33.64178856,-0.420125848,126.5092171,59.84573838,66.66347872,64.46870388,62.04051322,0.473054373,0.526945627,0.509596892,0.490403108
Scandosorbus intermedia,NA,6b,30,9.097805106,14.87299212,0.619242096,8.47856301,5.775187014,2.887593507,8.662780521,0.952183567,0.166844708,0.128441232,-0.038403476,-0.230174972,0.002829513,0.002271602,-0.000557911,-0.197175627,59.08720408,58.31611884,-0.77108524,-0.013049953,117.4033229,111.7895148,5.613808082,54.00806833,63.39525459,0.952183567,0.047816433,0.460021633,0.539978367
Scandosorbus intermedia,NA,6c,30,6.967468608,8.794519205,0.500923206,6.466545402,1.827050597,0.913525299,2.740575896,0.393338822,0.105991958,0.111919697,0.005927739,0.055926309,0.001915823,0.002043018,0.000127195,0.066391833,49.6909867,29.2499506,-20.4410361,-0.411363055,78.9409373,31.0505353,47.890402,34.04737525,44.89356205,0.393338822,0.606661178,0.431301887,0.568698113
Scandosorbus intermedia,NA,6c,35,9.243788481,12.99069463,0.627350012,8.616438469,3.746906149,1.873453075,5.620359224,0.608014694,0.127450997,0.097167992,-0.030283005,-0.237605085,0.003447346,0.002709763,-0.000737583,-0.213956766,77.25233699,53.20219236,-24.05014463,-0.311319315,130.4545294,79.31827073,51.13625862,62.31958362,68.13494573,0.608014694,0.391985306,0.477711153,0.522288847
Scandosorbus intermedia,NA,6d,30,12.05675448,20.22086021,0.783582144,11.27317234,8.16410573,4.082052865,12.2461586,1.015709378,0.233442768,0.235512369,0.002069601,0.008865561,0.003807043,0.003820818,1.38E-05,0.003618294,68.50981982,79.13027065,10.62045083,0.155020855,147.6400905,149.9594245,-2.319334007,66.2753817,81.36470877,1.015709378,-0.015709378,0.448898273,0.551101727
Scandosorbus intermedia,NA,6d,35,13.79706124,22.03395621,0.880238781,12.91682246,8.23689497,4.118447485,12.35534246,0.895505372,0.222168057,0.202385364,-0.019782693,-0.089043822,0.00603379,0.005557487,-0.000476303,-0.078939274,106.1342283,88.56926381,-17.56496449,-0.165497642,194.7034921,174.3580231,20.34546902,93.01016477,101.6933273,0.895505372,0.104494628,0.477701575,0.522298425
Scandosorbus intermedia,NA,6e,35,7.277198738,10.23253768,0.518125618,6.75907312,2.955338942,1.477669471,4.433008413,0.609164127,0.088728485,0.07501455,-0.013713935,-0.15456068,0.002532099,0.002191841,-0.000340258,-0.134377842,70.35506696,42.65477842,-27.70028854,-0.393721302,113.0098454,68.84154375,44.16830163,55.93403362,57.07581176,0.609164127,0.390835873,0.494948324,0.505051676
Scandosorbus intermedia,NA,6f,35,6.867866678,9.763101508,0.495391315,6.372475363,2.89523483,1.447617415,4.342852245,0.632343703,0.081141014,0.074988292,-0.006152722,-0.075827522,0.002364224,0.002065915,-0.000298309,-0.126176284,62.24550879,48.28743056,-13.95807823,-0.224242335,110.5329394,69.89480814,40.63813121,55.37431509,55.15862426,0.632343703,0.367656297,0.500975686,0.499024314
Scandosorbus intermedia,NA,6g,35,12.81417979,20.21982313,0.825649546,11.98853024,7.40564334,3.70282167,11.10846501,0.866888493,0.197189321,0.196188251,-0.00100107,-0.005076695,0.005027805,0.005298843,0.000271038,0.053907819,108.3007572,80.74863291,-27.55212429,-0.254403801,189.0493901,163.8847409,25.16464917,91.86178063,97.18760948,0.866888493,0.133111507,0.485914187,0.514085813
Tilia cordata,NA,1,25,8.44874745,9.09388351,0.583193433,7.865554017,0.64513606,0.32256803,0.96770409,0.114538172,0.071682187,0.078481976,0.006799789,0.094860234,0.000947652,0.001055341,0.000107689,0.113637707,54.63390518,38.96781233,-15.66609285,-0.286746715,93.60171751,10.72096964,82.88074787,39.87115181,53.7305657,0.114538172,0.885461828,0.425966028,0.574033972
Tilia cordata,NA,10,25,4.49278627,7.718366837,0.363479349,4.129306921,3.225580567,1.612790284,4.838370851,1.07691988,0.054509622,0.054036547,-0.000473075,-0.008678743,0.000734815,0.00071025,-2.46E-05,-0.033430183,24.59692079,26.64973199,2.0528112,0.083458056,51.24665278,55.18853916,-3.941886379,22.1836718,29.06298098,1.07691988,-0.07691988,0.432880405,0.567119595
Tilia cordata,NA,11,25,11.65369744,15.34772346,0.761196356,10.89250108,3.69402602,1.84701301,5.54103903,0.475474763,0.179027463,0.174063743,-0.00496372,-0.027726025,0.002241911,0.002181112,-6.08E-05,-0.027119275,68.62065582,56.36657233,-12.25408349,-0.178577184,124.9872282,59.4282727,65.55895545,52.24829226,72.73893589,0.475474763,0.524525237,0.41802905,0.58197095
Tilia cordata,NA,12,25,7.567063234,12.70038674,0.534224692,7.032838542,5.133323506,2.566661753,7.699985259,1.017565867,0.085862105,0.116596383,0.030734278,0.357949272,0.001137092,0.001543384,0.000406292,0.35730794,43.16766809,49.26569469,6.0980266,0.141263748,92.43336278,94.05703492,-1.62367214,41.44340656,50.98995622,1.017565867,-0.017565867,0.448359827,0.551640173
Tilia cordata,NA,13,25,8.847325561,13.30850029,0.605330462,8.241995099,4.461174729,2.230587365,6.691762094,0.756359879,0.10796229,0.130607054,0.022644764,0.209746977,0.00140864,0.001697392,0.000288752,0.20498637,57.9849187,52.6801411,-5.3047776,-0.091485471,110.6650598,83.70261127,26.96244853,50.18383837,60.48122143,0.756359879,0.243640121,0.453475003,0.546524997
Tilia cordata,NA,13,30,10.09475559,14.08393627,0.674612725,9.420142865,3.98918068,1.99459034,5.98377102,0.592760366,0.13953473,0.123428504,-0.016106226,-0.11542808,0.003212477,0.002733493,-0.000478984,-0.149101145,47.82629415,51.30993762,3.48364347,0.072839502,99.13623177,58.76402905,40.37220272,39.17147294,59.96475883,0.592760366,0.407239634,0.395127717,0.604872283
Tilia cordata,NA,13,35,9.58435471,14.57739551,0.646265061,8.938089649,4.9930408,2.4965204,7.4895612,0.781436145,0.151269715,0.157637597,0.006367882,0.042096212,0.004846464,0.00500965,0.000163186,0.033671147,75.51270229,56.46320541,-19.04949688,-0.252268775,131.9759077,103.1307446,28.84516311,62.42565924,69.55024846,0.781436145,0.218563855,0.473007993,0.526992007
Tilia cordata,NA,14,25,8.663941791,13.5296494,0.595145327,8.068796464,4.865707609,2.432853805,7.298561414,0.842406562,0.084763709,0.109260878,0.024497169,0.289005393,0.001113708,0.001427931,0.000314223,0.282141279,66.46454539,62.58643483,-3.87811056,-0.058348561,129.0509802,108.7133925,20.33758771,62.93014204,66.12083818,0.842406562,0.157593438,0.487637846,0.512362154
Tilia cordata,NA,15,25,9.190578496,13.93437006,0.62439473,8.566183766,4.743791564,2.371895782,7.115687346,0.774237155,0.115335123,0.118242287,0.002907164,0.025206233,0.001511673,0.001552661,4.10E-05,0.02711433,56.44151559,52.19721649,-4.2442991,-0.075198177,108.6387321,84.11214283,24.52658925,47.91761206,60.72112002,0.774237155,0.225762845,0.441073005,0.558926995
Tilia cordata,NA,17,25,10.48080031,14.47223229,0.696053649,9.784746661,3.99143198,1.99571599,5.98714797,0.571249122,0.127468854,0.135072163,0.007603309,0.059648367,0.001699378,0.001800634,0.000101256,0.059584154,72.24649797,50.32095959,-21.92553838,-0.303482369,122.5674576,70.01655246,52.5509051,53.76283755,68.80462001,0.571249122,0.428750878,0.43863876,0.56136124
Tilia cordata,NA,17,30,9.732323237,13.39026945,0.654483233,9.077840004,3.657946213,1.828973107,5.48691932,0.563783095,0.099628687,0.089653895,-0.009974792,-0.100119677,0.001776703,0.001522525,-0.000254178,-0.143061615,70.89170452,49.65210199,-21.23960253,-0.299606317,120.5438065,67.96056036,52.58324615,54.40967571,66.1341308,0.563783095,0.436216905,0.451368488,0.548631512
Tilia cordata,NA,17,35,9.1981553,12.98181944,0.624815545,8.573339755,3.78366414,1.89183207,5.67549621,0.617025482,0.116358084,0.102282015,-0.014076069,-0.12097199,0.003607268,0.003094922,-0.000512346,-0.142031587,80.7212665,57.64612143,-23.07514507,-0.28586203,138.3673879,85.37620427,52.99118366,67.71651115,70.65087678,0.617025482,0.382974518,0.48939647,0.51060353
Tilia cordata,NA,18,25,8.792779354,9.574101469,0.602300965,8.190478389,0.781322115,0.390661058,1.171983173,0.133289274,0.144271045,0.094769184,-0.049501861,-0.343117089,0.001967485,0.001292632,-0.000674853,-0.343002869,54.16073722,37.34678789,-16.81394933,-0.310445356,91.50752511,12.19697155,79.31055356,37.55760513,53.94991998,0.133289274,0.866710726,0.410431875,0.589568125
Tilia cordata,NA,2,25,6.715149976,10.5259284,0.48690943,6.228240546,3.810778424,1.905389212,5.716167636,0.851234545,0.03661251,0.095884084,0.059271574,1.618888571,0.000482374,0.001259873,0.000777499,1.611817801,47.84624352,40.10001318,-7.74623034,-0.161898401,87.9462567,74.86289183,13.08336487,40.7237712,47.2224855,0.851234545,0.148765455,0.463052923,0.536947077
Tilia cordata,NA,20,30,12.2993424,18.63748037,0.797055477,11.50228692,6.33813797,3.169068985,9.507206955,0.772984981,0.195928761,0.195383863,-0.000544898,-0.002781103,0.004164443,0.004362759,0.000198316,0.047621255,78.94309467,61.85932361,-17.08377106,-0.216406148,140.8024183,108.8381547,31.96426362,61.07003245,79.73238583,0.772984981,0.227015019,0.433728577,0.566271423
Tilia cordata,NA,20,35,13.47047107,18.16183013,0.862099963,12.60837111,4.69135906,2.34567953,7.03703859,0.522404788,0.190899616,0.167058714,-0.023840902,-0.124887113,0.006036247,0.005222488,-0.000813759,-0.134812078,94.57770509,72.07724545,-22.50045964,-0.237904479,166.6549505,87.06134419,79.59360635,75.18204417,91.47290637,0.522404788,0.477595212,0.451123978,0.548876022
Tilia cordata,NA,21,30,12.86286461,16.91685247,0.8283535,12.03451111,4.05398786,2.02699393,6.08098179,0.472754862,0.143290961,0.127617847,-0.015673114,-0.109379642,0.002683364,0.002469363,-0.000214001,-0.079751014,118.1225526,79.57626458,-38.54628802,-0.326324543,197.6988172,93.46307713,104.23574,97.49823916,100.200578,0.472754862,0.527245138,0.493165516,0.506834484
Tilia cordata,NA,21,35,7.411406265,11.72809672,0.525579504,6.885826761,4.316690455,2.158345228,6.475035683,0.873658176,0.116287583,0.116876532,0.000588949,0.005064591,0.003996376,0.003836145,-0.000160231,-0.040094075,80.91498337,40.02885974,-40.88612363,-0.505297312,120.9438431,105.6635774,15.28026568,60.8654787,60.07836441,0.873658176,0.126341824,0.503254049,0.496745951
Tilia cordata,NA,3,25,8.947455531,11.72933204,0.61089168,8.336563851,2.781876509,1.390938255,4.172814764,0.466368874,0.082504035,0.121268654,0.038764619,0.46985119,0.00111217,0.00158471,0.00047254,0.424881088,45.54020032,49.78865551,4.24845519,0.093290217,95.32885583,44.45841118,50.87044465,39.69268914,55.63616669,0.466368874,0.533631126,0.416376435,0.583623565
Tilia cordata,NA,4,25,8.582764926,10.80446418,0.590636764,7.992128162,2.221699254,1.110849627,3.332548881,0.388283835,0.095262061,0.097235096,0.001973035,0.020711656,0.001257804,0.001280664,2.29E-05,0.018174533,52.38910826,42.13497779,-10.25413047,-0.195730197,94.52408605,36.70217464,57.82191141,40.12868423,54.39540182,0.388283835,0.611716165,0.424533956,0.575466044
Tilia cordata,NA,4,30,9.69364495,13.28421461,0.652335041,9.041309909,3.59056966,1.79528483,5.38585449,0.555606742,0.096016205,0.092745498,-0.003270707,-0.034064114,0.001974621,0.001894721,-7.99E-05,-0.040463461,65.69774845,42.47268872,-23.22505973,-0.353513785,108.1704372,60.10022419,48.07021298,46.26390491,61.90653226,0.555606742,0.444393258,0.427694536,0.572305464
Tilia cordata,NA,4,35,11.4333886,16.58199904,0.748960403,10.6844282,5.14861044,2.57430522,7.72291566,0.675470408,0.184672463,0.167093602,-0.017578861,-0.0951894,0.005825437,0.005292456,-0.000532981,-0.09149202,94.56904806,66.73487525,-27.83417281,-0.294326456,161.3039233,108.9560269,52.34789645,77.04691261,84.2570107,0.675470408,0.324529592,0.477650581,0.522349419
Tilia cordata,NA,5,25,9.029613835,12.34680096,0.615454752,8.414159083,3.317187125,1.658593563,4.975780688,0.551051327,0.106446682,0.076809482,-0.0296372,-0.278422957,0.001396831,0.001029462,-0.000367369,-0.263001752,76.66547071,49.95817191,-26.7072988,-0.348361506,126.6236426,69.77612632,56.8475163,60.33679152,66.2868511,0.551051327,0.448948673,0.476504942,0.523495058
Tilia cordata,NA,6,25,8.500352059,11.58891081,0.586059553,7.914292506,3.088558751,1.544279376,4.632838127,0.545017206,0.073129325,0.076551983,0.003422658,0.046802811,0.000975541,0.001028768,5.32E-05,0.05456152,53.6634095,53.9597824,0.2963729,0.005522812,107.6231919,58.65649132,48.96670058,49.08118911,58.54200279,0.545017206,0.454982794,0.456046585,0.543953415
Tilia cordata,NA,7,25,6.270796761,10.10306318,0.462230052,5.808566709,3.832266419,1.91613321,5.748399629,0.916693659,0.052960171,0.065627454,0.012667283,0.239185085,0.000713229,0.000868009,0.00015478,0.217013049,43.89674549,37.95171356,-5.94503193,-0.13543218,81.84845905,75.02996342,6.818495629,37.84351467,44.00494438,0.916693659,0.083306341,0.462360747,0.537639253
Tilia cordata,NA,8,25,7.391755397,7.783123935,0.524488095,6.867267302,0.391368538,0.195684269,0.587052807,0.079419945,0.067890549,0.025345119,-0.04254543,-0.626676771,0.000910493,0.000339223,-0.00057127,-0.627429316,62.14687756,31.17600864,-30.97086892,-0.498349557,93.3228862,7.411698488,85.91118771,42.50390974,50.81897646,0.079419945,0.920580055,0.455450013,0.544549987
Tilia cordata,NA,8,30,5.386188256,8.599220589,0.413098896,4.97308936,3.213032333,1.606516167,4.8195485,0.894797632,0.063920305,0.050391834,-0.013528471,-0.211645908,0.001208118,0.000962267,-0.000245851,-0.203499162,44.88575327,32.79152545,-12.09422782,-0.269444689,77.67727872,69.5054451,8.171833625,37.4216838,40.25559492,0.894797632,0.105202368,0.481758429,0.518241571
Tilia cordata,NA,8,35,5.851328396,9.772141368,0.438932779,5.412395617,3.920812972,1.960406486,5.881219458,1.005108423,0.073517151,0.091421895,0.017904744,0.243545129,0.00232306,0.002576771,0.000253711,0.10921414,72.85370384,38.6114019,-34.24230194,-0.470014565,111.4651057,112.0345167,-0.569410937,58.7065281,52.75857764,1.005108423,-0.005108423,0.526680773,0.473319227
Tilia cordata,NA,9,25,6.520946362,9.878467527,0.476123361,6.044823001,3.357521165,1.678760583,5.036281748,0.77232375,0.064601028,0.082992122,0.018391094,0.284687327,0.00084694,0.001068391,0.000221451,0.261471887,48.30753981,38.93184495,-9.37569486,-0.194083468,87.23938476,67.37704878,19.86233598,40.77039954,46.46898522,0.77232375,0.22767625,0.467339375,0.532660625
Betula pubescens,Uppsala,1,25,13.56321493,18.78184082,0.867250957,12.69596397,5.21862589,2.609312945,7.827938835,0.57714479,0.131524748,0.118428409,-0.013096339,-0.099573192,0.001754218,0.001577357,-0.000176861,-0.100820423,91.21270169,72.46972394,-18.74297775,-0.205486488,163.6824256,94.4684592,69.21396643,72.95304394,90.72938169,0.57714479,0.42285521,0.445698698,0.554301302
Betula pubescens,Uppsala,1,30,11.329749,16.1396095,0.743204259,10.58654474,4.8098605,2.40493025,7.21479075,0.636800581,0.112922033,0.132016254,0.019094221,0.169092076,0.001914844,0.002203806,0.000288962,0.150906288,96.42197389,56.31258494,-40.10938895,-0.415977679,152.7345588,97.26145586,55.47310297,71.61037522,81.12418361,0.636800581,0.363199419,0.468855089,0.531144911
Betula pubescens,Uppsala,1,35,13.5781691,17.35766972,0.868081512,12.71008759,3.77950062,1.88975031,5.66925093,0.417526906,0.140350141,0.120955138,-0.019395003,-0.138190121,0.003870262,0.0033674,-0.000502862,-0.129929705,134.9371024,73.80175358,-61.13534882,-0.453065523,208.738856,87.15408865,121.5847673,102.9507864,105.7880696,0.417526906,0.582473094,0.493203749,0.506796251
Betula pubescens,Uppsala,10,25,14.60956692,21.14591135,0.925365347,13.68420157,6.53634443,3.268172215,9.804516645,0.671102484,0.146120981,0.120350623,-0.025770358,-0.17636316,0.002380599,0.001985697,-0.000394902,-0.16588346,111.7944885,84.34033447,-27.45415403,-0.24557699,196.134823,131.6265668,64.50825615,91.79770353,104.3371194,0.671102484,0.328897516,0.468033683,0.531966317
Betula pubescens,Uppsala,10,30,13.80975743,19.46538606,0.880943928,12.9288135,5.65562863,2.827814315,8.483442945,0.61430789,0.149662746,0.141103971,-0.008558775,-0.057187077,0.003174403,0.002978932,-0.000195471,-0.061577248,116.5927346,68.85964749,-47.73308711,-0.409400185,185.4523821,113.9248615,71.5275206,86.80890158,98.64348051,0.61430789,0.38569211,0.468092675,0.531907325
Betula pubescens,Uppsala,10,35,14.78266908,20.62325573,0.934979441,13.84768964,5.84058665,2.920293325,8.760879975,0.592645342,0.160945634,0.140252818,-0.020692816,-0.128570223,0.004466981,0.003857891,-0.00060909,-0.136353837,138.1710962,95.57944608,-42.59165012,-0.308252965,233.7505423,138.5311701,95.21937217,116.413244,117.3372983,0.592645342,0.407354658,0.498023418,0.501976582
Betula pubescens,Uppsala,2,25,14.78396321,20.32322171,0.935051317,13.84891189,5.5392585,2.76962925,8.30888775,0.562020321,0.134705172,0.141235195,0.006530023,0.048476409,0.002237659,0.002363098,0.000125439,0.056058139,117.0176806,70.42717465,-46.59050595,-0.398149286,187.4448553,105.3478177,82.09703752,85.53933494,101.9055203,0.562020321,0.437979679,0.456344,0.543656
Betula pubescens,Uppsala,2,30,12.59625042,18.42993866,0.813545748,11.78270467,5.83368824,2.91684412,8.75053236,0.694693426,0.133515953,0.119394847,-0.014121106,-0.105763436,0.002876269,0.002594305,-0.000281964,-0.098031165,95.78141732,70.10444973,-25.67696759,-0.268078802,165.8858671,115.2398213,50.64604573,77.00057691,88.88529014,0.694693426,0.305306574,0.464178042,0.535821958
Betula pubescens,Uppsala,2,35,11.13728932,16.25146127,0.732515049,10.40477427,5.11417195,2.557085975,7.671257925,0.688790396,0.108695126,0.109504218,0.000809092,0.007443682,0.003187598,0.003097071,-9.05E-05,-0.028399754,130.692258,68.88360639,-61.80865161,-0.47293277,199.5758644,137.4659387,62.10992565,103.3511381,96.22472632,0.688790396,0.311209604,0.517853892,0.482146108
Betula pubescens,Uppsala,3,25,6.69864798,9.836865452,0.485992909,6.212655071,3.138217472,1.569108736,4.707326208,0.702727807,0.048270861,0.044179365,-0.004091496,-0.084761198,0.000818552,0.000753719,-6.48E-05,-0.079204498,55.51160242,40.70587623,-14.80572619,-0.266714084,96.21747865,67.61469781,28.60278084,46.28192449,49.93555416,0.702727807,0.297272193,0.48101369,0.51898631
Betula pubescens,Uppsala,3,30,4.409552979,6.089699194,0.358856572,4.050696407,1.680146215,0.840073108,2.520219323,0.571536238,0.05028481,0.069063769,0.018778959,0.373451923,0.001122925,0.001537247,0.000414322,0.368966761,61.37523936,25.50386791,-35.87137145,-0.584459985,86.87910727,49.65455816,37.22454911,46.1605969,40.71851037,0.571536238,0.428463762,0.531319881,0.468680119
Betula pubescens,Uppsala,3,35,3.969371734,5.567962451,0.334408906,3.634962828,1.598590717,0.799295359,2.397886076,0.604097131,0.047011748,0.032523185,-0.014488563,-0.308190263,0.001368982,0.000948499,-0.000420483,-0.307150131,80.94623074,33.18910532,-47.75712542,-0.589985784,114.1353361,68.94882903,45.18650703,65.50523275,48.63010331,0.604097131,0.395902869,0.573925964,0.426074036
Betula pubescens,Uppsala,8,25,9.648900505,13.47243,0.649849934,8.999050571,3.823529495,1.911764748,5.735294243,0.594398734,0.095606044,0.094713143,-0.000892901,-0.009339378,0.001584805,0.001570499,-1.43E-05,-0.009026978,59.01314546,45.870062,-13.14308346,-0.222714505,104.8832075,62.34244571,42.54076175,44.19173696,60.6914705,0.594398734,0.405601266,0.421342349,0.578657651
Betula pubescens,Uppsala,8,30,8.614063712,12.16927888,0.592375099,8.021688613,3.555215168,1.777607584,5.332822752,0.619083272,0.090678191,0.085929884,-0.004748307,-0.052364377,0.001988676,0.001863762,-0.000124914,-0.062812645,71.56157562,46.37676506,-25.18481056,-0.35193203,117.9383407,73.0136539,44.92468678,55.65472389,62.28361679,0.619083272,0.380916728,0.471896786,0.528103214
Betula pubescens,Uppsala,8,35,9.73929632,14.0426131,0.654870518,9.084425802,4.30331678,2.15165839,6.45497517,0.66277634,0.103955353,0.098505804,-0.005449549,-0.052422014,0.002912421,0.002818985,-9.34E-05,-0.0320819,92.24177794,61.33770006,-30.90407788,-0.335033415,153.579478,101.7888443,51.79063366,76.41486181,77.16461619,0.66277634,0.33722366,0.497559067,0.502440933
Betula pubescens,Docksta,1,25,15.17331339,24.184558,0.956675826,14.21663756,9.01124461,4.505622305,13.51686692,0.890831591,0.175397422,0.160418549,-0.014978873,-0.085399619,0.002017328,0.001843023,-0.000174305,-0.086403897,122.2462884,91.40328265,-30.84300575,-0.252302186,213.6495711,190.3257874,23.32378366,101.9708783,111.6786927,0.890831591,0.109168409,0.477280988,0.522719012
Betula pubescens,Docksta,1,30,15.82024034,23.67534569,0.992606148,14.82763419,7.85510535,3.927552675,11.78265803,0.744783756,0.197195252,0.192783929,-0.004411323,-0.022370331,0.00370592,0.003613802,-9.21E-05,-0.024856986,139.1233219,75.98847447,-63.13484743,-0.453804916,215.1117964,160.2117717,54.90002466,101.2205567,113.8912397,0.744783756,0.255216244,0.47054861,0.52945139
Betula pubescens,Docksta,1,35,12.11037196,17.2626133,0.786560059,11.3238119,5.15224134,2.57612067,7.72836201,0.638160581,0.171963468,0.140463133,-0.031500335,-0.183180389,0.005585843,0.004447861,-0.001137982,-0.203726098,126.1847559,77.05917988,-49.12557602,-0.389314665,203.2439358,129.7022682,73.54166757,103.201632,100.0423038,0.638160581,0.361839419,0.507772257,0.492227743
Betula pubescens,Docksta,2,25,11.08844663,15.92457052,0.729802326,10.3586443,4.83612389,2.418061945,7.254185835,0.654211187,0.183785024,0.199925625,0.016140601,0.087823266,0.0023498,0.00252599,0.00017619,0.074980849,67.79399892,54.71487602,-13.0791229,-0.192924493,122.5088749,80.14667653,42.36219841,52.10339228,70.40548266,0.654211187,0.345788813,0.425303002,0.574696998
Betula pubescens,Docksta,2,30,11.24683073,16.2682304,0.738598979,10.50823175,5.02139967,2.510699835,7.532099505,0.669708622,0.143337459,0.140888901,-0.002448558,-0.017082471,0.002603247,0.002609541,6.29E-06,0.00241775,69.62390954,54.17325377,-15.45065577,-0.221915946,123.7971633,82.90802759,40.88913572,52.53989359,71.25726972,0.669708622,0.330291378,0.424403049,0.575596951
Betula pubescens,Docksta,2,35,13.04662644,21.01300106,0.838559632,12.20806681,7.96637462,3.98318731,11.94956193,0.915912016,0.201041534,0.186220571,-0.014820963,-0.073720901,0.006090291,0.005880605,-0.000209686,-0.034429554,115.7058649,76.59733384,-39.10853106,-0.337999557,192.3031987,176.1328105,16.17038822,93.41112865,98.89207009,0.915912016,0.084087984,0.485749219,0.514250781
Betula pubescens,Docksta,5,25,11.74860285,16.3762034,0.766467402,10.98213545,4.62760055,2.313800275,6.941400825,0.59082777,0.117275052,0.128883465,0.011608413,0.098984505,0.00151785,0.00169728,0.00017943,0.118213262,87.91482552,59.73971552,-28.17511,-0.320481896,147.654541,87.23840324,60.4161378,67.10675309,80.54778795,0.59082777,0.40917223,0.454484858,0.545515142
Betula pubescens,Docksta,5,30,10.984844,16.80434944,0.724048236,10.26079576,5.81950544,2.90975272,8.72925816,0.794663826,0.178422182,0.123543582,-0.0548786,-0.307577227,0.003047327,0.00206752,-0.000979807,-0.321529983,91.87802695,51.52267974,-40.35534721,-0.439227403,143.4007067,113.9553542,29.44535247,66.30755379,77.0931529,0.794663826,0.205336174,0.462393494,0.537606506
Betula pubescens,Docksta,5,35,12.07073134,17.02215767,0.784358419,11.28637292,4.95142633,2.475713165,7.427139495,0.615301533,0.143956601,0.133159537,-0.010797064,-0.075002215,0.004287368,0.003908033,-0.000379335,-0.08847736,142.9533267,82.11977958,-60.83354712,-0.425548314,225.0731063,138.4878273,86.585279,117.8601206,107.2129857,0.615301533,0.384698467,0.523652615,0.476347385
Betula pubescens,Docksta,8,25,15.59016914,21.37935663,0.979827994,14.61034115,5.78918749,2.894593745,8.683781235,0.557003658,0.180837468,0.092264211,-0.088573257,-0.489794831,0.002339888,0.001192056,-0.001147832,-0.490549975,127.9775965,83.43778776,-44.53980874,-0.34802817,211.4153843,117.7591423,93.65624194,99.36980513,112.0455791,0.557003658,0.442996342,0.470021638,0.529978362
Betula pubescens,Docksta,8,30,12.98271734,18.713025,0.835010121,12.14770722,5.73030766,2.86515383,8.59546149,0.662069524,0.142353888,0.163530184,0.021176296,0.148758115,0.002609455,0.00291075,0.000301295,0.115462807,119.028133,82.79775751,-36.23037549,-0.304384977,201.8258905,133.6227713,68.20311924,99.9300141,101.8958764,0.662069524,0.337930476,0.495129806,0.504870194
Betula pubescens,Docksta,8,35,10.43771417,17.76710743,0.693660645,9.744053525,7.32939326,3.66469663,10.99408989,1.053304364,0.182338139,0.186706047,0.004367908,0.023954988,0.005621789,0.005306847,-0.000314942,-0.056021669,132.8577973,71.18050642,-61.67729088,-0.464235387,204.0383037,214.9144358,-10.8761321,108.1916314,95.84667236,1.053304364,-0.053304364,0.530251572,0.469748428
Betula pubescens,Dunker,2,25,5.768726596,8.188174837,0.434345075,5.334381521,2.419448241,1.209724121,3.629172362,0.629111521,0.046114005,0.049918697,0.003804692,0.082506215,0.00061881,0.000665045,4.62E-05,0.074715987,56.59642927,31.16832679,-25.42810248,-0.449288105,87.76475606,55.21381915,32.55093691,43.12656645,44.63818961,0.629111521,0.370888479,0.491388211,0.508611789
Betula pubescens,Dunker,2,30,5.959793602,8.234023518,0.444956937,5.514836665,2.274229916,1.137114958,3.411344874,0.572393123,0.056213627,0.064285296,0.008071669,0.143589187,0.001247185,0.001376397,0.000129212,0.103602914,79.03139148,32.59310757,-46.43828391,-0.587592892,111.6244991,63.89309565,47.7314034,58.52354976,53.10094929,0.572393123,0.427606877,0.524289473,0.475710527
Betula pubescens,Dunker,2,35,6.8148736,8.71733231,0.49244808,6.32242552,1.90245871,0.951229355,2.853688065,0.418744093,0.070372217,0.060199982,-0.010172235,-0.14454902,0.002531923,0.002191129,-0.000340794,-0.13459888,116.5371304,46.66341575,-69.87371465,-0.599583278,163.2005462,68.33926469,94.86128146,90.62736783,72.57317832,0.418744093,0.581255907,0.555312896,0.444687104
Betula pubescens,Dunker,5,25,8.488197109,11.56551549,0.585384467,7.902812642,3.077318381,1.538659191,4.615977572,0.543811308,0.052162307,0.097070555,0.044908248,0.860932934,0.001014673,0.001818115,0.000803442,0.791823573,78.29481002,46.94898943,-31.34582059,-0.400356302,125.2437995,68.10899438,57.13480507,60.86067401,64.38312544,0.543811308,0.456188692,0.485937621,0.514062379
Betula pubescens,Dunker,5,30,8.337346201,11.71149506,0.577006208,7.760339993,3.374148859,1.68707443,5.061223289,0.607054471,0.064568704,0.057122122,-0.007446582,-0.115328039,0.00168105,0.00147341,-0.00020764,-0.123518039,97.46061411,51.02206125,-46.43855286,-0.47648533,148.4826754,90.13707196,58.3456034,76.75552704,71.72714832,0.607054471,0.392945529,0.516932543,0.483067457
Betula pubescens,Dunker,5,35,7.051942731,12.34888551,0.505614899,6.546327832,5.296942779,2.64847139,7.945414169,1.126698624,0.081803003,0.088179152,0.006376149,0.07794517,0.002907918,0.003161442,0.000253524,0.087184027,94.78371084,28.51574748,-66.26796336,-0.699149282,123.2994583,138.92133,-15.62187166,63.39445826,59.90500006,1.126698624,-0.126698624,0.514150339,0.485849661
Betula pubescens,Dunker,7,25,7.103839184,9.360847439,0.508497228,6.595341956,2.257008255,1.128504128,3.385512383,0.476575031,0.0399,0.037234817,-0.002665183,-0.066796566,0.000532678,0.000505593,-2.71E-05,-0.050846853,73.42957319,34.17263016,-39.25694303,-0.534620335,107.6022034,51.28052345,56.3216799,52.79123108,54.81097227,0.476575031,0.523424969,0.490614778,0.509385222
Betula pubescens,Dunker,7,30,7.725394488,9.123721333,0.54301841,7.182376078,1.398326845,0.699163423,2.097490268,0.271505911,0.040943415,0.038321355,-0.00262206,-0.064041067,0.001020958,0.000905929,-0.000115029,-0.11266771,98.41824489,43.89633059,-54.5219143,-0.553981778,142.3145755,38.63924845,103.675327,74.27533169,68.03924379,0.271505911,0.728494089,0.521909519,0.478090481
Betula pubescens,Dunker,7,35,7.805593905,12.79704104,0.547472685,7.25812122,4.991447135,2.495723568,7.487170703,0.959205769,0.075117495,0.073301819,-0.001815676,-0.024171147,0.002784165,0.002664132,-0.000120033,-0.043112747,103.2539677,51.24912751,-52.00484019,-0.503659485,154.5030952,148.2002602,6.302834989,82.18714639,72.31594882,0.959205769,0.040794231,0.531944983,0.468055017
Betula pubescens,Nobbele,1,25,5.498600295,7.255998426,0.41934226,5.079258035,1.757398131,0.878699066,2.636097197,0.479412406,0.040508594,0.025977206,-0.014531388,-0.358723583,0.000600573,0.000386611,-0.000213962,-0.356263102,24.25993227,19.7253628,-4.53456947,-0.186915999,43.98529507,21.08709613,22.89819894,14.66059593,29.32469914,0.479412406,0.520587594,0.333306754,0.666693246
Betula pubescens,Nobbele,1,30,5.13670427,7.11948386,0.399242555,4.737461715,1.98277959,0.991389795,2.974169385,0.579003429,0.047975536,0.050050223,0.002074687,0.043244686,0.001100034,0.00111697,1.69E-05,0.015395888,49.5504272,25.90939621,-23.64103099,-0.477110538,75.45982341,43.69149649,31.76832692,36.60867089,38.85115252,0.579003429,0.420996571,0.485141221,0.514858779
Betula pubescens,Nobbele,1,35,4.841914895,6.169336063,0.382869953,4.459044942,1.327421168,0.663710584,1.991131752,0.41122816,0.061219105,0.050553969,-0.010665136,-0.174212544,0.002259946,0.00183405,-0.000425896,-0.18845406,69.16645041,32.61409042,-36.55235999,-0.528469508,101.7805408,41.85502451,59.92551632,54.94192083,46.83862,0.41122816,0.58877184,0.539807712,0.460192288
Betula pubescens,Nobbele,2,25,5.021830078,6.732226223,0.392862443,4.628967635,1.710396145,0.855198073,2.565594218,0.510888297,0.019730865,0.005049568,-0.014681297,-0.744077718,0.00029397,7.61E-05,-0.00021787,-0.741130047,51.95199904,25.61184725,-26.34015179,-0.507009399,77.56384629,39.62646136,37.93738493,38.31768399,39.2461623,0.510888297,0.489111703,0.494014748,0.505985252
Betula pubescens,Nobbele,2,30,5.57909701,7.502288567,0.423813048,5.155283962,1.923191557,0.961595779,2.884787336,0.517070653,0.030622674,0.030510194,-0.00011248,-0.003673095,0.00077356,0.000740286,-3.33E-05,-0.043014117,61.56527539,31.88131308,-29.68396231,-0.482154301,93.44658847,48.31848854,45.12809993,47.42013362,46.02645485,0.517070653,0.482929347,0.507457087,0.492542913
Betula pubescens,Nobbele,2,35,5.586946573,9.518046162,0.424249013,5.16269756,3.931099589,1.965549795,5.896649384,1.055433287,0.062246643,0.064125234,0.001878591,0.030179796,0.002231207,0.002322625,9.14E-05,0.040972442,63.03005966,36.59566937,-26.43439029,-0.419393388,99.62572903,105.1483106,-5.522581588,51.51862849,48.10710054,1.055433287,-0.055433287,0.517121721,0.482878279
Betula pubescens,Nobbele,8,30,7.90271001,11.73206584,0.552866514,7.349843496,3.82935583,1.914677915,5.744033745,0.726843543,0.074238134,0.079682927,0.005444793,0.073342266,0.001690983,0.001458133,-0.00023285,-0.13770097,89.62086537,41.44354234,-48.17732303,-0.537568153,131.0644077,95.26331849,35.80108922,66.30237845,64.76202926,0.726843543,0.273156457,0.505876306,0.494123694
Betula pubescens,Nobbele,8,35,8.946638233,12.76590161,0.610846287,8.335791946,3.819263377,1.909631689,5.728895066,0.64034053,0.09429347,0.083962391,-0.010331079,-0.109563038,0.003325328,0.002983122,-0.000342206,-0.102908946,114.2428374,56.83168291,-57.41115449,-0.50253614,171.0745203,109.545949,61.52857135,90.19197825,80.88254206,0.64034053,0.35965947,0.527208716,0.472791284
Betula pubescens,Riningsholm,1,25,11.37804722,18.01005222,0.745886743,10.63216048,6.632005,3.3160025,9.9480075,0.874315892,0.135063927,0.130166409,-0.004897518,-0.03626074,0.00176058,0.001682021,-7.86E-05,-0.044621091,82.6957858,65.38687915,-17.30890665,-0.209308207,148.082665,129.4710272,18.61163771,68.38031738,79.70234757,0.874315892,0.125684108,0.461771251,0.538228749
Betula pubescens,Riningsholm,1,30,9.745485602,14.45174518,0.65521427,9.090271332,4.706259578,2.353129789,7.059389367,0.724375332,0.111684609,0.123735205,0.012050596,0.107898448,0.001967051,0.002114522,0.000147471,0.074970603,73.50374612,53.98747896,-19.51626716,-0.265513912,127.4912251,92.35149848,35.1397266,59.00618845,68.48503663,0.724375332,0.275624668,0.462825488,0.537174512
Betula pubescens,Riningsholm,1,35,9.14011055,14.42370157,0.62159174,8.51851881,5.28359102,2.64179551,7.92538653,0.867099636,0.121056299,0.105291192,-0.015765107,-0.130229547,0.005635995,0.004845142,-0.000790853,-0.140321807,98.15879164,67.46147982,-30.69731182,-0.31273115,165.6202715,143.6092771,22.01099438,86.03988617,79.58038529,0.867099636,0.132900364,0.519500937,0.480499063
Betula pubescens,Riningsholm,5,25,7.044591869,11.64831836,0.505206632,6.539385237,4.603726491,2.301863246,6.905589737,0.980268249,0.041430422,0.041619114,0.000188692,0.004554431,0.000547867,0.000550857,2.99E-06,0.005457529,53.12757863,38.38286129,-14.74471734,-0.277534149,91.51043992,89.70477871,1.805661212,42.22138163,49.28905829,0.980268249,0.019731751,0.461383222,0.538616778
Betula pubescens,Riningsholm,5,30,7.240375059,9.98554664,0.516080431,6.724294628,2.745171581,1.372585791,4.117757372,0.568721556,0.066282775,0.062095942,-0.004186833,-0.06316623,0.001281855,0.001238848,-4.30E-05,-0.033550597,68.44328079,46.40499652,-22.03828427,-0.321993394,114.8482773,65.31669101,49.5315863,57.25785138,57.59042593,0.568721556,0.431278444,0.498552113,0.501447887
Betula pubescens,Riningsholm,5,35,7.202865511,9.707623062,0.51399715,6.688868361,2.504757551,1.252378776,3.757136327,0.521616893,0.084143329,0.068355048,-0.015788281,-0.187635564,0.0025645,0.002308147,-0.000256353,-0.099962176,65.28005741,45.81627048,-19.46378693,-0.298158239,111.0963279,57.94972135,53.14660654,54.85657723,56.23975066,0.521616893,0.478383107,0.493774891,0.506225109
Betula pubescens,Riningsholm,6,25,7.664713557,10.51085498,0.539648191,7.125065366,2.846141423,1.423070712,4.269212135,0.556995653,0.082068792,0.091994401,0.009925609,0.12094255,0.00110442,0.001228519,0.000124099,0.112365767,52.58981647,30.80765617,-21.7821603,-0.4141897,83.39747264,46.45202975,36.94544289,35.15907894,48.2383937,0.556995653,0.443004347,0.421584466,0.578415534
Betula pubescens,Riningsholm,6,30,8.324147417,12.83566759,0.576273148,7.747874269,4.511520173,2.255760087,6.76728026,0.812969776,0.077637107,0.076396293,-0.001240814,-0.015982229,0.001489504,0.001498642,9.14E-06,0.006134928,75.55551897,47.73784496,-27.81767401,-0.368175275,123.2933639,100.2337784,23.0595855,59.99784951,63.29551442,0.812969776,0.187030224,0.486626754,0.513373246
Betula pubescens,Riningsholm,6,35,6.448096055,10.14414924,0.472077255,5.9760188,3.696053185,1.848026593,5.544079778,0.859801053,0.0634685,0.061941991,-0.001526509,-0.024051443,0.002152038,0.002065962,-8.61E-05,-0.039997435,75.78268817,44.43581348,-31.34687469,-0.41364163,120.2185017,103.3639943,16.85450735,62.95074495,57.2677567,0.859801053,0.140198947,0.52363608,0.47636392
Betula pubescens,Riningsholm,7,25,11.27519562,15.48393141,0.740174365,10.53502126,4.20873579,2.104367895,6.313103685,0.55991079,0.093796766,0.130959271,0.037162505,0.396202413,0.001267562,0.001754081,0.000486519,0.383822645,91.56886941,62.63959642,-28.92927299,-0.315929127,154.2084658,86.3429839,67.86548193,72.73845557,81.47001026,0.55991079,0.44008921,0.47168912,0.52831088
Betula pubescens,Riningsholm,7,30,8.498360533,12.24917358,0.585948944,7.912411589,3.750813047,1.875406524,5.626219571,0.662035877,0.111740004,0.096374888,-0.015365116,-0.137507745,0.002234741,0.001993409,-0.000241332,-0.107991038,73.37220676,52.41404786,-20.9581589,-0.285641659,125.7862546,83.27501342,42.5112412,61.19520833,64.59104629,0.662035877,0.337964123,0.486501554,0.513498446
Betula pubescens,Riningsholm,7,35,6.232283519,10.04489544,0.460091027,5.772192492,3.812611921,1.906305961,5.718917882,0.917628003,0.084429231,0.086315233,0.001886002,0.022338259,0.002801683,0.002881775,8.01E-05,0.028587103,95.49018234,50.73849866,-44.75168368,-0.468652196,146.228681,134.1835326,12.04514843,80.86636462,65.36231638,0.917628003,0.082371997,0.553013021,0.446986979
Betula pubescens,Riningsholm,8,25,11.71152613,16.47197749,0.764408161,10.94711797,4.76045136,2.38022568,7.14067704,0.609713624,0.130799035,0.122895291,-0.007903744,-0.060426623,0.00172402,0.001645157,-7.89E-05,-0.045743669,80.6430028,62.31910686,-18.32389594,-0.227222391,142.9621097,87.16594598,55.79616368,64.07733676,78.8847729,0.609713624,0.390286376,0.448212026,0.551787974
Betula pubescens,Riningsholm,8,35,8.214049139,10.23829226,0.570158289,7.64389085,2.024243121,1.012121561,3.036364682,0.369655042,0.094554471,0.081731993,-0.012822478,-0.135609431,0.003143686,0.002821904,-0.000321782,-0.102358187,120.7624769,68.77775307,-51.98472383,-0.430470831,189.54023,70.06450172,119.4757283,104.4560223,85.08420769,0.369655042,0.630344958,0.551102118,0.448897882
Betula pubescens,Skelleftea,6,25,5.93718613,8.004751204,0.443701318,5.493484812,2.067565074,1.033782537,3.101347611,0.522359842,0.074264218,0.032336802,-0.041927416,-0.564570895,0.001094426,0.000477878,-0.000616548,-0.563352844,45.00223075,20.7555586,-24.24667215,-0.538788228,65.75778935,34.34922848,31.40856087,28.00602989,37.75175946,0.522359842,0.477640158,0.425896767,0.574103233
Betula pubescens,Skelleftea,6,30,6.37783698,9.485362756,0.468175066,5.909661914,3.107525776,1.553762888,4.661288664,0.730857292,0.075592387,0.079640545,0.004048158,0.053552456,0.001809985,0.001860096,5.01E-05,0.027685865,55.88336889,38.78209859,-17.1012703,-0.306017168,94.66546748,69.18694721,25.47852027,46.10274637,48.56272111,0.730857292,0.269142708,0.487007011,0.512992989
Betula pubescens,Skelleftea,6,35,5.550428226,7.946384049,0.422220784,5.128207442,2.395955823,1.197977912,3.593933735,0.647505668,0.100962216,0.091922768,-0.009039448,-0.089532979,0.003054833,0.002882513,-0.00017232,-0.056408976,71.60423639,12.61769606,-58.98654033,-0.823785621,84.22193245,54.53417861,29.68775384,41.34681303,42.87511942,0.647505668,0.352494332,0.49092691,0.50907309
Betula pubescens,Skelleftea,7,25,3.539143649,4.740938348,0.310514038,3.228629611,1.201794699,0.60089735,1.802692049,0.509358259,0.022489686,0.014093577,-0.008396109,-0.373331535,0.000337897,0.000211968,-0.000125929,-0.372684575,23.35252747,16.6096789,-6.74284857,-0.288741704,39.96220637,20.35507987,19.6071265,17.20375452,22.75845185,0.509358259,0.490641741,0.430500617,0.569499383
Betula pubescens,Skelleftea,7,30,3.676140972,4.917816823,0.31812287,3.358018102,1.241675851,0.620837926,1.862513777,0.506649171,0.04734246,0.022685919,-0.024656541,-0.520812417,0.000990076,0.000513625,-0.000476451,-0.481226694,39.87664767,17.71883463,-22.15781304,-0.555658871,57.5954823,29.18070337,28.41477893,28.59394561,29.00153669,0.506649171,0.493350829,0.496461605,0.503538395
Betula pubescens,Skelleftea,8,25,9.375392548,13.17277097,0.634659302,8.740733246,3.797378422,1.898689211,5.696067633,0.607555108,0.113781766,0.105493688,-0.008288078,-0.072841882,0.001501831,0.001412212,-8.96E-05,-0.059673159,55.22952388,40.54601219,-14.68351169,-0.265863449,95.77553607,58.18891617,37.5866199,38.84931059,56.92622548,0.607555108,0.392444892,0.405628746,0.594371254
Betula pubescens,Skelleftea,8,30,9.498328781,13.47212777,0.64148718,8.856841601,3.973798989,1.986899495,5.960698484,0.627552343,0.144589995,0.130207187,-0.014382808,-0.099473051,0.002857785,0.002557349,-0.000300436,-0.105128972,73.87129014,50.11894687,-23.75234327,-0.321536868,123.990237,77.81036378,46.17987323,57.33128126,66.65895575,0.627552343,0.372447657,0.462385448,0.537614552
Betula pubescens,Skelleftea,8,35,4.443402931,6.979932177,0.360736599,4.082666332,2.536529246,1.268264623,3.804793869,0.856279281,0.092553772,0.079519875,-0.013033897,-0.14082513,0.002862078,0.002453751,-0.000408327,-0.14266802,64.34230659,40.16188912,-24.18041747,-0.375808993,104.5041957,89.48477761,15.0194181,57.82038932,46.68380639,0.856279281,0.143720719,0.553282946,0.446717054
Betula pubescens,Ystad,1,25,10.74261485,15.08274389,0.710594829,10.03202002,4.34012904,2.17006452,6.51019356,0.606015728,0.064341623,0.066140651,0.001799028,0.027960563,0.000869966,0.000887008,1.70E-05,0.019589271,109.5274851,55.62920985,-53.89827525,-0.492098172,165.156695,100.0875547,65.06914021,81.45749037,83.69920458,0.606015728,0.393984272,0.493213372,0.506786628
Betula pubescens,Ystad,1,30,5.899820132,7.873889114,0.44162601,5.458194122,1.974068982,0.987034491,2.961103473,0.501897245,0.074092107,0.057453891,-0.016638216,-0.224561248,0.001320188,0.001027092,-0.000293096,-0.222010805,73.25948329,32.28221318,-40.97727011,-0.559344241,105.5416965,52.97108674,52.57060973,54.62827729,50.91341918,0.501897245,0.498102755,0.517599007,0.482400993
Betula pubescens,Ystad,1,35,5.872688632,7.745527814,0.440119127,5.432569505,1.872839182,0.936419591,2.809258773,0.478359904,0.082205666,0.062417883,-0.019787783,-0.240710695,0.00270076,0.001830324,-0.000870436,-0.322292984,52.87440708,37.76075745,-15.11364963,-0.285840551,90.63516453,43.35622865,47.27893588,44.76294,45.87222453,0.478359904,0.521640096,0.493880496,0.506119504
Betula pubescens,Ystad,2,25,9.098986639,11.90744719,0.619307718,8.479678921,2.808460551,1.404230276,4.212690827,0.462984615,0.091539722,0.056704536,-0.034835186,-0.380547212,0.001251534,0.000782699,-0.000468835,-0.374608281,77.03139631,45.14287227,-31.88852404,-0.413967883,122.1742686,56.56480671,65.60946187,57.18554802,64.98872056,0.462984615,0.537015385,0.468065401,0.531934599
Betula pubescens,Ystad,2,30,5.066194521,6.978576833,0.395326444,4.670868077,1.912382312,0.956191156,2.868573468,0.56621858,0.063733696,0.051292314,-0.012441382,-0.195208858,0.001257818,0.001030796,-0.000227022,-0.180488751,68.08581154,33.11597625,-34.96983529,-0.513614136,101.2017878,57.30233258,43.89945521,53.95800647,47.24378132,0.56621858,0.43378142,0.533172463,0.466827537
Betula pubescens,Ystad,2,35,3.437245959,5.628721236,0.304854641,3.132391318,2.191475277,1.095737639,3.287212916,0.956350798,0.041779981,0.040826469,-0.000953512,-0.022822222,0.001300849,0.001301178,3.29E-07,0.000252912,58.33383036,23.22752236,-35.106308,-0.601817295,81.56135272,78.00126475,3.560087968,45.20824592,36.3531068,0.956350798,0.043649202,0.554285141,0.445714859
Betula pubescens,Ystad,4,25,6.628032367,9.468418898,0.482070918,6.145961449,2.840386531,1.420193266,4.260579797,0.642812159,0.066983719,0.052936636,-0.014047083,-0.209708914,0.000921785,0.000738155,-0.00018363,-0.199211313,63.9499818,38.603067,-25.3469148,-0.396355309,102.5530488,65.92234672,36.63070208,50.69394622,51.85910258,0.642812159,0.357187841,0.494319251,0.505680749
Betula pubescens,Ystad,4,30,7.5966794,10.37868504,0.535869574,7.060809826,2.78200564,1.39100282,4.17300846,0.54932007,0.067248512,0.059395491,-0.007853021,-0.11677613,0.001191438,0.001039701,-0.000151737,-0.127356186,86.44624831,42.40146245,-44.04478586,-0.509504886,128.8477108,70.7786335,58.06907726,65.64066211,63.20704865,0.54932007,0.45067993,0.509443759,0.490556241
Betula pubescens,Ystad,4,35,5.984118157,8.818602381,0.446307922,5.537810235,2.834484224,1.417242112,4.251726336,0.710501736,0.071497951,0.059477914,-0.012020037,-0.168117223,0.002254763,0.001795826,-0.000458937,-0.203541126,78.813377,45.32615728,-33.48721972,-0.424892588,124.1395343,88.20135455,35.93817973,66.8020411,57.33749318,0.710501736,0.289498264,0.538120603,0.461879397
Betula pubescens,Ystad,5,25,9.129632163,12.40468797,0.62100977,8.508622393,3.275055807,1.637527904,4.912583711,0.538092184,0.057634692,0.052012225,-0.005622467,-0.097553519,0.00080037,0.000728353,-7.20E-05,-0.089979634,86.83024861,52.00590301,-34.8243456,-0.401062374,138.8361516,74.70664806,64.12950356,68.21174865,70.62440297,0.538092184,0.461907816,0.491311145,0.508688855
Betula pubescens,Ystad,5,30,8.531221051,12.70412777,0.587774017,7.943447034,4.172906719,2.08645336,6.259360079,0.733700374,0.066847616,0.06405897,-0.002788646,-0.041716462,0.001337427,0.001271937,-6.55E-05,-0.048967159,88.40165321,56.32272485,-32.07892836,-0.362877019,144.7243781,106.1843304,38.5400477,73.7329959,70.99138216,0.733700374,0.266299626,0.509471845,0.490528155
Betula pubescens,Ystad,5,35,4.469986451,6.948625026,0.362213047,4.107773404,2.478638575,1.239319288,3.717957863,0.831760432,0.051574984,0.047309264,-0.00426572,-0.08270909,0.001573536,0.001426504,-0.000147032,-0.093440506,68.88332545,35.78986673,-33.09345872,-0.480427716,104.6731922,87.06301957,17.61017261,57.86216425,46.81102793,0.831760432,0.168239568,0.552788761,0.447211239
Betula pubescens,Ystad,7,25,5.828593892,7.634644302,0.437670105,5.390923787,1.80605041,0.903025205,2.709075615,0.464790594,0.064181211,0.06324935,-0.000931861,-0.014519218,0.000897177,0.000887633,-9.54E-06,-0.010637812,131.8940993,50.22914153,-81.66495777,-0.61917067,182.1232408,84.64916922,97.47407161,105.8725768,76.25066399,0.464790594,0.535209406,0.581323813,0.418676187