"sp","treeid","setTleaf","anet.21p","anet.0p","anet.delta","pr.proxy","gsw.21p","gsw.0p","gsw.delta","gsw.percent","E.21p","E.0p","E.delta","E.percent","ETR.21p","ETR.0p","ETR.delta","ETR.percent","Ca.21p","Ci.21p","C.21p","Ca.0p","Ci.0p","C.0p","Ca.delta","Ci.delta","C.delta","Ca.prop","Ci.prop","C.prop","NPQ.21p","NPQ.0p"
"Acer platanoides","1","25","4.548229394","6.830798378","2.282568984","0.501858808399408","0.030415138","0.045668858","0.01525372","0.50151736940993","0.000407591","0.000616977","0.000209386","0.513715955455346","41.76348469","18.8021544","-22.96133029","-0.549794406775111","418.4160323","171.6629563","246.753076","417.6440323","171.6629563","245.981076","-0.771999999999991","0","-0.771999999999991","-0.00184505358400434","0","-0.00312863374396188","-0.999235389","-0.999160598"
"Acer platanoides","1","30","10.42569738","14.06804817","3.64235079","0.349362796294784","0.163419743","0.12324839","-0.040171353","-0.245817012452406","0.003624564","0.002790567","-0.000833997","-0.23009581290329","59.587367","47.07855936","-12.50880764","-0.209923818919537","415.9992","298.3109744","117.6882256","414.8868667","298.3109744","116.5758923","-1.11233329999999","0","-1.11233329999999","-0.00267388326708318","0","-0.00945152579477746","-0.999182683","-0.999088316"
"Acer platanoides","1","35","10.02979729","15.79742466","5.76762737","0.575049246085013","0.124532211","0.132293131","0.00776092","0.0623205830658544","0.003515803","0.003830112","0.000314309","0.0893989225221095","79.94928635","49.31898561","-30.63030074","-0.383121627951842","416.1154333","268.9644969","147.1509364","414.1616333","268.9644969","145.1971364","-1.9538","0","-1.9538","-0.00469533173644968","0","-0.0132775233906021","-0.998823802","-0.998900124"
"Acer platanoides","2","30","9.42240983","11.68267727","2.26026744","0.23988209818719","0.182659012","0.119748477","-0.062910535","-0.344415171806579","0.003872403","0.002645545","-0.001226858","-0.316820847416966","34.3184495","30.37773379","-3.94071571","-0.114827906488025","416.3172258","318.5997893","97.7174365","415.7033333","318.5997893","97.103544","-0.61389250000002","0","-0.61389250000002","-0.00147457866731399","0","-0.00628232301202478","-0.999451667","-0.999255756"
"Acer platanoides","2","35","4.348076438","9.221238328","4.87316189","1.12076270035435","0.073602448","0.091909783","0.018307335","0.248732691608301","0.002180884","0.002637027","0.000456143","0.209155094906469","40.5757486","17.51759257","-23.05815603","-0.568274322115649","418.2384333","305.2787284","112.9597049","416.4335667","305.2787284","111.1548383","-1.80486660000003","0","-1.80486660000003","-0.00431540111165586","0","-0.0159779684410279","-0.999272027","-0.999393073"
"Acer platanoides","3","30","7.483388816","12.20624096","4.722852144","0.631111420256852","0.095568433","0.132108682","0.036540249","0.382346428134905","0.002127634","0.002968374","0.00084074","0.395152549733648","48.49470716","27.97166643","-20.52304073","-0.423201663271988","417.1950323","277.474947","139.7200853","415.5299","277.474947","138.054953","-1.66513229999998","0","-1.66513229999998","-0.0039912562976124","0","-0.011917630141899","-0.999292835","-0.99935682"
"Acer platanoides","3","35","8.889634801","7.903302642","-0.986332159","-0.110953057249219","0.118316118","0.065038961","-0.053277157","-0.450295005453103","0.003754026","0.002013227","-0.001740799","-0.463715222004323","67.15871372","32.36568646","-34.79302726","-0.518071674288761","416.4982","276.1466477","140.3515523","417.0797667","276.1466477","140.933119","0.581566699999996","0","0.581566699999996","0.00139632464197924","0","0.00414364280600833","-0.999449036","-0.999314144"
"Acer platanoides","4","25","7.641752092","9.385743149","1.743991057","0.22821874303221","0.060876178","0.098220784","0.037344606","0.613451882606691","0.000811307","0.001295769","0.000484462","0.597137704962486","43.84683566","30.56214726","-13.2846884","-0.302979410031159","416.8595","207.3793949","209.4801051","416.6969355","207.3793949","209.3175406","-0.16256450000003","0","-0.16256450000003","-0.00038997431988483","0","-0.000776037895925375","-0.999305503","-0.999192549"
"Acer platanoides","4","30","11.75780806","15.94409491","4.18628685","0.356043135645472","0.171886788","0.198171923","0.026285135","0.152921206486213","0.003720951","0.004337595","0.000616644","0.16572215006325","72.81464708","56.06034981","-16.75429727","-0.230095151756931","415.5791667","290.6265618","124.9526049","414.0818667","290.6265618","123.4553049","-1.4973","0","-1.4973","-0.00360292363038707","0","-0.0119829434624295","-0.99911522","-0.9991778"
"Acer platanoides","4","35","14.23522548","19.64561599","5.41039051","0.380070587403158","0.221644356","0.186486955","-0.035157401","-0.158620781663396","0.006240397","0.005268359","-0.000972038","-0.155765410437829","100.7664443","67.24775985","-33.51868445","-0.332637364381031","414.398871","291.6170202","122.7818508","412.7235806","291.6170202","121.1065604","-1.67529039999999","0","-1.67529039999999","-0.0040427002032059","0","-0.013644446545515","-0.999098893","-0.998976796"
"Acer platanoides","5","25","11.12565617","13.02732127","1.9016651","0.170926107273366","0.167110706","0.153903667","-0.013207039","-0.0790316749664142","0.002153281","0.002021408","-0.000131873","-0.0612428196784348","43.16753823","46.20354464","3.03600641","0.0703307748017485","415.91","299.0382941","116.8717059","415.3734667","299.0382941","116.3351726","-0.536533300000031","0","-0.536533300000031","-0.00129002260104357","0","-0.00459078864185579","-0.999295743","-0.998948506"
"Acer platanoides","5","30","11.19484057","15.82135265","4.62651208","0.413271814910715","0.141080521","0.119938157","-0.021142364","-0.149860263132995","0.002801635","0.002413485","-0.00038815","-0.138544100141524","62.80696165","48.49585652","-14.31110513","-0.227858580546381","415.4443667","274.4728532","140.9715135","413.7150323","274.4728532","139.2421791","-1.72933439999997","0","-1.72933439999997","-0.00416261367012049","0","-0.0122672613570257","-0.999163519","-0.99903619"
"Acer platanoides","5","35","8.559844326","14.3794754","5.819631074","0.679875807591877","0.096887189","0.108201971","0.011314782","0.116783055807306","0.002724352","0.003074059","0.000349707","0.128363368610224","57.02255479","38.88966392","-18.13289087","-0.317995062423614","416.7630333","257.851074","158.9119593","414.7523548","257.851074","156.9012808","-2.01067850000004","0","-2.01067850000004","-0.00482451258711491","0","-0.0126527827663631","-0.999157632","-0.99922467"
"Acer platanoides","6","25","12.49737842","15.63803653","3.14065811","0.25130535416723","0.213275837","0.162148702","-0.051127135","-0.239723054046671","0.002692316","0.002124318","-0.000567998","-0.210970034721036","46.02980063","49.82158598","3.79178535","0.0823767493689447","415.4690667","311.0044053","104.4646614","414.5253667","311.0044053","103.5209614","-0.943699999999978","0","-0.943699999999978","-0.00227140857319566","0","-0.00903367691382742","-0.999452419","-0.998957811"
"Acer platanoides","6","30","13.80940639","17.34294153","3.53353514","0.255878858236715","0.231187806","0.176254075","-0.054933731","-0.237615175084105","0.004786702","0.003710485","-0.001076217","-0.224834760969035","83.11174248","54.3817139","-28.73002858","-0.345679536040453","414.7348","303.3786192","111.3561808","413.6857742","303.3786192","110.307155","-1.04902579999998","0","-1.04902579999998","-0.00252938938328778","0","-0.00942045419000201","-0.999309715","-0.999146499"
"Acer platanoides","6","35","7.233456329","9.460146401","2.226690072","0.307832102762944","0.074223072","0.049145995","-0.025077077","-0.337860941675925","0.002252496","0.00148963","-0.000762866","-0.338675851144686","61.66608103","34.67219855","-26.99388248","-0.43774279197129","417.2649333","243.2968944","173.9680389","416.6127419","243.2968944","173.3158475","-0.652191399999992","0","-0.652191399999992","-0.00156301512049441","0","-0.00374891505430422","-0.999215607","-0.999163925"
"Acer platanoides","7","25","9.299749485","8.384063043","-0.915686442","-0.0984635600643817","0.096949809","0.108007785","0.011057976","0.114058770347861","0.001286041","0.00144576","0.000159719","0.124194329729768","44.21214816","29.87391656","-14.3382316","-0.324305246334359","416.7250333","253.6934952","163.0315381","417.0472258","253.6934952","163.3537306","0.322192499999971","0","0.322192499999971","0.000773153696691951","0","0.00197625872732885","-0.999218997","-0.999005432"
"Acer platanoides","7","30","5.242007173","8.310019382","3.068012209","0.58527432484305","0.070758062","0.099293287","0.028535225","0.403278781151468","0.001603679","0.002188551","0.000584872","0.36470640321411","48.59089258","22.9818681","-25.60902448","-0.527033423760169","418.0318387","285.2887273","132.7431114","416.9612581","285.2887273","131.6725308","-1.07058059999997","0","-1.07058059999997","-0.00256100253829774","0","-0.00806505579618327","-0.999118191","-0.999160483"
"Acer platanoides","7","35","8.113982315","10.62757671","2.513594395","0.309785540246152","0.099869929","0.079011494","-0.020858435","-0.208856011102201","0.002874286","0.00225175","-0.000622536","-0.216588050040949","58.21884222","39.63487473","-18.58396749","-0.319208812497062","416.8849032","268.8214785","148.0634247","416.1545806","268.8214785","147.3331021","-0.730322600000022","0","-0.730322600000022","-0.00175185667409417","0","-0.0049324983633181","-0.999076859","-0.998954857"
"Acer platanoides","8","25","7.755144631","8.656393424","0.901248792999999","0.116213021920622","0.097168694","0.107989219","0.010820525","0.111358139690547","0.001307996","0.001473529","0.000165533","0.1265546683629","38.18685711","35.82056509","-2.36629202","-0.0619661370189152","417.2172667","279.9527166","137.2645501","416.9211333","279.9527166","136.9684167","-0.296133399999974","0","-0.296133399999974","-0.000709782225319329","0","-0.00215739169205913","-0.999290796","-0.999162025"
"Acer platanoides","9","25","6.319735691","8.593680742","2.273945051","0.359816480021205","0.057207605","0.079236842","0.022029237","0.385075323464424","0.00077715","0.001082103","0.000304953","0.3923991507431","32.58073064","22.83310753","-9.74762311","-0.299183686753564","417.7820968","232.3155589","185.4665379","417.0055333","232.3155589","184.6899744","-0.776563499999952","0","-0.776563499999952","-0.00185877639551344","0","-0.00418708144764454","-0.999340101","-0.999150778"
"Acer platanoides","9","30","5.809436124","6.603033472","0.793597348","0.136604884030222","0.075408294","0.026912076","-0.048496218","-0.643115172450394","0.00152671","0.000557993","-0.000968717","-0.63451277583824","33.09214437","22.81155856","-10.28058581","-0.310665446610343","417.7811613","281.5975067","136.1836546","417.647","281.5975067","136.0494933","-0.134161300000017","0","-0.134161300000017","-0.000321128170505702","0","-0.000985149799321192","-0.999286273","-0.99914987"
"Acer platanoides","9","35","3.535764209","6.579330505","3.043566296","0.860794474997187","0.026464677","0.055967957","0.02950328","1.11481730912491","0.000793393","0.001645974","0.000852581","1.07460111193318","38.87619501","16.49063559","-22.38555942","-0.575816625424423","418.687","189.3893842","229.2976158","417.5835484","189.3893842","228.1941642","-1.10345160000003","0","-1.10345160000003","-0.00263550480430495","0","-0.00481231170306843","-0.999199256","-0.999257432"
"Fagus sylvatica","2","25","8.68494592","12.0774915","3.39254558","0.390623685081047","0.192489216","0.22056926","0.028080044","0.145878530670518","0.002422697","0.002753507","0.00033081","0.13654617147749","37.99147843","44.40934447","6.41786604","0.168929094239516","416.7768667","334.6165403","82.1603264","415.6076333","334.6165403","80.991093","-1.16923340000005","0","-1.16923340000005","-0.00280541818277471","0","-0.0142311192181443","-0.999431894","-0.999198412"
"Fagus sylvatica","2","30","10.34041404","14.24167651","3.90126247","0.377283003843819","0.250500478","0.204904419","-0.045596059","-0.182019848281487","0.004286212","0.004043707","-0.000242505","-0.0565779294164639","56.57133151","12.66496981","-43.9063617","-0.77612388692387","415.9768065","336.6370779","79.3397286","414.6409032","336.6370779","78.0038253","-1.33590329999998","0","-1.33590329999998","-0.0032114850614874","0","-0.0168377598912027","-0.999224632","-0.999473031"
"Fagus sylvatica","2","35","12.09496474","18.73807002","6.64310528","0.549245526779436","0.256733997","0.250245826","-0.00648817099999999","-0.0252719588204751","0.007760368","0.008010666","0.000250297999999999","0.0322533673660836","63.48822726","62.03152577","-1.45670149","-0.0229444347852783","414.9187419","318.0745452","96.8441967","412.6657419","318.0745452","94.5911967","-2.25299999999999","0","-2.25299999999999","-0.00542997886690542","0","-0.023264171491651","-0.999282424","-0.99903592"
"Fagus sylvatica","3","25","13.97339349","16.38143844","2.40804495","0.172330719214578","0.186987306","0.218487053","0.031499747","0.16845928033211","0.002425518","0.002835641","0.000410123","0.169086768269706","97.74002061","70.38395832","-27.35606229","-0.279885988556883","414.9587333","284.4177503","130.540983","414.1591333","284.4177503","129.741383","-0.799599999999998","0","-0.799599999999998","-0.00192693859854714","0","-0.00612527944576607","-0.999243845","-0.998794145"
"Fagus sylvatica","3","30","15.00028524","22.84770747","7.84742223","0.523151533750434","0.241378717","0.233390045","-0.007988672","-0.0330960082118591","0.00399251","0.003949206","-4.33040000000001e-05","-0.0108463097149412","86.03357427","85.21054139","-0.82303288","-0.00956641505346584","414.4437742","301.4250254","113.0187488","411.8026774","301.4250254","110.377652","-2.64109680000001","0","-2.64109680000001","-0.00637262993055721","0","-0.0233686607579929","-0.999157485","-0.998874621"
"Fagus sylvatica","3","35","13.69119397","24.27940162","10.58820765","0.773358968779551","0.217765733","0.236686335","0.018920602","0.0868851207182354","0.006413417","0.006754837","0.000341419999999999","0.0532352722425502","126.0299156","89.72240352","-36.30751208","-0.288086458735992","414.5411935","293.2729146","121.2682789","410.9634667","293.2729146","117.6905521","-3.57772679999999","0","-3.57772679999999","-0.0086305700280182","0","-0.0295025775285411","-0.998801993","-0.998739778"
"Fagus sylvatica","4","30","9.129552058","12.56708014","3.437528082","0.376527573331244","0.165644875","0.186051543","0.020406668","0.123195287508895","0.002913574","0.003174064","0.00026049","0.0894056577934866","58.99390267","44.32527535","-14.66862732","-0.248646498300907","416.5276129","315.4873618","101.0402511","415.4285806","315.4873618","99.9412188","-1.09903230000003","0","-1.09903230000003","-0.00263855808345626","0","-0.0108771730873107","-0.999168924","-0.999166263"
"Fagus sylvatica","4","35","7.564701251","14.18716725","6.622465999","0.875443164146708","0.162245804","0.172137925","0.009892121","0.060969965053765","0.004845028","0.005165217","0.000320188999999999","0.0660860989864247","42.81938435","50.32871065","7.5093263","0.175372122088906","416.8049333","322.2047534","94.6001799","414.5394194","322.2047534","92.334666","-2.26551390000003","0","-2.26551390000003","-0.00543542966745406","0","-0.0239483043520093","-0.999301125","-0.999221888"
"Fagus sylvatica","5","30","16.99801688","25.62265046","8.62463358","0.507390576258799","0.243152147","0.239643592","-0.00350855500000002","-0.0144294633762787","0.003976285","0.003805106","-0.000171179","-0.0430499825842465","119.0846806","105.5457167","-13.5389639","-0.113691902533431","413.7785484","288.1399833","125.6385651","410.9293333","288.1399833","122.78935","-2.84921509999998","0","-2.84921509999998","-0.00688584536587828","0","-0.0226778704272227","-0.999251758","-0.999084777"
"Fagus sylvatica","5","35","13.12714446","22.37402259","9.24687813","0.704408956431946","0.223945785","0.238559764","0.014613979","0.0652567718566349","0.006574664","0.006873792","0.000299128","0.0454970778734853","109.3661506","83.10896056","-26.25719004","-0.240085162510968","414.7170968","300.2591909","114.4579059","411.5806","300.2591909","111.3214091","-3.13649679999997","0","-3.13649679999997","-0.00756297925550094","0","-0.0274030594508717","-0.998975585","-0.998930647"
"Fagus sylvatica","6","35","13.31004005","20.28290316","6.97286311","0.523879949557327","0.220165347","0.208046729","-0.012118618","-0.0550432580109893","0.006577283","0.006127359","-0.000449924","-0.0684057535611589","64.33808473","71.54524756","7.20716283","0.112020164421205","414.6599677","297.0030161","117.6569516","412.3880968","297.0030161","115.3850807","-2.27187089999995","0","-2.27187089999995","-0.00547887685565928","0","-0.0193092789597649","-0.999436487","-0.999164443"
"Fagus sylvatica","7","25","10.15444349","11.05723168","0.902788189999999","0.0889057279100579","0.129371605","0.161913735","0.03254213","0.251539972778416","0.001673031","0.002107384","0.000434353","0.259620413489051","44.92058567","35.05664576","-9.86393991","-0.219586182211947","416.3838333","280.8911011","135.4927322","416.0534194","280.8911011","135.1623183","-0.330413899999996","0","-0.330413899999996","-0.000793532009591585","0","-0.00243860976625871","-0.999506734","-0.999041809"
"Fagus sylvatica","7","30","10.83156006","14.81690751","3.98534745","0.367938452810463","0.192479836","0.180572748","-0.011907088","-0.0618614824671816","0.00408488","0.003885554","-0.000199326","-0.0487960478643192","42.71963749","44.56182436","1.84218687000001","0.0431227177531933","415.8433","310.388828","105.454472","414.5077742","310.388828","104.1189462","-1.33552580000003","0","-1.33552580000003","-0.00321160831495909","0","-0.0126644776145674","-0.999420301","-0.999105958"
"Fagus sylvatica","7","35","8.669547615","14.54900179","5.879454175","0.678173122300799","0.203396366","0.18054417","-0.022852196","-0.112353020112464","0.005868231","0.005075751","-0.00079248","-0.135045808523898","62.18766309","44.69502378","-17.49263931","-0.281287934629158","416.2979032","328.1958641","88.1020391","414.428871","328.1958641","86.2330069","-1.86903219999999","0","-1.86903219999999","-0.00448965076603343","0","-0.0212144034246307","-0.999059922","-0.999105571"
"Fagus sylvatica","8","25","7.036040127","7.918180624","0.882140497","0.125374568802541","0.135935902","0.130275757","-0.00566014500000001","-0.0416383377512734","0.0017425","0.00171383","-2.867e-05","-0.0164533715925394","9.438951246","29.24880057","19.809849324","2.09873415040627","417.4419","325.0846254","92.3572746","417.1436333","325.0846254","92.0590079","-0.298266699999999","0","-0.298266699999999","-0.000714510689990629","0","-0.00322948789136313","-0.999608215","-0.999186357"
"Fagus sylvatica","9","25","5.403083029","9.072700894","3.669617865","0.679171103850161","0.061724308","0.097991616","0.036267308","0.587569292797904","0.000824171","0.00127741","0.000453239","0.54993320560903","17.86607444","30.99895905","13.13288461","0.735073877258512","418.0788667","269.252348","148.8265187","416.8321935","269.252348","147.5798455","-1.24667319999998","0","-1.24667319999998","-0.00298190915470154","0","-0.0083766872388716","-0.999517512","-0.999237838"
"Betula pendula","1","25","19.69518076","25.90993649","6.21475573","0.315547026743816","0.250855986","0.195846505","-0.055009481","-0.219287097259062","0.003118574","0.002502789","-0.000615785","-0.197457235262014","137.745437","110.5823041","-27.1631329","-0.197198059635181","413.0030968","275.3483842","137.6547126","410.9977333","275.3483842","135.6493491","-2.00536349999999","0","-2.00536349999999","-0.00485556528640535","0","-0.0145680700800067","-0.999397316","-0.999120485"
"Betula pendula","1","30","18.06021899","25.74222957","7.68201058","0.425355339503555","0.207346783","0.235587883","0.0282411","0.136202257837779","0.00345084","0.003907414","0.000456574","0.132308075714898","164.6401098","105.4954131","-59.1446967","-0.359236256413138","413.5325806","257.9635437","155.5690369","410.9049667","257.9635437","152.941423","-2.62761390000003","0","-2.62761390000003","-0.006354067426048","0","-0.0168903398282851","-0.999051378","-0.99898278"
"Betula pendula","1","35","20.51677759","27.47157431","6.95479672","0.338980948128512","0.197091658","0.170022284","-0.027069374","-0.137344087896404","0.004689835","0.004324042","-0.000365793","-0.0779969871008254","207.9359841","130.3735091","-77.562475","-0.37301131564943","412.5334194","225.4951911","187.0382283","410.2286129","225.4951911","184.7334218","-2.30480650000004","0","-2.30480650000004","-0.00558695705999338","0","-0.0123226493372427","-0.999111999","-0.998906635"
"Betula pendula","1b","35","11.1931296","16.63944761","5.44631801","0.486576873906651","0.089310752","0.039100577","-0.050210175","-0.562196307562162","0.002600217","0.001097261","-0.001502956","-0.578011758249408","137.9838367","47.06052944","-90.92330726","-0.658941724150507","415.8906129","198.0571028","217.8335101","414.2573667","198.0571028","216.2002639","-1.63324620000003","0","-1.63324620000003","-0.00392710522752948","0","-0.00749768113845414","-0.999182808","-0.999257129"
"Betula pendula","2","25","17.20816325","23.92167556","6.71351231","0.390135321967032","0.207559283","0.220740883","0.0131816","0.0635076389235744","0.002625467","0.002790877","0.00016541","0.0630021249552938","123.5885614","103.4655928","-20.1229686","-0.162822257756291","413.8717419","269.7762483","144.0954936","411.6967333","269.7762483","141.920485","-2.17500860000001","0","-2.17500860000001","-0.00525527205606016","0","-0.0150942166591115","-0.99921451","-0.999007673"
"Betula pendula","3a","25","15.19964411","16.11925782","0.919613710000002","0.060502318563826","0.230912795","0.225166914","-0.00574588100000001","-0.0248833374521321","0.002890727","0.002820919","-6.98080000000002e-05","-0.0241489424632628","84.08462626","71.83886756","-12.2457587","-0.145636119760283","414.5340645","298.0215655","116.512499","414.2579333","298.0215655","116.2363678","-0.276131200000009","0","-0.276131200000009","-0.000666124267333907","0","-0.00236997062435343","-0.999305966","-0.999060324"
"Betula pendula","3b","35","12.09141349","17.0836679","4.99225441","0.412875997841671","0.199276025","0.153200461","-0.046075564","-0.231214788633003","0.005532129","0.00425919","-0.001272939","-0.230099298118319","109.986559","58.08311809","-51.90344091","-0.471907125578863","415.2138333","298.7491232","116.4647101","413.7190323","298.7491232","114.9699091","-1.494801","0","-1.494801","-0.00360007514229415","0","-0.0128347977573337","-0.999119074","-0.999163226"
"Betula pendula","3c","30","8.074479713","17.16281567","9.088335957","1.12556304307356","0.11740323","0.153446509","0.036043279","0.307004151419003","0.002066109","0.002639019","0.00057291","0.277289339526617","42.54282121","60.72059819","18.17777698","0.427281888294874","417.0665806","294.7942716","122.272309","413.8824194","294.7942716","119.0881478","-3.18416120000001","0","-3.18416120000001","-0.00763465918419838","0","-0.026041556146617","-0.999296887","-0.999106119"
"Betula pendula","3c","35","11.97488078","18.76436592","6.78948514","0.566977263885545","0.182834679","0.18544481","0.00261013099999999","0.0142759076903566","0.005121222","0.005348542","0.00022732","0.0443878433701957","79.9000513","75.94046466","-3.95958664","-0.0495567471556805","415.2958065","291.215566","124.0802405","412.9916452","291.215566","121.7760792","-2.30416130000003","0","-2.30416130000003","-0.00554824119082462","0","-0.0185699293514831","-0.999200681","-0.999078201"
"Betula pendula","4","25","21.53496978","21.4209041","-0.11406568","-0.00529676526901537","0.242328464","0.198235474","-0.04409299","-0.181955471809535","0.003125192","0.002586148","-0.000539044","-0.172483482614828","191.1167359","97.36311652","-93.75361938","-0.490556826112056","412.4466129","257.7004632","154.7461497","412.4915","257.7004632","154.7910368","0.0448870999999826","0","0.0448870999999826","0.000108831297423858","0","0.000290069252689023","-0.999273609","-0.998978434"
"Betula pendula","4","30","16.27244868","24.7043991","8.43195042","0.518173422194502","0.208617872","0.661106997","0.452489125","2.16898543093182","0.003625881","0.008696744","0.005070863","1.39851887031042","153.6647036","99.10908949","-54.55561411","-0.355030223804759","414.0864333","273.1122431","140.9741902","410.7150968","273.1122431","137.6028537","-3.37133649999998","0","-3.37133649999998","-0.00814162510259663","0","-0.0239145654620684","-0.999085547","-0.99902161"
"Betula pendula","4","35","17.13041824","23.73136879","6.60095055","0.385335048889034","0.151651179","0.137735183","-0.013915996","-0.0917631903145309","0.003786372","0.003532429","-0.000253943","-0.0670676309670576","202.8536743","108.3673698","-94.4863045","-0.465785521637948","413.7813667","213.5936118","200.1877549","411.6078333","213.5936118","198.0142215","-2.1735334","0","-2.1735334","-0.00525285470763079","0","-0.0108574742800115","-0.999193466","-0.998997297"
"Betula pendula","4c","30","11.83990266","15.97358035","4.13367769","0.349131053582496","0.143607712","0.129988975","-0.013618737","-0.0948329084165062","0.002478221","0.002272383","-0.000205838","-0.0830587748227458","97.2305542","46.43281263","-50.79774157","-0.522446282323052","415.7334839","271.1524253","144.5810586","414.3728667","271.1524253","143.2204414","-1.36061720000004","0","-1.36061720000004","-0.00327281119441252","0","-0.00941075693576389","-0.999292176","-0.999337245"
"Betula pendula","4c","35","15.46996421","24.91297209","9.44300788","0.610409161379695","0.202074767","0.204564725","0.00248995800000001","0.012321963978808","0.005623142","0.005445138","-0.000178004","-0.0316556117558475","131.4383922","99.55117459","-31.88721761","-0.24260200597615","414.0679","271.9473358","142.1205642","410.9807667","271.9473358","139.0334309","-3.0871333","0","-3.0871333","-0.00745562092593994","0","-0.0217219324830122","-0.999174285","-0.999076417"
"Betula pendula","5","25","18.19697383","15.61752099","-2.57945284","-0.141751747521198","0.224311213","0.209479928","-0.014831285","-0.066119231409087","0.002839823","0.0026648","-0.000175023","-0.0616316580293912","130.8988736","69.92226876","-60.97660484","-0.465829866697952","413.5331333","271.9987817","141.5343516","414.4554","271.9987817","142.4566183","0.922266700000023","0","0.922266700000023","0.00223021234753385","0","0.00651620394324132","-0.999340429","-0.999071181"
"Betula pendula","6","25","12.55647768","18.0812622","5.52478452","0.439994770890239","0.105641764","0.150544563","0.044902799","0.42504779643778","0.001422685","0.001995294","0.000572609","0.402484738364431","104.6909798","76.97771412","-27.71326568","-0.264714932775899","415.6536452","213.7756334","201.8780118","413.6841667","213.7756334","199.9085333","-1.96947850000004","0","-1.96947850000004","-0.00473826832206026","0","-0.00975578510229828","-0.999104026","-0.99902072"
"Betula pendula","6","30","13.49763365","18.14177174","4.64413809","0.344070539357097","0.115709896","0.137152229","0.021442333","0.185311142272567","0.002013783","0.00239893","0.000385147","0.191255462976895","145.9208689","78.8650131","-67.0558558","-0.459535749104904","415.2500323","214.490739","200.7592933","413.6400667","214.490739","199.1493277","-1.60996560000001","0","-1.60996560000001","-0.00387709927698905","0","-0.00801938268229603","-0.999149544","-0.999022973"
"Betula pendula","7","25","17.26105365","19.06875977","1.80770612","0.104727449242358","0.703727388","0.191646841","-0.512080547","-0.727668918010052","0.008986075","0.002524611","-0.006461464","-0.719052979192807","174.469869","88.35443441","-86.11543459","-0.493583419782358","413.197","358.2994941","54.8975059","413.3006333","358.2994941","55.0011392","0.103633300000013","0","0.103633300000013","0.000250808452142713","0","0.00188775971332448","-0.999097978","-0.998933351"
"Betula pendula","7","30","13.99778438","21.8312932","7.83350882","0.559624909724463","0.207983878","0.204945245","-0.00303863300000001","-0.0146099449112109","0.003994977","0.003889986","-0.000104991","-0.0262807520543924","101.0715093","89.53379663","-11.53771267","-0.114153956440423","414.7715161","292.3598307","122.4116854","412.1902581","292.3598307","119.8304274","-2.58125799999999","0","-2.58125799999999","-0.00622332513155908","0","-0.0210866960255086","-0.999203964","-0.999153021"
"Betula pendula","7","35","16.44847315","23.76678089","7.31830774","0.444923226202305","0.20698331","0.194493612","-0.012489698","-0.0603415705353248","0.005567036","0.005342086","-0.00022495","-0.0404074987120615","152.2777365","98.70405628","-53.57368022","-0.351815580211228","413.7361613","267.3382379","146.3979234","411.3344839","267.3382379","143.996246","-2.40167739999998","0","-2.40167739999998","-0.00580485252353499","0","-0.0164051329706223","-0.999087151","-0.999087284"
"Corylus avellana","1","25","11.70895651","14.5230801","2.81412359","0.240339400662784","0.2543567","0.231184181","-0.023172519","-0.0911024517930921","0.003192318","0.002924852","-0.000267466","-0.0837842595881739","60.89153905","46.6919863","-14.19955275","-0.233194183814935","415.615","331.2368785","84.3781215","414.7597667","331.2368785","83.5228882","-0.855233300000009","0","-0.855233300000009","-0.00205775369031437","0","-0.0101357233936526","-0.999319089","-0.999002125"
"Corylus avellana","1","30","7.762559501","12.03806899","4.275509489","0.550786050457869","0.115413526","0.108386561","-0.007026965","-0.0608851080418425","0.001994781","0.001866866","-0.000127915","-0.0641248337536803","47.03058206","42.95053979","-4.08004227","-0.0867529613984964","417.1599333","297.5402677","119.6196656","415.7266452","297.5402677","118.1863775","-1.43328809999997","0","-1.43328809999997","-0.00343582397442092","0","-0.0119820440293888","-0.999081699","-0.999038879"
"Corylus avellana","1","35","4.808796951","8.364961175","3.556164224","0.73951224396374","0.067035708","0.071745982","0.004710274","0.0702651488367961","0.002082468","0.002140747","5.82790000000001e-05","0.0279855440755873","49.2638639","28.24722051","-21.01664339","-0.426613783942351","418.0978387","284.4721871","133.6256516","416.8980645","284.4721871","132.4258774","-1.19977420000004","0","-1.19977420000004","-0.00286960153568485","0","-0.00897862188609927","-0.998864427","-0.998921401"
"Corylus avellana","2","25","9.318910152","10.00920842","0.690298267999999","0.0740749998380282","0.185126216","0.187577333","0.002451117","0.0132402479398164","0.002409958","0.002446343","3.63850000000003e-05","0.0150977734881688","55.56823107","42.59313313","-12.97509794","-0.233498488077749","416.5539","325.7271615","90.8267385","416.3284516","325.7271615","90.6012901","-0.225448400000005","0","-0.225448400000005","-0.000541222636494352","0","-0.00248218094939085","-0.999193355","-0.998976543"
"Corylus avellana","2","30","6.161667065","8.901236392","2.739569327","0.444614955352184","0.073367781","0.068799811","-0.00456797","-0.0622612533422539","0.00137872","0.001311008","-6.77119999999999e-05","-0.0491122200301729","48.52840077","19.43626648","-29.09213429","-0.599486771218404","417.7705","271.3725265","146.3979735","416.8693667","271.3725265","145.4968402","-0.901133300000026","0","-0.901133300000026","-0.00215700558081537","0","-0.00615536730773139","-0.999027432","-0.999114716"
"Corylus avellana","2","35","8.033623606","13.10046004","5.066836434","0.630703737503432","0.119218113","0.12351801","0.004299897","0.0360674807862459","0.003580359","0.003869875","0.000289516","0.0808622822459983","56.17706008","48.83459519","-7.34246489","-0.130702191954222","416.8446","289.7206211","127.1239789","415.0968065","289.7206211","125.3761854","-1.7477935","0","-1.7477935","-0.00419291385806605","0","-0.0137487318688701","-0.999088664","-0.998984672"
"Corylus avellana","3","25","10.11032029","12.68472799","2.5744077","0.254631666075536","0.29503593","0.281603854","-0.013432076","-0.0455269159929098","0.003719445","0.003518047","-0.000201398","-0.0541473257434914","53.30210108","47.77551196","-5.52658912","-0.103684263997497","416.0962581","350.6507177","65.4455404","415.3326452","350.6507177","64.6819275","-0.763612899999998","0","-0.763612899999998","-0.00183518329024838","0","-0.0116679134335637","-0.999321457","-0.999073278"
"Corylus avellana","3","35","6.43287638","11.56981335","5.13693697","0.79854433173485","0.112307663","0.137230673","0.02492301","0.221917270240055","0.003447937","0.004050001","0.000602064","0.174615719486754","57.08728281","38.66501758","-18.42226523","-0.322703487067578","417.3915161","306.0516906","111.3398255","415.5678","306.0516906","109.5161094","-1.82371610000001","0","-1.82371610000001","-0.00436931760626175","0","-0.0163797283838927","-0.999015592","-0.999070465"
"Corylus avellana","4","25","6.041303982","11.46141976","5.420115778","0.89717646954187","0.115566106","0.17303524","0.057469134","0.497283641278006","0.001530484","0.002250233","0.000719749","0.470275416142867","30.47376854","34.17224436","3.69847582","0.121365882763905","417.7654839","324.6029246","93.1625593","415.870871","324.6029246","91.2679464","-1.89461289999997","0","-1.89461289999997","-0.00453511114013785","0","-0.0203366343114188","-0.999208194","-0.999016781"
"Corylus avellana","4","30","4.91754935","6.167075423","1.249526073","0.25409527877946","0.08207991","0.056199558","-0.025880352","-0.315306778479655","0.001431822","0.000976226","-0.000455596","-0.318193183230876","29.69871841","17.94920941","-11.749509","-0.395623435253818","418.1857333","310.7898113","107.395922","417.8225","310.7898113","107.0326887","-0.36323329999999","0","-0.36323329999999","-0.000868593237587597","0","-0.00338218894382219","-0.999083572","-0.999094864"
"Corylus avellana","4","35","5.43129078","8.267178546","2.835887766","0.522138821298756","0.078242895","0.069718946","-0.008523949","-0.108942147398815","0.002577525","0.002204385","-0.00037314","-0.144766782087468","44.74286032","29.54367604","-15.19918428","-0.339700773962499","417.8372","286.6168069","131.2203931","416.9319355","286.6168069","130.3151286","-0.905264499999987","0","-0.905264499999987","-0.00216654835902592","0","-0.00689880954182256","-0.99913158","-0.999064744"
"Corylus avellana","5","25","11.17966464","12.13309572","0.95343108","0.0852826189963422","0.25557746","0.29897893","0.04340147","0.169817283574224","0.003289791","0.003766426","0.000476635","0.144883064000114","60.16048631","43.68253801","-16.4779483","-0.27389985205723","415.8076","334.9839072","80.8236928","415.465","334.9839072","80.4810928","-0.342600000000004","0","-0.342600000000004","-0.000823938763986047","0","-0.00423885605979147","-0.999232449","-0.998989931"
"Corylus avellana","5","30","8.873839489","15.35082823","6.476988741","0.729896990928094","0.192710744","0.159719153","-0.032991591","-0.171197465772848","0.003145993","0.002776194","-0.000369799","-0.117546033954939","47.14009801","48.43916856","1.29907055","0.0275576548382318","416.6768333","330.7238578","85.9529755","414.5011935","330.7238578","83.7773357","-2.1756398","0","-2.1756398","-0.00522140811805963","0","-0.0253119777104168","-0.999204333","-0.999055137"
"Corylus avellana","5","35","6.180837068","9.978031627","3.797194559","0.61434956418107","0.109004435","0.11118576","0.002181325","0.0200113417403613","0.002999378","0.003042613","4.3235e-05","0.0144146553051999","47.8708383","32.80114414","-15.06969416","-0.314799044578252","417.5285161","308.989757","108.5387591","416.2239355","308.989757","107.2341785","-1.30458060000001","0","-1.30458060000001","-0.00312453054029861","0","-0.0120194906484794","-0.99910345","-0.999139773"
"Corylus avellana","6","25","4.865942927","6.25360645","1.387663523","0.285178750309662","0.119643376","0.143269549","0.023626173","0.19747163436779","0.001595073","0.001879452","0.000284379","0.178285884094333","15.77870766","17.76569681","1.98698915","0.12592851029474","418.1531667","343.5851314","74.5680353","417.6648667","343.5851314","74.0797353","-0.488299999999981","0","-0.488299999999981","-0.00116775392101791","0","-0.00654838226641572","-0.99935698","-0.999053313"
"Corylus avellana","6","30","5.86356877","8.668994545","2.805425775","0.47845022119524","0.148600189","0.131271178","-0.017329011","-0.11661499972924","0.00274043","0.002489038","-0.000251392","-0.0917345088179592","21.6259947","24.46755732","2.84156262","0.13139569575498","417.6772903","341.6129772","76.0643131","416.7517","341.6129772","75.1387228","-0.925590299999953","0","-0.925590299999953","-0.0022160417180813","0","-0.0121685224289491","-0.999298643","-0.999167919"
"Corylus avellana","6","35","4.008487842","6.626132915","2.617645073","0.653025573776955","0.103228854","0.108505211","0.00527635700000001","0.0511131994161246","0.003604631","0.003479851","-0.00012478","-0.0346165807262935","28.84941556","10.71135091","-18.13806465","-0.628715150651045","418.1504667","333.6742592","84.4762075","417.2908667","333.6742592","83.6166075","-0.8596","0","-0.8596","-0.00205571933659162","0","-0.0101756462019202","-0.999264217","-0.999331493"
"Corylus avellana","7","25","4.546156294","6.907196001","2.361039707","0.519348556079361","0.104096292","0.185358997","0.081262705","0.780649372217792","0.001405371","0.0024077","0.001002329","0.713213094620566","14.06328389","24.30494512","10.24166123","0.728255314342517","418.2830323","338.9553044","79.3277279","417.3832258","338.9553044","78.4279214","-0.899806500000011","0","-0.899806500000011","-0.00215119053491669","0","-0.0113429001916493","-0.999306162","-0.998988475"
"Scandosorbus intermedia","1","25","13.7706841","23.02985466","9.25917056","0.672382758384531","0.146289264","0.125728399","-0.020560865","-0.140549377567448","0.002023143","0.001768735","-0.000254408","-0.125748896642501","109.6484952","96.05276001","-13.59573519","-0.12399381464562","415.134129","253.5054189","161.6287101","412.1004286","253.5054189","158.5950097","-3.03370039999999","0","-3.03370039999999","-0.00730775956028416","0","-0.0187695638857913","-0.992552567","-0.991537063"
"Scandosorbus intermedia","2","25","10.94857528","23.98420797","13.03563269","1.19062365254158","0.071792473","0.153186558","0.081394085","1.13374120710398","0.00097822","0.002027579","0.001049359","1.07272290486803","97.78193186","106.3229789","8.54104704","0.0873479064846939","416.080871","162.9259315","253.1549395","411.6824839","162.9259315","248.7565524","-4.39838709999998","0","-4.39838709999998","-0.0105709908975844","0","-0.0173742890764333","-0.999206652","-0.999093895"
"Scandosorbus intermedia","4a","25","8.277922894","19.27103329","10.993110396","1.32800347825999","0.062565522","0.173213893","0.110648371","1.76851990462095","0.000898859","0.002380875","0.001482016","1.6487747244006","124.2547893","88.62454382","-35.63024548","-0.286751486045134","397.0994194","176.6749415","220.4244779","393.2567742","176.6749415","216.5818327","-3.84264519999999","0","-3.84264519999999","-0.00967678372787868","0","-0.0174329332051011","-0.997642661","-0.997394144"
"Scandosorbus intermedia","4a","30","8.29363252","22.4845412","14.19090868","1.71106070178282","0.057498289","0.181243894","0.123745605","2.1521615191019","0.001207557","0.003583625","0.002376068","1.96766529447471","35.97649173","87.62015532","51.64366359","1.43548359238529","397.0554194","154.8362421","242.2191773","392.0127","154.8362421","237.1764579","-5.04271940000001","0","-5.04271940000001","-0.0127002910767978","0","-0.0208188280391786","-0.997340104","-0.997317271"
"Scandosorbus intermedia","4b","25","13.84507681","21.35364042","7.50856361","0.542327335055066","0.151855157","0.147485169","-0.00436998799999999","-0.0287773433996713","0.002015366","0.001916876","-9.84900000000001e-05","-0.0488695353598305","90.96705594","82.19587489","-8.77118105","-0.0964215117150245","415.0982333","258.4085591","156.6896742","412.6259667","258.4085591","154.2174076","-2.47226660000001","0","-2.47226660000001","-0.00595585912362401","0","-0.0157781079871568","-0.999150214","-0.998970696"
"Scandosorbus intermedia","5","25","16.34007806","24.8756202","8.53554214","0.522368504523533","0.137491254","0.144772073","0.00728081899999999","0.0529547792181748","0.001933349","0.001980327","4.6978e-05","0.0242987686134268","141.8680442","104.6106554","-37.2573888","-0.262620021373355","414.2962903","212.847127","201.4491633","411.4177667","212.847127","198.5706397","-2.87852359999999","0","-2.87852359999999","-0.00694798304352568","0","-0.0142890819343502","-0.993258779","-0.992139687"
"Scandosorbus intermedia","5b","25","15.39243189","23.14837621","7.75594432","0.5038803728629","0.171394759","0.169745792","-0.001648967","-0.00962087177939905","0.002202047","0.002140455","-6.15920000000001e-05","-0.0279703385077612","102.0139415","89.55848396","-12.45545754","-0.122095640623787","414.5705484","259.8823441","154.6882043","411.9970645","259.8823441","152.1147204","-2.57348389999999","0","-2.57348389999999","-0.00620758978159961","0","-0.0166365878487348","-0.99910266","-0.998853007"
"Scandosorbus intermedia","6","25","12.37025895","26.9540418","14.58378285","1.17893917249","0.183427793","0.200879844","0.017452051","0.095143983987203","0.002446261","0.004340605","0.001894344","0.774383436599774","131.94839","112.9126809","-19.0357091","-0.144266323370827","415.9598387","297.1357936","118.8240451","410.4098667","297.1357936","113.2740731","-5.54997199999997","0","-5.54997199999997","-0.0133425669587365","0","-0.0467074824403531","-0.991972866","-0.991430438"
"Scandosorbus intermedia","6","30","10.64853411","16.35098644","5.70245233","0.535515242858155","0.170973452","0.157026603","-0.013946849","-0.0815731848240393","0.00286755","0.002678639","-0.000188911","-0.0658788861571725","76.29815567","70.98484529","-5.31331038","-0.0696387787272447","416.0850645","303.8477467","112.2373178","414.2216129","303.8477467","110.3738662","-1.86345159999996","0","-1.86345159999996","-0.00447853518183651","0","-0.0166027809335262","-0.999127614","-0.999033766"
"Scandosorbus intermedia","6","35","10.64081461","23.83044663","13.18963202","1.2395321696146","0.09032604","0.176416532","0.086090492","0.953108228811979","0.00243084","0.004424502","0.001993662","0.820153527175791","154.1526741","98.57224305","-55.58043105","-0.360554439775366","416.1163871","211.2654977","204.8508894","411.4662258","211.2654977","200.2007281","-4.65016129999998","0","-4.65016129999998","-0.0111751458105457","0","-0.0227002250935796","-0.992309748","-0.991364085"
"Scandosorbus intermedia","6a","25","16.51387552","22.9332062","6.41933068","0.388723450908028","0.140433959","0.17794562","0.037511661","0.267112465297656","0.001916523","0.004017593","0.00210107","1.09629260906339","142.2885573","99.35353256","-42.93502474","-0.301746152710482","394.2341935","195.3783542","198.8558393","391.8230323","195.3783542","196.4446781","-2.41116119999998","0","-2.41116119999998","-0.00611606309080844","0","-0.0121251717248415","-0.992356339","-0.991214003"
"Scandosorbus intermedia","6a","30","7.451540319","9.801529475","2.349989156","0.315369582045739","0.084942819","0.084789567","-0.000153252000000006","-0.00180417840853629","0.001489454","0.001484327","-5.12700000000017e-06","-0.00344220096760301","80.07550283","46.43371427","-33.64178856","-0.42012584836865","417.2965333","265.3642916","151.9322417","416.5272","265.3642916","151.1629084","-0.769333300000028","0","-0.769333300000028","-0.00184361296729715","0","-0.00506366055941652","-0.999269826","-0.999260648"
"Scandosorbus intermedia","6a","35","6.030200706","18.55208675","12.521886044","2.07652890086077","0.050131971","0.161239249","0.111107278","2.21629582447496","0.001366517","0.004109314","0.002742797","2.00714444094","117.1529434","80.90422883","-36.24871457","-0.309413605138665","397.8027419","190.89322","206.9095219","393.2778065","190.89322","202.3845865","-4.5249354","0","-4.5249354","-0.011374822049712","0","-0.0218691501408375","-0.991330038","-0.990837178"
"Scandosorbus intermedia","6b","25","9.118387661","19.16520608","10.046818419","1.10181961905074","0.093930213","0.120197691","0.026267478","0.279648870805818","0.001280803","0.001567253","0.00028645","0.223648757849568","79.29261859","84.1533203","4.86070171","0.0613008095385692","416.7700323","251.7493055","165.0207268","413.4179","251.7493055","161.6685945","-3.35213230000005","0","-3.35213230000005","-0.00804312220219114","0","-0.0203134016253772","-0.999101149","-0.998929954"
"Scandosorbus intermedia","6b","30","9.097805106","14.87299212","5.775187014","0.634789044908345","0.166844708","0.128441232","-0.038403476","-0.230174972046461","0.002829513","0.002271602","-0.000557911","-0.197175627042533","59.08720408","58.31611884","-0.771085239999998","-0.0130499530652356","416.6420968","316.9040993","99.7379975","414.7232581","316.9040993","97.8191588","-1.91883869999998","0","-1.91883869999998","-0.00460548445473353","0","-0.0192387931189413","-0.999280896","-0.999190051"
"Scandosorbus intermedia","6b","35","7.876153432","19.16098646","11.284833028","1.43278481373292","0.085560206","0.164884972","0.079324766","0.927122195100839","0.002332325","0.004211726","0.001879401","0.805805794646972","137.4424366","83.68435522","-53.75808138","-0.391131609056471","397.0700645","233.8672446","163.2028199","393.0720968","233.8672446","159.2048522","-3.9979677","0","-3.9979677","-0.0100686706388565","0","-0.0244969278254487","-0.992669121","-0.992115958"
"Scandosorbus intermedia","6c","30","6.967468608","8.794519205","1.827050597","0.262225881420146","0.105991958","0.111919697","0.005927739","0.0559263090507301","0.001915823","0.002043018","0.000127195","0.0663918326484232","49.6909867","29.2499506","-20.4410361","-0.41136305510311","417.4438333","299.9734176","117.4704157","416.7683226","299.9734176","116.794905","-0.675510700000018","0","-0.675510700000018","-0.0016182073996876","0","-0.00575047509600341","-0.999340398","-0.999343067"
"Scandosorbus intermedia","6c","35","9.243788481","12.99069463","3.746906149","0.405343129248524","0.127450997","0.097167992","-0.030283005","-0.237605085192076","0.003447346","0.002709763","-0.000737583","-0.213956765581407","77.25233699","53.20219236","-24.05014463","-0.311319314949827","416.4268387","282.6345182","133.7923205","415.2858387","282.6345182","132.6513205","-1.14100000000002","0","-1.14100000000002","-0.00273997709552533","0","-0.00852814268962485","-0.999026198","-0.999058666"
"Scandosorbus intermedia","6d","25","16.34007806","24.8756202","8.53554214","0.522368504523533","0.137491254","0.144772073","0.00728081899999999","0.0529547792181748","0.001933349","0.001980327","4.6978e-05","0.0242987686134268","141.8680442","104.6106554","-37.2573888","-0.262620021373355","414.2962903","212.847127","201.4491633","411.4177667","212.847127","198.5706397","-2.87852359999999","0","-2.87852359999999","-0.00694798304352568","0","-0.0142890819343502","-0.993258779","-0.992139687"
"Scandosorbus intermedia","6d","30","12.05675448","20.22086021","8.16410573","0.677139585411878","0.233442768","0.235512369","0.002069601","0.00886556057285957","0.003807043","0.003820818","1.37750000000002e-05","0.00361829377813704","68.50981982","79.13027065","10.62045083","0.155020854789923","415.4652333","319.8660551","95.5991782","412.7671333","319.8660551","92.9010782","-2.69810000000001","0","-2.69810000000001","-0.00649416553719613","0","-0.0282230459591964","-0.99930323","-0.999222262"
"Scandosorbus intermedia","6d","35","13.79706124","22.03395621","8.23689497","0.597003581177117","0.222168057","0.202385364","-0.019782693","-0.0890438223529136","0.00603379","0.005557487","-0.000476303","-0.0789392736571873","106.1342283","88.56926381","-17.56496449","-0.165497641725445","414.5614333","295.7743018","118.7871315","411.9032258","295.7743018","116.128924","-2.6582075","0","-2.6582075","-0.00641209549774104","0","-0.0223779079975511","-0.999141441","-0.999069013"
"Scandosorbus intermedia","6e","25","13.7706841","23.02985466","9.25917056","0.672382758384531","0.146289264","0.125728399","-0.020560865","-0.140549377567448","0.002023143","0.001768735","-0.000254408","-0.125748896642501","109.6484952","96.05276001","-13.59573519","-0.12399381464562","415.134129","253.5054189","161.6287101","412.1004286","253.5054189","158.5950097","-3.03370039999999","0","-3.03370039999999","-0.00730775956028416","0","-0.0187695638857913","-0.992552567","-0.991537063"
"Scandosorbus intermedia","6e","35","7.277198738","10.23253768","2.955338942","0.406109417703249","0.088728485","0.07501455","-0.013713935","-0.154560680259558","0.002532099","0.002191841","-0.000340258","-0.134377842256563","70.35506696","42.65477842","-27.70028854","-0.393721301633454","417.2260968","268.3049428","148.921154","416.2747333","268.3049428","147.9697905","-0.951363500000014","0","-0.951363500000014","-0.00228021091512896","0","-0.00638837045272973","-0.999233129","-0.999243109"
"Scandosorbus intermedia","6f","35","6.867866678","9.763101508","2.89523483","0.421562468484482","0.081141014","0.074988292","-0.006152722","-0.0758275217019102","0.002364224","0.002065915","-0.000298309","-0.126176284480658","62.24550879","48.28743056","-13.95807823","-0.224242334930395","417.3752333","264.1387506","153.2364827","416.4542667","264.1387506","152.3155161","-0.920966599999986","0","-0.920966599999986","-0.00220656743985098","0","-0.00601010010000697","-0.999190896","-0.99914194"
"Scandosorbus intermedia","6g","35","12.81417979","20.21982313","7.40564334","0.577925662146496","0.197189321","0.196188251","-0.00100106999999999","-0.00507669479728059","0.005027805","0.005298843","0.000271038","0.0539078186206506","108.3007572","80.74863291","-27.55212429","-0.254403801065945","415.0065806","292.9372516","122.069329","412.5237097","292.9372516","119.5864581","-2.48287090000002","0","-2.48287090000002","-0.00598272657848072","0","-0.0203398422874924","-0.999196753","-0.999201134"
"Scandosorbus intermedia","7","25","7.471190424","19.45787935","11.986688926","1.60438808887733","0.066890613","0.15806155","0.091170937","1.36298552085328","0.00092097","0.002051397","0.001130427","1.2274308609401","52.81026005","67.97456174","15.16430169","0.287146885390124","417.3952258","229.6013857","187.7938401","413.2519333","229.6013857","183.6505476","-4.14329249999997","0","-4.14329249999997","-0.00992654501991185","0","-0.0220629840563124","-0.999272814","-0.999164544"
"Scandosorbus intermedia","8","25","11.29919068","19.83886603","8.53967535","0.75577761202982","0.108668185","0.170252148","0.061583963","0.56671566751575","0.001408607","0.002141032","0.000732425","0.519964049589417","79.10730872","74.01162268","-5.09568604","-0.0644148577729545","416.0403548","239.9056656","176.1346892","413.1068","239.9056656","173.2011344","-2.93355479999997","0","-2.93355479999997","-0.00705113041596696","0","-0.0166551791320842","-0.999339572","-0.999224201"
"Scandosorbus intermedia","9","25","8.680383749","18.82076647","10.140382721","1.16819521051338","0.086130229","0.129365586","0.043235357","0.501976570850636","0.001088681","0.001605711","0.00051703","0.474914139219845","57.39950346","83.83695662","26.43745316","0.460586791981981","416.9484333","246.7047588","170.2436745","413.5143548","246.7047588","166.809596","-3.4340785","0","-3.4340785","-0.00823621874009809","0","-0.020171548282694","-0.999065923","-0.998908244"
"Tilia cordata","1","25","8.44874745","9.09388351","0.645136059999999","0.0763587814428041","0.071682187","0.078481976","0.006799789","0.0948602335472828","0.000947652","0.001055341","0.000107689","0.113637706668693","54.63390518","38.96781233","-15.66609285","-0.286746715219891","416.8115667","219.3084166","197.5031501","416.8165333","219.3084166","197.5081167","0.00496659999998883","0","0.00496659999998883","1.19156961965106e-05","0","2.51469406815746e-05","-0.999196015","-0.999114758"
"Tilia cordata","10","25","4.49278627","7.718366837","3.225580567","0.717946586628969","0.054509622","0.054036547","-0.000473075000000003","-0.00867874299330132","0.000734815","0.00071025","-2.45649999999999e-05","-0.0334301831073126","24.59692079","26.64973199","2.0528112","0.0834580562959971","418.4003871","277.8300718","140.5703153","417.3533226","277.8300718","139.5232508","-1.04706449999998","0","-1.04706449999998","-0.00250254190073137","0","-0.00744868856390746","-0.999267243","-0.999299033"
"Tilia cordata","11","25","11.65369744","15.34772346","3.69402602","0.316983175427283","0.179027463","0.174063743","-0.00496372","-0.0277260254757674","0.002241911","0.002181112","-6.07990000000003e-05","-0.0271192745831571","68.62065582","56.36657233","-12.25408349","-0.17857718413744","415.811129","301.3672227","114.4439063","414.5854","301.3672227","113.2181773","-1.225729","0","-1.225729","-0.00294780229415168","0","-0.0107103037604022","-0.999224989","-0.999096395"
"Tilia cordata","12","25","7.567063234","12.70038674","5.133323506","0.678377244547815","0.085862105","0.116596383","0.030734278","0.357949272266269","0.001137092","0.001543384","0.000406292","0.35730793990284","43.16766809","49.26569469","6.0980266","0.141263748305474","417.3078065","267.0615723","150.2462342","415.5540667","267.0615723","148.4924944","-1.75373980000001","0","-1.75373980000001","-0.0042025089698388","0","-0.011672437644364","-0.999332943","-0.999073452"
"Tilia cordata","13","25","8.847325561","13.30850029","4.461174729","0.50423991953742","0.10796229","0.130607054","0.022644764","0.209746977393681","0.00140864","0.001697392","0.000288752","0.204986369831895","57.9849187","52.6801411","-5.3047776","-0.0914854710316254","416.8427333","276.1611562","140.6815771","415.3290333","276.1611562","139.1678771","-1.51370000000003","0","-1.51370000000003","-0.00363134553891965","0","-0.0107597599572263","-0.999142066","-0.998994248"
"Tilia cordata","13","30","10.09475559","14.08393627","3.98918068","0.395173577451616","0.13953473","0.123428504","-0.016106226","-0.115428080163268","0.003212477","0.002733493","-0.000478984","-0.149101145315593","47.82629415","51.30993762","3.48364347","0.0728395024518118","416.2108387","284.7368241","131.4740146","414.9217097","284.7368241","130.1848856","-1.289129","0","-1.289129","-0.00309729800412332","0","-0.00980519993948677","-0.999348726","-0.999174544"
"Tilia cordata","13","35","9.58435471","14.57739551","4.9930408","0.520957430215978","0.151269715","0.157637597","0.00636788199999999","0.0420962120540783","0.004846464","0.00500965","0.000163186","0.033671146633917","75.51270229","56.46320541","-19.04949688","-0.252268774686967","416.1159333","293.7146076","122.4013257","414.3979032","293.7146076","120.6832956","-1.71803010000002","0","-1.71803010000002","-0.0041287294297414","0","-0.0140360416047358","-0.999144615","-0.999140202"
"Tilia cordata","14","25","8.663941791","13.5296494","4.865707609","0.561604374356998","0.084763709","0.109260878","0.024497169","0.289005392626224","0.001113708","0.001427931","0.000314223","0.282141279401782","66.46454539","62.58643483","-3.87811056","-0.0583485606836556","416.9473548","244.2021872","172.7451676","415.3376","244.2021872","171.1354128","-1.60975480000002","0","-1.60975480000002","-0.00386081067901769","0","-0.00931866762100973","-0.999188687","-0.999080043"
"Tilia cordata","15","25","9.190578496","13.93437006","4.743791564","0.516158103221101","0.115335123","0.118242287","0.002907164","0.0252062331437406","0.001511673","0.001552661","4.0988e-05","0.0271143296202287","56.44151559","52.19721649","-4.2442991","-0.0751981773634722","416.7233226","279.500909","137.2224136","415.1713871","279.500909","135.6704781","-1.55193550000001","0","-1.55193550000001","-0.00372413881305527","0","-0.0113096356439544","-0.999298692","-0.999166959"
"Tilia cordata","17","25","10.48080031","14.47223229","3.99143198","0.380832747685468","0.127468854","0.135072163","0.007603309","0.059648367121901","0.001699378","0.001800634","0.000101256","0.0595841537315417","72.24649797","50.32095959","-21.92553838","-0.303482369333728","416.3144","274.6155249","141.6988751","414.9381613","274.6155249","140.3226364","-1.37623869999999","0","-1.37623869999999","-0.00330576770825123","0","-0.0097124179640011","-0.999144884","-0.999041185"
"Tilia cordata","17","30","9.732323237","13.39026945","3.657946213","0.375855396899823","0.099628687","0.089653895","-0.009974792","-0.100119677377661","0.001776703","0.001522525","-0.000254178","-0.143061614687429","70.89170452","49.65210199","-21.23960253","-0.299606317464237","416.4882903","248.1225034","168.3657869","415.3510333","248.1225034","167.2285299","-1.13725700000003","0","-1.13725700000003","-0.00273058577272571","0","-0.00675467992006892","-0.999090402","-0.999095147"
"Tilia cordata","17","35","9.1981553","12.98181944","3.78366414","0.411350321515011","0.116358084","0.102282015","-0.014076069","-0.120971990222871","0.003607268","0.003094922","-0.000512346","-0.142031587339782","80.7212665","57.64612143","-23.07514507","-0.285862029555743","416.4256452","270.2975652","146.12808","415.2420968","270.2975652","144.9445316","-1.18354840000001","0","-1.18354840000001","-0.00284216021189467","0","-0.00809939061677952","-0.999174434","-0.99904489"
"Tilia cordata","18","25","8.792779354","9.574101469","0.781322115","0.088859515693927","0.144271045","0.094769184","-0.049501861","-0.343117089087419","0.001967485","0.001292632","-0.000674853","-0.343002869145127","54.16073722","37.34678789","-16.81394933","-0.310445355677158","416.8169333","309.0018796","107.8150537","416.6120667","309.0018796","107.6101871","-0.204866600000003","0","-0.204866600000003","-0.000491502584547235","0","-0.0019001669337387","-0.99935687","-0.999193778"
"Tilia cordata","2","25","6.715149976","10.5259284","3.810778424","0.567489696822819","0.03661251","0.095884084","0.059271574","1.61888857114686","0.000482374","0.001259873","0.000777499","1.61181780112527","47.84624352","40.10001318","-7.74623034","-0.161898401423343","417.7049667","116.8976829","300.8072838","416.3491613","116.8976829","299.4514784","-1.35580540000001","0","-1.35580540000001","-0.0032458445747277","0","-0.00450722264059754","-0.999232595","-0.999081818"
"Tilia cordata","20","30","12.2993424","18.63748037","6.33813797","0.515323320863073","0.195928761","0.195383863","-0.000544898000000016","-0.00278110266822958","0.004164443","0.004362759","0.000198316","0.0476212545111074","78.94309467","61.85932361","-17.08377106","-0.216406148396057","415.3451935","299.3021676","116.0430259","413.1642258","299.3021676","113.8620582","-2.1809677","0","-2.1809677","-0.00525097613775563","0","-0.0187944745760029","-0.999029946","-0.999051001"
"Tilia cordata","20","35","13.47047107","18.16183013","4.69135906","0.348269858984226","0.190899616","0.167058714","-0.023840902","-0.124887113445006","0.006036247","0.005222488","-0.000813759","-0.134812077769515","94.57770509","72.07724545","-22.50045964","-0.237904478847193","414.6534333","280.2766554","134.3767779","413.2470667","280.2766554","132.9704113","-1.40636660000001","0","-1.40636660000001","-0.00339166756394011","0","-0.0104658455276149","-0.999206999","-0.998924358"
"Tilia cordata","21","30","12.86286461","16.91685247","4.05398786","0.315169908330396","0.143290961","0.127617847","-0.015673114","-0.109379641888228","0.002683364","0.002469363","-0.000214001","-0.0797510140256783","118.1225526","79.57626458","-38.54628802","-0.326324543210049","415.3155714","258.1505229","157.1650485","413.9851667","258.1505229","155.8346438","-1.33040470000003","0","-1.33040470000003","-0.00320335858228318","0","-0.00846501631690732","-0.999173564","-0.999095579"
"Tilia cordata","21","35","7.411406265","11.72809672","4.316690455","0.582438784308095","0.116287583","0.116876532","0.000588949000000005","0.00506459060207662","0.003996376","0.003836145","-0.000160231","-0.0400940752321604","80.91498337","40.02885974","-40.88612363","-0.505297312403069","416.9452333","293.2343034","123.7109299","415.5543871","293.2343034","122.3200837","-1.3908462","0","-1.3908462","-0.00333580069735264","0","-0.0112427107380429","-0.999174126","-0.999240438"
"Tilia cordata","3","25","8.947455531","11.72933204","2.781876509","0.310912582841201","0.082504035","0.121268654","0.038764619","0.469851189702419","0.00111217","0.00158471","0.00047254","0.424881088322828","45.54020032","49.78865551","4.24845519","0.0932902174374977","416.8372581","233.9709177","182.8663404","415.8834333","233.9709177","181.9125156","-0.953824800000007","0","-0.953824800000007","-0.0022882426689679","0","-0.00521596701674906","-0.999309761","-0.999000574"
"Tilia cordata","4","25","8.582764926","10.80446418","2.221699254","0.258855890048875","0.095262061","0.097235096","0.001973035","0.0207116556086268","0.001257804","0.001280664","2.286e-05","0.0181745327570909","52.38910826","42.13497779","-10.25413047","-0.195730196801788","416.9826774","263.3861524","153.596525","416.2608333","263.3861524","152.8746809","-0.721844099999998","0","-0.721844099999998","-0.00173111291936848","0","-0.00469961218198132","-0.999240024","-0.99911179"
"Tilia cordata","4","30","9.69364495","13.28421461","3.59056966","0.370404494750966","0.096016205","0.092745498","-0.003270707","-0.0340641144898405","0.001974621","0.001894721","-7.99000000000002e-05","-0.0404634610894952","65.69774845","42.47268872","-23.22505973","-0.353513785144033","416.4973333","241.5466728","174.9506605","415.308","241.5466728","173.7613272","-1.18933329999999","0","-1.18933329999999","-0.0028555604199831","0","-0.006798106943986","-0.999268074","-0.999292819"
"Tilia cordata","4","35","11.4333886","16.58199904","5.14861044","0.450313605189628","0.184672463","0.167093602","-0.017578861","-0.0951894002734994","0.005825437","0.005292456","-0.000532981","-0.0914920202553045","94.56904806","66.73487525","-27.83417281","-0.294326456499175","415.3726667","295.0075003","120.3651664","413.739","295.0075003","118.7314997","-1.63366670000005","0","-1.63366670000005","-0.00393301444935941","0","-0.0135725870603711","-0.99916707","-0.999104253"
"Tilia cordata","5","25","9.029613835","12.34680096","3.317187125","0.367367551438594","0.106446682","0.076809482","-0.0296372","-0.278422957326185","0.001396831","0.001029462","-0.000367369","-0.263001751822518","76.66547071","49.95817191","-26.7072988","-0.348361505546934","416.8346774","271.5029934","145.331684","415.7494839","271.5029934","144.2464905","-1.0851935","0","-1.0851935","-0.00260341463615475","0","-0.00746701249260968","-0.999170155","-0.998993092"
"Tilia cordata","6","25","8.500352059","11.58891081","3.088558751","0.363344803787261","0.073129325","0.076551983","0.00342265800000001","0.0468028113209032","0.000975541","0.001028768","5.3227e-05","0.0545615202231377","53.6634095","53.9597824","0.296372900000001","0.00552281159101532","417.0417333","222.0355158","195.0062175","415.9985484","222.0355158","193.9630326","-1.04318489999997","0","-1.04318489999997","-0.00250139210708093","0","-0.00534949558723671","-0.999321519","-0.998953171"
"Tilia cordata","7","25","6.270796761","10.10306318","3.832266419","0.611129106086492","0.052960171","0.065627454","0.012667283","0.239185084957524","0.000713229","0.000868009","0.00015478","0.217013049104846","43.89674549","37.95171356","-5.94503193","-0.135432179849286","417.8096333","219.8624218","197.9472115","416.5542667","219.8624218","196.6918449","-1.25536659999995","0","-1.25536659999995","-0.00300463775831266","0","-0.00634192616550168","-0.999359659","-0.999221211"
"Tilia cordata","8","25","7.391755397","2.812496485","-4.579258912","-0.619508988874081","0.067890549","0.043089847","-0.024800702","-0.365304189836497","0.000910493","0.000581876","-0.000328617","-0.360922049922405","62.14687756","22.36448303","-39.78239453","-0.640135049288549","417.4106774","234.2901739","183.1205035","419.4029677","234.2901739","185.1127938","1.99229029999998","0","1.99229029999998","0.00477297397471888","0","0.0108796680978981","-0.99918677","-0.998964388"
"Tilia cordata","8","30","5.386188256","8.599220589","3.213032333","0.596531754979193","0.063920305","0.050391834","-0.013528471","-0.211645908135138","0.001208118","0.000962267","-0.000245851","-0.203499161505747","44.88575327","32.79152545","-12.09422782","-0.269444688769061","418.0443667","271.3428962","146.7014705","416.9957333","271.3428962","145.6528371","-1.04863340000003","0","-1.04863340000003","-0.00250842609907134","0","-0.00714807695128065","-0.999145864","-0.999074406"
"Tilia cordata","8","35","5.851328396","9.772141368","3.920812972","0.670072282164216","0.073517151","0.091421895","0.017904744","0.243545128673444","0.00232306","0.002576771","0.000253711","0.109214139970556","72.85370384","38.6114019","-34.24230194","-0.470014565288298","417.7137742","271.2827507","146.4310235","416.3637419","271.2827507","145.0809912","-1.35003230000001","0","-1.35003230000001","-0.00323195542829674","0","-0.00921957839077735","-0.998983691","-0.999034087"
"Tilia cordata","9","25","6.520946362","9.878467527","3.357521165","0.514882499964351","0.064601028","0.082992122","0.018391094","0.284687327266681","0.00084694","0.001068391","0.000221451","0.261471887028597","48.30753981","38.93184495","-9.37569486","-0.194083468064734","417.4858333","247.3064058","170.1794275","416.554871","247.3064058","169.2484652","-0.930962300000033","0","-0.930962300000033","-0.00222992548667168","0","-0.00547047497853425","-0.999387666","-0.999293819"
"Betula pubescens","1","25","13.56321493","18.78184082","5.21862589","0.384763193456229","0.131524748","0.118428409","-0.013096339","-0.0995731921113432","0.001754218","0.001577357","-0.000176861","-0.100820422547255","91.21270169","72.46972394","-18.74297775","-0.205486488205347","415.2382667","239.7068312","175.5314355","413.5276","239.7068312","173.8207688","-1.71066669999999","0","-1.71066669999999","-0.00411972314978356","0","-0.00974564296775201","-0.999018782","-0.998946749"
"Betula pubescens","1","30","11.329749","16.1396095","4.8098605","0.424533720914735","0.112922033","0.132016254","0.019094221","0.169092076123001","0.001914844","0.002203806","0.000288962","0.150906287927372","96.42197389","56.31258494","-40.10938895","-0.415977679483699","415.955","243.477556","172.477444","414.3451","243.477556","170.867544","-1.60989999999998","0","-1.60989999999998","-0.00387037059297275","0","-0.00933397412823431","-0.998996895","-0.998960464"
"Betula pubescens","1","35","13.5781691","17.35766972","3.77950062","0.278351270496403","0.140350141","0.120955138","-0.019395003","-0.138190121234007","0.003870262","0.0033674","-0.000502862","-0.129929705017386","134.9371024","73.80175358","-61.13534882","-0.453065522622338","414.9277419","241.9191329","173.008609","413.7547742","241.9191329","171.8356413","-1.17296770000002","0","-1.17296770000002","-0.00282692040457181","0","-0.00677982273124926","-0.999009633","-0.998811896"
"Betula pubescens","10","30","13.80975743","19.46538606","5.65562863","0.409538593177158","0.149662746","0.141103971","-0.00855877500000002","-0.0571870771367513","0.003174403","0.002978932","-0.000195471","-0.0615772477533571","116.5927346","68.85964749","-47.73308711","-0.409400184958009","414.9507","252.264001","162.686699","413.0650645","252.264001","160.8010635","-1.88563549999998","0","-1.88563549999998","-0.00454423983379225","0","-0.0115905941394753","-0.9989889","-0.998954892"
"Betula pubescens","10","35","14.78266908","20.62325573","5.84058665","0.395096894775378","0.160945634","0.140252818","-0.020692816","-0.12857022266289","0.004466981","0.003857891","-0.00060909","-0.13635383718892","138.1710962","95.57944608","-42.59165012","-0.308252965282619","414.4556333","248.6926507","165.7629826","412.5908333","248.6926507","163.8981826","-1.8648","0","-1.8648","-0.00449939595500728","0","-0.0112497975769411","-0.999029673","-0.9988684"
"Betula pubescens","2","25","14.78396321","20.32322171","5.5392585","0.374680214047962","0.134705172","0.141235195","0.006530023","0.0484764089087834","0.002237659","0.002363098","0.000125439","0.0560581393322218","117.0176806","70.42717465","-46.59050595","-0.398149285741355","414.759","226.7448633","188.0141367","412.8944333","226.7448633","186.14957","-1.86456670000001","0","-1.86456670000001","-0.00449554247165224","0","-0.00991716225559762","-0.998984713","-0.998945888"
"Betula pubescens","2","30","12.59625042","18.42993866","5.83368824","0.463128950718336","0.133515953","0.119394847","-0.014121106","-0.105763436373779","0.002876269","0.002594305","-0.000281964","-0.0980311646789643","95.78141732","70.10444973","-25.67696759","-0.268078801801552","415.4245667","249.6163267","165.80824","413.4838065","249.6163267","163.8674798","-1.9407602","0","-1.9407602","-0.00467175115669441","0","-0.0117048477204752","-0.999170385","-0.999076448"
"Betula pubescens","2","35","11.13728932","16.25146127","5.11417195","0.45919359756742","0.108695126","0.109504218","0.000809091999999997","0.0074436824333779","0.003187598","0.003097071","-9.0527e-05","-0.0283997542977502","130.692258","68.88360639","-61.80865161","-0.472932770126292","415.834","233.6005614","182.2334386","414.1540333","233.6005614","180.5534719","-1.67996670000002","0","-1.67996670000002","-0.00403999360321672","0","-0.0092187620060637","-0.998958066","-0.998889645"
"Betula pubescens","3","25","6.69864798","9.836865452","3.138217472","0.468485204980125","0.048270861","0.044179365","-0.004091496","-0.0847611978580618","0.000818552","0.000753719","-6.48329999999999e-05","-0.0792044976983746","55.51160242","40.70587623","-14.80572619","-0.266714083985184","417.6392903","185.6747171","231.9645732","416.607871","185.6747171","230.9331539","-1.03141930000004","0","-1.03141930000004","-0.00246964144407761","0","-0.00444645182568783","-0.99910143","-0.998991769"
"Betula pubescens","3","30","4.409552979","6.089699194","1.680146215","0.381024158911687","0.05028481","0.069063769","0.018778959","0.373451923155323","0.001122925","0.001537247","0.000414322","0.368966760914576","61.37523936","25.50386791","-35.87137145","-0.584459984580987","418.3689032","264.6559686","153.7129346","417.7657667","264.6559686","153.1097981","-0.603136500000005","0","-0.603136500000005","-0.00144163797879518","0","-0.0039237849538786","-0.998907021","-0.998963765"
"Betula pubescens","3","35","3.969371734","5.567962451","1.598590717","0.40273142051855","0.047011748","0.032523185","-0.014488563","-0.308190263420964","0.001368982","0.000948499","-0.000420483","-0.307150130534952","80.94623074","33.18910532","-47.75712542","-0.589985784185508","418.4948387","266.3328039","152.1620348","417.9857419","266.3328039","151.652938","-0.509096800000009","0","-0.509096800000009","-0.00121649481169577","0","-0.00334575441679102","-0.998887088","-0.99884518"
"Betula pubescens","8","25","9.648900505","13.47243","3.823529495","0.396265822517153","0.095606044","0.094713143","-0.000892901000000001","-0.00933937816734684","0.001584805","0.001570499","-1.4306e-05","-0.009026978082477","59.01314546","45.870062","-13.14308346","-0.222714504667584","416.5485667","243.7605297","172.788037","415.2825667","243.7605297","171.522037","-1.26599999999996","0","-1.26599999999996","-0.0030392614480216","0","-0.00732689613228237","-0.999108343","-0.999080431"
"Betula pubescens","8","30","8.614063712","12.16927888","3.555215168","0.412722181639699","0.090678191","0.085929884","-0.00474830700000001","-0.0523643772293605","0.001988676","0.001863762","-0.000124914","-0.062812645197106","71.56157562","46.37676506","-25.18481056","-0.351932029749235","416.8567097","250.8203646","166.0363451","415.6964194","250.8203646","164.8760548","-1.16029029999999","0","-1.16029029999999","-0.00278342718972909","0","-0.0069881705677222","-0.999084492","-0.999082852"
"Betula pubescens","8","35","9.73929632","14.0426131","4.30331678","0.441850893391855","0.103955353","0.098505804","-0.005449549","-0.0524220142853057","0.002912421","0.002818985","-9.34360000000001e-05","-0.0320819002472514","92.24177794","61.33770006","-30.90407788","-0.335033415120229","416.3571613","248.8605271","167.4966342","414.923","248.8605271","166.0624729","-1.43416129999997","0","-1.43416129999997","-0.00344454577296584","0","-0.00856232906917703","-0.999063966","-0.998976432"
