sp;treeid;setTleaf;anet.21p;anet.0p;Rd;corranet;anet.delta;pr.CO2;pr.real;pr.percent;gsw.21p;gsw.0p;gsw.delta;gsw.percent;E.21p;E.0p;E.delta;E.percent;ETR.21p;ETR.0p;ETR.delta;ETR.percent;JT;JO1;JC1;JO2;JC2;JO1.percent;JC1.percent;JO2.percent;JC2.percent;NPQ.21p;NPQ.0p;NPQ.delta;NPQ.percent;cat
Acer platanoides;1;25;4.548229394;6.830798378;0.366558661;4.181670733;2.282568984;1.141284492;3.423853476;0.752788213;0.030415138;0.045668858;0.01525372;0.501517369;0.000407591;0.000616977;0.000209386;0.513715955;41.76348469;18.8021544;-22.96133029;-0.549794407;60.56563909;45.5930992;14.97253989;28.24848101;32.31715808;0.752788213;0.247211787;0.466411012;0.533588988;-0.999235389;-0.999160598;7.48E-05;-7.48E-05;1
Acer platanoides;1;30;10.42569738;14.06804817;0.692993232;9.732704148;3.64235079;1.821175395;5.463526185;0.524044194;0.163419743;0.12324839;-0.040171353;-0.245817012;0.003624564;0.002790567;-0.000833997;-0.230095813;59.587367;47.07855936;-12.50880764;-0.209923819;106.6659264;55.89765945;50.76826691;43.30875789;63.35716847;0.524044194;0.475955806;0.406022423;0.593977577;-0.999182683;-0.999088316;9.44E-05;-9.44E-05;1
Acer platanoides;1;35;10.02979729;15.79742466;0.671004941;9.358792349;5.76762737;2.883813685;8.651441055;0.862573869;0.124532211;0.132293131;0.00776092;0.062320583;0.003515803;0.003830112;0.000314309;0.089398923;79.94928635;49.31898561;-30.63030074;-0.383121628;129.268272;111.5034335;17.76483846;59.43272187;69.83555009;0.862573869;0.137426131;0.459762639;0.540237361;-0.998823802;-0.998900124;-7.63E-05;7.64E-05;1
Acer platanoides;2;30;9.42240983;11.68267727;0.637270642;8.785139188;2.26026744;1.13013372;3.39040116;0.359823147;0.182659012;0.119748477;-0.062910535;-0.344415172;0.003872403;0.002645545;-0.001226858;-0.316820847;34.3184495;30.37773379;-3.94071571;-0.114827906;64.69618329;23.27918429;41.416999;18.00436265;46.69182064;0.359823147;0.640176853;0.278290955;0.721709045;-0.999451667;-0.999255756;0.000195911;-0.000196018;1
Acer platanoides;2;35;4.348076438;9.221238328;0.355442165;3.992634273;4.87316189;2.436580945;7.309742835;1.681144051;0.073602448;0.091909783;0.018307335;0.248732692;0.002180884;0.002637027;0.000456143;0.209155095;40.5757486;17.51759257;-23.05815603;-0.568274322;58.09334117;97.66327488;-39.56993371;27.13402361;30.95931756;1.681144051;-0.681144051;0.467076313;0.532923687;-0.999272027;-0.999393073;-0.000121046;0.000121134;1
Acer platanoides;3;30;7.483388816;12.20624096;0.529577415;6.953811401;4.722852144;2.361426072;7.084278216;0.94666713;0.095568433;0.132108682;0.036540249;0.382346428;0.002127634;0.002968374;0.00084074;0.39515255;48.49470716;27.97166643;-20.52304073;-0.423201663;76.46637359;72.38820246;4.078171133;31.02187888;45.44449471;0.94666713;0.05333287;0.405693083;0.594306917;-0.999292835;-0.99935682;-6.40E-05;6.40E-05;1
Acer platanoides;4;25;7.641752092;9.385743149;0.538372911;7.103379181;1.743991057;0.871995529;2.615986586;0.342328115;0.060876178;0.098220784;0.037344606;0.613451883;0.000811307;0.001295769;0.000484462;0.597137705;43.84683566;30.56214726;-13.2846884;-0.30297941;74.40898292;25.47228683;48.93669609;29.22798303;45.18099989;0.342328115;0.657671885;0.392801808;0.607198192;-0.999305503;-0.999192549;0.000112954;-0.000113033;1
Acer platanoides;4;30;11.75780806;15.94409491;0.76697866;10.9908294;4.18628685;2.093143425;6.279430275;0.534064703;0.171886788;0.198171923;0.026285135;0.152921206;0.003720951;0.004337595;0.000616644;0.16572215;72.81464708;56.06034981;-16.75429727;-0.230095152;128.8749969;68.827587;60.04740989;54.56250977;74.31248712;0.534064703;0.465935297;0.42337545;0.57662455;-0.99911522;-0.9991778;-6.26E-05;6.26E-05;1
Acer platanoides;4;35;14.23522548;19.64561599;0.904574423;13.33065106;5.41039051;2.705195255;8.115585765;0.570105881;0.221644356;0.186486955;-0.035157401;-0.158620782;0.006240397;0.005268359;-0.000972038;-0.15576541;100.7664443;67.24775985;-33.51868445;-0.332637364;168.0142042;95.7858859;72.22831825;74.04886815;93.965336;0.570105881;0.429894119;0.440729809;0.559270191;-0.999098893;-0.998976796;0.000122097;-0.000122207;1
Acer platanoides;5;25;11.12565617;13.02732127;0.731868944;10.39378723;1.9016651;0.95083255;2.85249765;0.256389161;0.167110706;0.153903667;-0.013207039;-0.079031675;0.002153281;0.002021408;-0.000131873;-0.06124282;43.16753823;46.20354464;3.03600641;0.070330775;89.37108287;22.91377695;66.45730592;29.91230546;59.45877741;0.256389161;0.743610839;0.334697807;0.665302193;-0.999295743;-0.998948506;0.000347237;-0.000347482;1
Acer platanoides;5;30;11.19484057;15.82135265;0.735711445;10.45912912;4.62651208;2.31325604;6.93976812;0.619907722;0.141080521;0.119938157;-0.021142364;-0.149860263;0.002801635;0.002413485;-0.00038815;-0.1385441;62.80696165;48.49585652;-14.31110513;-0.227858581;111.3028182;68.9974765;42.30534167;44.34897059;66.95384758;0.619907722;0.380092278;0.398453259;0.601546741;-0.999163519;-0.99903619;0.000127329;-0.000127436;1
Acer platanoides;5;35;8.559844326;14.3794754;0.589363754;7.970480572;5.819631074;2.909815537;8.729446611;1.019813711;0.096887189;0.108201971;0.011314782;0.116783056;0.002724352;0.003074059;0.000349707;0.128363369;57.02255479;38.88966392;-18.13289087;-0.317995062;95.91221871;97.81259573;-1.90037702;41.1152276;54.79699111;1.019813711;-0.019813711;0.428675597;0.571324403;-0.999157632;-0.99922467;-6.70E-05;6.71E-05;1
Acer platanoides;6;25;12.49737842;15.63803653;0.808054397;11.68932402;3.14065811;1.570329055;4.710987165;0.376958031;0.213275837;0.162148702;-0.051127135;-0.239723054;0.002692316;0.002124318;-0.000567998;-0.210970035;46.02980063;49.82158598;3.79178535;0.082376749;95.85138661;36.13194999;59.71943662;30.57458195;65.27680466;0.376958031;0.623041969;0.318979026;0.681020974;-0.999452419;-0.998957811;0.000494608;-0.000494879;1
Acer platanoides;6;30;13.80940639;17.34294153;0.880924431;12.92848196;3.53353514;1.76676757;5.30030271;0.383818287;0.231187806;0.176254075;-0.054933731;-0.237615175;0.004786702;0.003710485;-0.001076217;-0.224834761;83.11174248;54.3817139;-28.73002858;-0.345679536;137.4934564;52.77250295;84.72095343;54.83722055;82.65623583;0.383818287;0.616181713;0.39883513;0.60116487;-0.999309715;-0.999146499;0.000163216;-0.000163329;1
Acer platanoides;6;35;7.233456329;9.460146401;0.515696165;6.717760164;2.226690072;1.113345036;3.340035108;0.461748154;0.074223072;0.049145995;-0.025077077;-0.337860942;0.002252496;0.00148963;-0.000762866;-0.338675851;61.66608103;34.67219855;-26.99388248;-0.437742792;96.33827958;44.48402277;51.85425681;44.93630284;51.40197674;0.461748154;0.538251846;0.466442862;0.533557138;-0.999215607;-0.999163925;5.17E-05;-5.17E-05;1
Acer platanoides;7;30;5.242007173;8.310019382;0.405091078;4.836916095;3.068012209;1.534006105;4.602018314;0.877911487;0.070758062;0.099293287;0.028535225;0.403278781;0.001603679;0.002188551;0.000584872;0.364706403;48.59089258;22.9818681;-25.60902448;-0.527033424;71.57276068;62.83454878;8.738211904;33.73648799;37.83627269;0.877911487;0.122088513;0.471359323;0.528640677;-0.999118191;-0.999160483;-4.23E-05;4.23E-05;1
Acer platanoides;7;35;8.113982315;10.62757671;0.564600578;7.549381737;2.513594395;1.256797198;3.770391593;0.46467831;0.099869929;0.079011494;-0.020858435;-0.208856011;0.002874286;0.00225175;-0.000622536;-0.21658805;58.21884222;39.63487473;-18.58396749;-0.319208812;97.85371695;45.47049986;52.38321709;43.59852513;54.25519182;0.46467831;0.53532169;0.445547972;0.554452028;-0.999076859;-0.998954857;0.000122002;-0.000122115;1
Acer platanoides;8;25;7.755144631;8.656393424;0.544670733;7.210473898;0.901248793;0.450624396;1.35187319;0.174319533;0.097168694;0.107989219;0.010820525;0.11135814;0.001307996;0.001473529;0.000165533;0.126554668;38.18685711;35.82056509;-2.36629202;-0.061966137;74.0074222;12.90093927;61.10648293;28.65789578;45.34952642;0.174319533;0.825680467;0.387230023;0.612769977;-0.999290796;-0.999162025;0.000128771;-0.000128862;1
Acer platanoides;9;25;6.319735691;8.593680742;0.46494812;5.854787571;2.273945051;1.136972526;3.410917577;0.53972472;0.057207605;0.079236842;0.022029237;0.385075323;0.00077715;0.001082103;0.000304953;0.392399151;32.58073064;22.83310753;-9.74762311;-0.299183687;55.41383817;29.90821829;25.50561988;20.08993027;35.3239079;0.53972472;0.46027528;0.362543562;0.637456438;-0.999340101;-0.999150778;0.000189323;-0.000189448;1
Acer platanoides;9;30;5.809436124;6.603033472;0.436606082;5.372830042;0.793597348;0.396798674;1.190396022;0.204907326;0.075408294;0.026912076;-0.048496218;-0.643115172;0.00152671;0.000557993;-0.000968717;-0.634512776;33.09214437;22.81155856;-10.28058581;-0.310665447;55.90370293;11.45507828;44.44862465;21.77730562;34.12639731;0.204907326;0.795092674;0.389550325;0.610449675;-0.999286273;-0.99914987;0.000136403;-0.0001365;1
Acer platanoides;9;35;3.535764209;6.579330505;0.310326344;3.225437865;3.043566296;1.521783148;4.565349444;1.291191712;0.026464677;0.055967957;0.02950328;1.114817309;0.000793393;0.001645974;0.000852581;1.074601112;38.87619501;16.49063559;-22.38555942;-0.575816625;55.3668306;71.48919282;-16.12236222;27.48251584;27.88431476;1.291191712;-0.291191712;0.496371484;0.503628516;-0.999199256;-0.999257432;-5.82E-05;5.82E-05;1
Fagus sylvatica;1;25;5.674225469;6.877796544;0.429096483;5.245128986;1.203571075;0.601785538;1.805356613;0.318167937;0.118936586;0.109167131;-0.009769455;-0.082140032;0.001536228;0.001411096;-0.000125132;-0.081454055;10.94269206;23.94631365;13.00362159;1.188338438;34.88900571;11.10056298;23.78844273;8.128069223;26.76093649;0.318167937;0.681832063;0.232969357;0.767030643;-0.999544372;-0.999161746;0.000382626;-0.0003828;5
Fagus sylvatica;2;25;8.68494592;12.0774915;0.596311896;8.088634024;3.39254558;1.69627279;5.08881837;0.585935528;0.192489216;0.22056926;0.028080044;0.145878531;0.002422697;0.002753507;0.00033081;0.136546171;37.99147843;44.40934447;6.41786604;0.168929094;82.4008229;48.28156964;34.11925326;31.77402615;50.62679675;0.585935528;0.414064472;0.385603263;0.614396737;-0.999431894;-0.999198412;0.000233482;-0.000233615;5
Fagus sylvatica;2;30;10.34041404;14.24167651;0.688256596;9.652157444;3.90126247;1.950631235;5.851893705;0.565924506;0.250500478;0.204904419;-0.045596059;-0.182019848;0.004286212;0.004043707;-0.000242505;-0.056577929;56.57133151;12.66496981;-43.9063617;-0.776123887;69.23630132;39.18251961;30.05378171;18.58309677;50.65320455;0.565924506;0.434075494;0.268401062;0.731598938;-0.999224632;-0.999473031;-0.000248399;0.000248592;5
Fagus sylvatica;2;35;12.09496474;18.73807002;0.785704342;11.3092604;6.64310528;3.32155264;9.96465792;0.82386829;0.256733997;0.250245826;-0.006488171;-0.025271959;0.007760368;0.008010666;0.000250298;0.032253367;63.48822726;62.03152577;-1.45670149;-0.022944435;125.519753;103.4117443;22.10800872;51.42659605;74.09315698;0.82386829;0.17613171;0.409709188;0.590290812;-0.999282424;-0.99903592;0.000246504;-0.000246681;5
Fagus sylvatica;3;25;13.97339349;16.38143844;0.890032274;13.08336122;2.40804495;1.204022475;3.612067425;0.258496079;0.186987306;0.218487053;0.031499747;0.16845928;0.002425518;0.002835641;0.000410123;0.169086768;97.74002061;70.38395832;-27.35606229;-0.279885989;168.1239789;43.45938931;124.6645896;74.82026998;93.30370895;0.258496079;0.741503921;0.445030331;0.554969669;-0.999243845;-0.998794145;0.0004497;-0.00045004;5
Fagus sylvatica;3;30;15.00028524;22.84770747;0.947065842;14.0532194;7.84742223;3.923711115;11.77113335;0.784727301;0.241378717;0.233390045;-0.007988672;-0.033096008;0.00399251;0.003949206;-4.33E-05;-0.01084631;86.03357427;85.21054139;-0.82303288;-0.009566415;171.2441157;134.3799326;36.86418303;74.16198313;97.08213253;0.784727301;0.215272699;0.433077556;0.566922444;-0.999157485;-0.998874621;0.000282864;-0.000283103;5
Fagus sylvatica;3;35;13.69119397;24.27940162;0.874358913;12.81683506;10.58820765;5.294103825;15.88231148;1.160038453;0.217765733;0.236686335;0.018920602;0.086885121;0.006413417;0.006754837;0.00034142;0.053235272;126.0299156;89.72240352;-36.30751208;-0.288086459;215.7523191;250.2809865;-34.52866742;107.3250288;108.4272903;1.160038453;-0.160038453;0.49744554;0.50255446;-0.998801993;-0.998739778;6.22E-05;-6.23E-05;5
Fagus sylvatica;4;30;9.129552058;12.56708014;0.621005321;8.508546737;3.437528082;1.718764041;5.156292123;0.56479136;0.165644875;0.186051543;0.020406668;0.123195288;0.002913574;0.003174064;0.00026049;0.089405658;58.99390267;44.32527535;-14.66862732;-0.248646498;103.319178;58.35377907;44.96539895;44.53397986;58.78519816;0.56479136;0.43520864;0.431033045;0.568966955;-0.999168924;-0.999166263;2.66E-06;-2.66E-06;5
Fagus sylvatica;4;35;7.564701251;14.18716725;0.534093507;7.030607744;6.622465999;3.311233;9.933698999;1.313164746;0.162245804;0.172137925;0.009892121;0.060969965;0.004845028;0.005165217;0.000320189;0.066086099;42.81938435;50.32871065;7.5093263;0.175372122;93.148095;122.3187945;-29.17069953;41.92619333;51.22190167;1.313164746;-0.313164746;0.450102531;0.549897469;-0.999301125;-0.999221888;7.92E-05;-7.93E-05;5
Fagus sylvatica;5;25;7.202399237;11.29824117;0.513971254;6.688427983;4.095841933;2.047920967;6.1437629;0.853016154;0.100789606;0.166641259;0.065851653;0.653357579;0.001336317;0.002127968;0.000791651;0.592412579;249.6077619;58.31444113;-191.2933208;-0.76637569;307.922203;262.6626135;45.25958955;186.0750707;121.8471323;0.853016154;0.146983846;0.604292477;0.395707523;-0.999142487;-0.999056426;8.61E-05;-8.61E-05;5
Fagus sylvatica;5;30;16.99801688;25.62265046;1.058019858;15.93999702;8.62463358;4.31231679;12.93695037;0.761085864;0.243152147;0.239643592;-0.003508555;-0.014429463;0.003976285;0.003805106;-0.000171179;-0.043049983;119.0846806;105.5457167;-13.5389639;-0.113691903;224.6303973;170.9630201;53.6673772;104.4255532;120.2048441;0.761085864;0.238914136;0.464877214;0.535122786;-0.999251758;-0.999084777;0.000166981;-0.000167106;5
Fagus sylvatica;5;35;13.12714446;22.37402259;0.843031603;12.28411286;9.24687813;4.623439065;13.8703172;1.056613435;0.223945785;0.238559764;0.014613979;0.065256772;0.006574664;0.006873792;0.000299128;0.045497078;109.3661506;83.10896056;-26.25719004;-0.240085163;192.4751112;203.3717883;-10.89667713;93.31102221;99.16408895;1.056613435;-0.056613435;0.484795263;0.515204737;-0.998975585;-0.998930647;4.49E-05;-4.50E-05;5
Fagus sylvatica;6;25;9.036363498;11.87591981;0.615829629;8.420533869;2.839556312;1.419778156;4.259334468;0.471354928;0.135956068;0.169413735;0.033457667;0.246091752;0.001813141;0.002238076;0.000424935;0.234364013;297.5791406;46.1725795;-251.4065611;-0.844839328;343.7517201;162.0290674;181.7226527;205.0708441;138.680876;0.471354928;0.528645072;0.596566743;0.403433257;-0.999476007;-0.999130712;0.000345295;-0.000345476;5
Fagus sylvatica;6;35;13.31004005;20.28290316;0.853189624;12.45685043;6.97286311;3.486431555;10.45929467;0.785819924;0.220165347;0.208046729;-0.012118618;-0.055043258;0.006577283;0.006127359;-0.000449924;-0.068405754;64.33808473;71.54524756;7.20716283;0.112020164;135.8833323;106.7798299;29.10350239;55.09544806;80.78788423;0.785819924;0.214180076;0.405461414;0.594538586;-0.999436487;-0.999164443;0.000272044;-0.000272197;5
Fagus sylvatica;7;25;10.15444349;11.05723168;0.677927791;9.476515699;0.90278819;0.451394095;1.354182285;0.133358592;0.129371605;0.161913735;0.03254213;0.251539973;0.001673031;0.002107384;0.000434353;0.259620413;44.92058567;35.05664576;-9.86393991;-0.219586182;79.97723143;10.66565096;69.31158047;26.23963831;53.73759312;0.133358592;0.866641408;0.328088855;0.671911145;-0.999506734;-0.999041809;0.000464925;-0.000465154;5
Fagus sylvatica;7;30;10.83156006;14.81690751;0.715534846;10.11602521;3.98534745;1.992673725;5.978021175;0.551907679;0.192479836;0.180572748;-0.011907088;-0.061861482;0.00408488;0.003885554;-0.000199326;-0.048796048;42.71963749;44.56182436;1.84218687;0.043122718;87.28146185;48.17130905;39.1101528;29.30348107;57.97798078;0.551907679;0.448092321;0.335735452;0.664264548;-0.999420301;-0.999105958;0.000314343;-0.000314525;5
Fagus sylvatica;7;35;8.669547615;14.54900179;0.595456675;8.07409094;5.879454175;2.939727088;8.819181263;1.017259683;0.203396366;0.18054417;-0.022852196;-0.11235302;0.005868231;0.005075751;-0.00079248;-0.135045809;62.18766309;44.69502378;-17.49263931;-0.281287935;106.8826869;108.7274482;-1.844761342;48.13633094;58.74635593;1.017259683;-0.017259683;0.450366026;0.549633974;-0.999059922;-0.999105571;-4.56E-05;4.57E-05;5
Fagus sylvatica;8;25;7.036040127;7.918180624;0.504731669;6.531308458;0.882140497;0.441070249;1.323210746;0.188061853;0.135935902;0.130275757;-0.005660145;-0.041638338;0.0017425;0.00171383;-2.87E-05;-0.016453372;9.438951246;29.24880057;19.80984932;2.09873415;38.68775182;7.275690303;31.41206151;7.029060872;31.65869094;0.188061853;0.811938147;0.181686982;0.818313018;-0.999608215;-0.999186357;0.000421858;-0.000422023;5
Fagus sylvatica;9;25;5.403083029;9.072700894;0.414037231;4.989045798;3.669617865;1.834808933;5.504426798;1.018756656;0.061724308;0.097991616;0.036267308;0.587569293;0.000824171;0.00127741;0.000453239;0.549933206;17.86607444;30.99895905;13.13288461;0.735073877;48.86503349;49.7815781;-0.916544613;18.16846758;30.69656591;1.018756656;-0.018756656;0.371809171;0.628190829;-0.999517512;-0.999237838;0.000279674;-0.000279809;5
Betula pendula;1;25;19.69518076;25.90993649;1.207820339;18.48736042;6.21475573;3.107377865;9.322133595;0.47332054;0.250855986;0.195846505;-0.055009481;-0.219287097;0.003118574;0.002502789;-0.000615785;-0.197457235;137.745437;110.5823041;-27.1631329;-0.19719806;248.3277411;117.5386205;130.7891206;113.0313454;135.2963957;0.47332054;0.52667946;0.45517003;0.54482997;-0.999397316;-0.999120485;0.000276831;-0.000276998;2
Betula pendula;1;30;18.06021899;25.74222957;1.117014563;16.94320443;7.68201058;3.84100529;11.52301587;0.638033009;0.207346783;0.235587883;0.0282411;0.136202258;0.00345084;0.003907414;0.000456574;0.132308076;164.6401098;105.4954131;-59.1446967;-0.359236256;270.1355229;172.3553806;97.78014232;131.9297646;138.2057583;0.638033009;0.361966991;0.48838362;0.51161638;-0.999051378;-0.99898278;6.86E-05;-6.87E-05;2
Betula pendula;1;35;20.51677759;27.47157431;1.253451827;19.26332576;6.95479672;3.47739836;10.43219508;0.508471422;0.197091658;0.170022284;-0.027069374;-0.137344088;0.004689835;0.004324042;-0.000365793;-0.077996987;207.9359841;130.3735091;-77.562475;-0.373011316;338.3094932;172.0207091;166.2887841;170.8282552;167.481238;0.508471422;0.491528578;0.504946679;0.495053321;-0.999111999;-0.998906635;0.000205364;-0.000205547;2
Betula pendula;1b;30;20.07348074;26.49815927;1.22883112;18.84464962;6.42467853;3.212339265;9.637017795;0.480087032;0.205665454;0.176935026;-0.028730428;-0.139694963;0.003880935;0.003335481;-0.000545454;-0.140547059;202.3318583;115.3361058;-86.9957525;-0.429965667;317.6679641;152.5082701;165.159694;158.2493608;159.4186033;0.480087032;0.519912968;0.498159647;0.501840353;-0.99913293;-0.998950494;0.000182436;-0.000182594;2
Betula pendula;1b;35;11.1931296;16.63944761;0.735616418;10.45751318;5.44631801;2.723159005;8.169477015;0.729865311;0.089310752;0.039100577;-0.050210175;-0.562196308;0.002600217;0.001097261;-0.001502956;-0.578011758;137.9838367;47.06052944;-90.92330726;-0.658941724;185.0443661;135.0574638;49.98690232;93.51456516;91.52980098;0.729865311;0.270134689;0.505362941;0.494637059;-0.999182808;-0.999257129;-7.43E-05;7.44E-05;2
Betula pendula;2;25;17.20816325;23.92167556;1.069691387;16.13847186;6.71351231;3.356756155;10.07026847;0.585202983;0.207559283;0.220740883;0.0131816;0.063507639;0.002625467;0.002790877;0.00016541;0.063002125;123.5885614;103.4655928;-20.1229686;-0.162822258;227.0541542;132.8727683;94.18138587;105.4810008;121.5731534;0.585202983;0.414797017;0.464563184;0.535436816;-0.99921451;-0.999007673;0.000206837;-0.000207;2
Betula pendula;2;35;11.58341662;19.83327929;0.757292959;10.82612366;8.24986267;4.124931335;12.37479401;1.068319859;0.14822699;0.147968511;-0.000258479;-0.001743805;0.004216056;0.004206187;-9.87E-06;-0.002340813;92.28171914;85.00492573;-7.27679341;-0.078854116;177.2866449;189.3988434;-12.1121985;87.30198559;89.98465928;1.068319859;-0.068319859;0.492434078;0.507565922;-0.999168821;-0.999089946;7.89E-05;-7.89E-05;2
Betula pendula;3;30;12.29752468;17.39314761;0.796954521;11.50057016;5.09562293;2.547811465;7.643434395;0.621542513;0.14117519;0.157133406;0.015958216;0.113038389;0.002426963;0.00268173;0.000254767;0.104973582;100.2440213;69.7060084;-30.5380129;-0.30463675;169.9500297;105.6311686;64.31886113;80.50662065;89.44340905;0.621542513;0.378457487;0.4737076;0.5262924;-0.999116732;-0.999019555;9.72E-05;-9.73E-05;2
Betula pendula;3a;25;15.19964411;16.11925782;0.958138234;14.24150588;0.91961371;0.459806855;1.379420565;0.090753478;0.230912795;0.225166914;-0.005745881;-0.024883337;0.002890727;0.002820919;-6.98E-05;-0.024148942;84.08462626;71.83886756;-12.2457587;-0.14563612;155.9234938;14.15059934;141.7728945;63.41661159;92.50688223;0.090753478;0.909246522;0.406716204;0.593283796;-0.999305966;-0.999060324;0.000245642;-0.000245813;2
Betula pendula;3b;35;12.09141349;17.0836679;0.785507105;11.30590638;4.99225441;2.496127205;7.488381615;0.619313997;0.199276025;0.153200461;-0.046075564;-0.231214789;0.005532129;0.00425919;-0.001272939;-0.230099298;109.986559;58.08311809;-51.90344091;-0.471907126;168.0696771;104.0879035;63.98177364;79.80268209;88.266995;0.619313997;0.380686003;0.474819036;0.525180964;-0.999119074;-0.999163226;-4.42E-05;4.42E-05;2
Betula pendula;3c;30;8.074479713;17.16281567;0.562406603;7.51207311;9.088335957;4.544167979;13.63250394;1.688344565;0.11740323;0.153446509;0.036043279;0.307004151;0.002066109;0.002639019;0.00057291;0.27728934;42.54282121;60.72059819;18.17777698;0.427281888;103.2634194;174.3442329;-71.08081347;47.3103337;55.9530857;1.688344565;-0.688344565;0.458151918;0.541848082;-0.999296887;-0.999106119;0.000190768;-0.000190902;2
Betula pendula;3c;35;11.97488078;18.76436592;0.779034879;11.1958459;6.78948514;3.39474257;10.18422771;0.850465896;0.182834679;0.18544481;0.002610131;0.014275908;0.005121222;0.005348542;0.00022732;0.044387843;79.9000513;75.94046466;-3.95958664;-0.049556747;155.840516;132.537044;23.30347195;71.96066189;83.87985407;0.850465896;0.149534104;0.461758365;0.538241635;-0.999200681;-0.999078201;0.00012248;-0.000122578;2
Betula pendula;4;25;21.53496978;21.4209041;1.310002222;20.22496756;-0.11406568;-0.05703284;-0.17109852;-0.007945148;0.242328464;0.198235474;-0.04409299;-0.181955472;0.003125192;0.002586148;-0.000539044;-0.172483483;191.1167359;97.36311652;-93.75361938;-0.490556826;288.4798524;-2.292015095;290.7718675;134.8933155;153.5865369;-0.007945148;1.007945148;0.467600473;0.532399527;-0.999273609;-0.998978434;0.000295175;-0.00029539;2
Betula pendula;4;30;16.27244868;24.7043991;1.0177218;15.25472688;8.43195042;4.21597521;12.64792563;0.777260133;0.208617872;0.661106997;0.452489125;2.168985431;0.003625881;0.008696744;0.005070863;1.39851887;153.6647036;99.10908949;-54.55561411;-0.355030224;252.7737931;196.4709921;56.30280098;125.1226656;127.6511275;0.777260133;0.222739867;0.494998568;0.505001432;-0.999085547;-0.99902161;6.39E-05;-6.40E-05;2
Betula pendula;4;35;17.13041824;23.73136879;1.065373429;16.06504481;6.60095055;3.300475275;9.901425825;0.578002573;0.151651179;0.137735183;-0.013915996;-0.09176319;0.003786372;0.003532429;-0.000253943;-0.067067631;202.8536743;108.3673698;-94.4863045;-0.465785522;311.2210441;179.8865644;131.3344797;161.7995808;149.4214633;0.578002573;0.421997427;0.519886376;0.480113624;-0.999193466;-0.998997297;0.000196169;-0.000196327;2
Betula pendula;4c;30;11.83990266;15.97358035;0.771538194;11.06836447;4.13367769;2.066838845;6.200516535;0.52369658;0.143607712;0.129988975;-0.013618737;-0.094832908;0.002478221;0.002272383;-0.000205838;-0.083058775;97.2305542;46.43281263;-50.79774157;-0.522446282;143.6633668;75.23601393;68.4273529;64.20250413;79.4608627;0.52369658;0.47630342;0.446895444;0.553104556;-0.999292176;-0.999337245;-4.51E-05;4.51E-05;2
Betula pendula;4c;35;15.46996421;24.91297209;0.973151812;14.4968124;9.44300788;4.72150394;14.16451182;0.915613742;0.202074767;0.204564725;0.002489958;0.012321964;0.005623142;0.005445138;-0.000178004;-0.031655612;131.4383922;99.55117459;-31.88721761;-0.242602006;230.9895668;211.4972216;19.49234516;112.7398066;118.2497602;0.915613742;0.084386258;0.488073155;0.511926845;-0.999174285;-0.999076417;9.79E-05;-9.79E-05;2
Betula pendula;6;25;12.55647768;18.0812622;0.81133677;11.74514091;5.52478452;2.76239226;8.28717678;0.659992156;0.105641764;0.150544563;0.044902799;0.425047796;0.001422685;0.001995294;0.000572609;0.402484738;104.6909798;76.97771412;-27.71326568;-0.264714933;181.6686939;119.899913;61.76878088;87.62852213;94.04017179;0.659992156;0.340007844;0.482353455;0.517646545;-0.999104026;-0.99902072;8.33E-05;-8.34E-05;2
Betula pendula;6;30;13.49763365;18.14177174;0.863608573;12.63402508;4.64413809;2.322069045;6.966207135;0.516105809;0.115709896;0.137152229;0.021442333;0.185311142;0.002013783;0.00239893;0.000385147;0.191255463;145.9208689;78.8650131;-67.0558558;-0.459535749;224.785882;116.0132995;108.7725825;113.8635649;110.9223171;0.516105809;0.483894191;0.506542332;0.493457668;-0.999149544;-0.999022973;0.000126571;-0.000126679;2
Betula pendula;7;25;17.26105365;19.06875977;1.07262892;16.18842473;1.80770612;0.90385306;2.71155918;0.157091174;0.703727388;0.191646841;-0.512080547;-0.727668918;0.008986075;0.002524611;-0.006461464;-0.719052979;174.469869;88.35443441;-86.11543459;-0.49358342;262.8243034;41.28737834;221.5369251;129.1867259;133.6375775;0.157091174;0.842908826;0.491532648;0.508467352;-0.999097978;-0.998933351;0.000164627;-0.000164776;2
Betula pendula;7;30;13.99778438;21.8312932;0.891386944;13.10639744;7.83350882;3.91675441;11.75026323;0.839437365;0.207983878;0.204945245;-0.003038633;-0.014609945;0.003994977;0.003889986;-0.000104991;-0.026280752;101.0715093;89.53379663;-11.53771267;-0.114153956;190.6053059;160.0012157;30.60409024;89.74277894;100.862527;0.839437365;0.160562635;0.470830434;0.529169566;-0.999203964;-0.999153021;5.09E-05;-5.10E-05;2
Betula pendula;7;35;16.44847315;23.76678089;1.027498199;15.42097495;7.31830774;3.65915387;10.97746161;0.667384839;0.20698331;0.194493612;-0.012489698;-0.060341571;0.005567036;0.005342086;-0.00022495;-0.040407499;152.2777365;98.70405628;-53.57368022;-0.35181558;250.9817928;167.5014434;83.48034934;123.4586001;127.5231927;0.667384839;0.332615161;0.491902615;0.508097385;-0.999087151;-0.999087284;-1.33E-07;1.33E-07;2
Corylus avellana;1;25;11.70895651;14.5230801;0.764265445;10.94469107;2.81412359;1.407061795;4.221185385;0.360509101;0.2543567;0.231184181;-0.023172519;-0.091102452;0.003192318;0.002924852;-0.000267466;-0.08378426;60.89153905;46.6919863;-14.19955275;-0.233194184;107.5835254;38.78484001;68.79868534;40.49846621;67.08505914;0.360509101;0.639490899;0.376437434;0.623562566;-0.999319089;-0.999002125;0.000316964;-0.00031718;4
Corylus avellana;1;30;7.762559501;12.03806899;0.545082555;7.217476946;4.275509489;2.137754745;6.413264234;0.826179076;0.115413526;0.108386561;-0.007026965;-0.060885108;0.001994781;0.001866866;-0.000127915;-0.064124834;47.03058206;42.95053979;-4.08004227;-0.086752961;89.98112185;74.34052008;15.64060177;39.2872559;50.69386595;0.826179076;0.173820924;0.436616649;0.563383351;-0.999081699;-0.999038879;4.28E-05;-4.29E-05;4
Corylus avellana;1;35;4.808796951;8.364961175;0.381030583;4.427766368;3.556164224;1.778082112;5.334246336;1.109268366;0.067035708;0.071745982;0.004710274;0.070265149;0.002082468;0.002140747;5.83E-05;0.027985544;49.2638639;28.24722051;-21.01664339;-0.426613784;77.51108441;85.98059395;-8.469509536;38.85059774;38.66048667;1.109268366;-0.109268366;0.501226348;0.498773652;-0.998864427;-0.998921401;-5.70E-05;5.70E-05;4
Corylus avellana;2;25;9.318910152;10.00920842;0.63152227;8.687387882;0.690298268;0.345149134;1.035447402;0.1111125;0.185126216;0.187577333;0.002451117;0.013240248;0.002409958;0.002446343;3.64E-05;0.015097773;55.56823107;42.59313313;-12.97509794;-0.233498488;98.1613642;10.90695456;87.25440964;40.59048239;57.57088181;0.1111125;0.8888875;0.413507725;0.586492275;-0.999193355;-0.998976543;0.000216812;-0.000216987;4
Corylus avellana;2;30;6.161667065;8.901236392;0.456168989;5.705498076;2.739569327;1.369784664;4.109353991;0.666922433;0.073367781;0.068799811;-0.00456797;-0.062261253;0.00137872;0.001311008;-6.77E-05;-0.04911222;48.52840077;19.43626648;-29.09213429;-0.599486771;67.96466725;45.32716124;22.63750601;28.87866599;39.08600126;0.666922433;0.333077567;0.424907046;0.575092954;-0.999027432;-0.999114716;-8.73E-05;8.74E-05;4
Corylus avellana;2;35;8.033623606;13.10046004;0.560137455;7.473486151;5.066836434;2.533418217;7.600254651;0.946055606;0.119218113;0.12351801;0.004299897;0.036067481;0.003580359;0.003869875;0.000289516;0.080862282;56.17706008;48.83459519;-7.34246489;-0.130702192;105.0116553;99.34686519;5.66479008;48.5847739;56.42688137;0.946055606;0.053944394;0.462660776;0.537339224;-0.999088664;-0.998984672;0.000103992;-0.000104087;4
Corylus avellana;3;25;10.11032029;12.68472799;0.675477189;9.434843101;2.5744077;1.28720385;3.86161155;0.381947499;0.29503593;0.281603854;-0.013432076;-0.045526916;0.003719445;0.003518047;-0.000201398;-0.054147326;53.30210108;47.77551196;-5.52658912;-0.103684264;101.077613;38.60634152;62.47127152;40.42422125;60.65339179;0.381947499;0.618052501;0.399932488;0.600067512;-0.999321457;-0.999073278;0.000248179;-0.000248348;4
Corylus avellana;3;35;6.43287638;11.56981335;0.471231954;5.961644426;5.13693697;2.568468485;7.705405455;1.197816498;0.112307663;0.137230673;0.02492301;0.22191727;0.003447937;0.004050001;0.000602064;0.174615719;57.08728281;38.66501758;-18.42226523;-0.322703487;95.75230039;114.6936851;-18.9413847;46.68052991;49.07177048;1.197816498;-0.197816498;0.487513404;0.512486596;-0.999015592;-0.999070465;-5.49E-05;5.49E-05;4
Corylus avellana;4;25;6.041303982;11.46141976;0.449484023;5.591819959;5.420115778;2.710057889;8.130173667;1.345764704;0.115566106;0.17303524;0.057469134;0.497283641;0.001530484;0.002250233;0.000719749;0.470275416;30.47376854;34.17224436;3.69847582;0.121365883;64.6460129;86.99832244;-22.35230954;26.98719798;37.65881492;1.345764704;-0.345764704;0.417461136;0.582538864;-0.999208194;-0.999016781;0.000191413;-0.000191565;4
Corylus avellana;4;30;4.91754935;6.167075423;0.387070691;4.530478659;1.249526073;0.624763037;1.87428911;0.381142918;0.08207991;0.056199558;-0.025880352;-0.315306778;0.001431822;0.000976226;-0.000455596;-0.318193183;29.69871841;17.94920941;-11.749509;-0.395623435;47.64792782;18.16067025;29.48725757;18.65182028;28.99610754;0.381142918;0.618857082;0.391450817;0.608549183;-0.999083572;-0.999094864;-1.13E-05;1.13E-05;4
Corylus avellana;4;35;5.43129078;8.267178546;0.41560389;5.01568689;2.835887766;1.417943883;4.253831649;0.783208232;0.078242895;0.069718946;-0.008523949;-0.108942147;0.002577525;0.002204385;-0.00037314;-0.144766782;44.74286032;29.54367604;-15.19918428;-0.339700774;74.28653636;58.1818268;16.10470956;35.04091549;39.24562087;0.783208232;0.216791768;0.471699412;0.528300588;-0.99913158;-0.999064744;6.68E-05;-6.69E-05;4
Corylus avellana;5;25;11.17966464;12.13309572;0.734868574;10.44479607;0.95343108;0.47671554;1.43014662;0.127923928;0.25557746;0.29897893;0.04340147;0.169817284;0.003289791;0.003766426;0.000476635;0.144883064;60.16048631;43.68253801;-16.4779483;-0.273899852;103.8430243;13.28400762;90.5590167;39.41624384;64.42678048;0.127923928;0.872076072;0.379575269;0.620424731;-0.999232449;-0.998989931;0.000242518;-0.000242704;4
Corylus avellana;5;30;8.873839489;15.35082823;0.606803045;8.267036444;6.476988741;3.238494371;9.715483112;1.094845486;0.192710744;0.159719153;-0.032991591;-0.171197466;0.003145993;0.002776194;-0.000369799;-0.117546034;47.14009801;48.43916856;1.29907055;0.027557655;95.57926657;104.6445286;-9.065262027;40.05593908;55.52332749;1.094845486;-0.094845486;0.419086069;0.580913931;-0.999204333;-0.999055137;0.000149196;-0.000149315;4
Corylus avellana;5;35;6.180837068;9.978031627;0.457233691;5.723603377;3.797194559;1.89859728;5.695791839;0.921524346;0.109004435;0.11118576;0.002181325;0.020011342;0.002999378;0.003042613;4.32E-05;0.014414655;47.8708383;32.80114414;-15.06969416;-0.314799045;80.67198244;74.34119588;6.33078656;37.29908945;43.37289299;0.921524346;0.078475654;0.462354938;0.537645062;-0.99910345;-0.999139773;-3.63E-05;3.64E-05;4
Corylus avellana;6;25;4.865942927;6.25360645;0.38420447;4.481738457;1.387663523;0.693831762;2.081495285;0.427768125;0.119643376;0.143269549;0.023626173;0.197471634;0.001595073;0.001879452;0.000284379;0.178285884;15.77870766;17.76569681;1.98698915;0.12592851;33.54440447;14.34922702;19.19517745;9.387088508;24.15731596;0.427768125;0.572231875;0.279840667;0.720159333;-0.99935698;-0.999053313;0.000303667;-0.000303862;4
Corylus avellana;6;30;5.86356877;8.668994545;0.439612609;5.423956161;2.805425775;1.402712888;4.208138663;0.717675332;0.148600189;0.131271178;-0.017329011;-0.116615;0.00274043;0.002489038;-0.000251392;-0.091734509;21.6259947;24.46755732;2.84156262;0.131395696;46.09355202;33.08020524;13.01334678;15.09285129;31.00070073;0.717675332;0.282324668;0.327439536;0.672560464;-0.999298643;-0.999167919;0.000130724;-0.000130816;4
Corylus avellana;6;35;4.008487842;6.626132915;0.336581415;3.671906427;2.617645073;1.308822537;3.92646761;0.979538361;0.103228854;0.108505211;0.005276357;0.051113199;0.003604631;0.003479851;-0.00012478;-0.034616581;28.84941556;10.71135091;-18.13806465;-0.628715151;39.56076647;38.75128833;0.809478135;15.6845434;23.87622307;0.979538361;0.020461639;0.396467126;0.603532874;-0.999264217;-0.999331493;-6.73E-05;6.73E-05;4
Corylus avellana;7;25;4.546156294;6.907196001;0.366443521;4.179712773;2.361039707;1.180519854;3.541559561;0.779022834;0.104096292;0.185358997;0.081262705;0.780649372;0.001405371;0.0024077;0.001002329;0.713213095;14.06328389;24.30494512;10.24166123;0.728255314;38.36822901;29.8897265;8.478502507;13.45573589;24.91249312;0.779022834;0.220977166;0.350699947;0.649300053;-0.999306162;-0.998988475;0.000317687;-0.000317908;4
Scandosorbus intermedia;6;30;10.64853411;16.35098644;0.705369584;9.943164526;5.70245233;2.851226165;8.553678495;0.803272864;0.170973452;0.157026603;-0.013946849;-0.081573185;0.00286755;0.002678639;-0.000188911;-0.065878886;76.29815567;70.98484529;-5.31331038;-0.069638779;147.283001;118.308438;28.97456292;69.79257635;77.49042461;0.803272864;0.196727136;0.473867153;0.526132847;-0.999127614;-0.999033766;9.38E-05;-9.39E-05;6
Scandosorbus intermedia;6a;30;7.451540319;9.801529475;0.527808549;6.92373177;2.349989156;1.174994578;3.524983734;0.473054373;0.084942819;0.084789567;-0.000153252;-0.001804178;0.001489454;0.001484327;-5.13E-06;-0.003442201;80.07550283;46.43371427;-33.64178856;-0.420125848;126.5092171;59.84573838;66.66347872;64.46870388;62.04051322;0.473054373;0.526945627;0.509596892;0.490403108;-0.999269826;-0.999260648;9.18E-06;-9.18E-06;6
Scandosorbus intermedia;6b;30;9.097805106;14.87299212;0.619242096;8.47856301;5.775187014;2.887593507;8.662780521;0.952183567;0.166844708;0.128441232;-0.038403476;-0.230174972;0.002829513;0.002271602;-0.000557911;-0.197175627;59.08720408;58.31611884;-0.77108524;-0.013049953;117.4033229;111.7895148;5.613808082;54.00806833;63.39525459;0.952183567;0.047816433;0.460021633;0.539978367;-0.999280896;-0.999190051;9.08E-05;-9.09E-05;6
Scandosorbus intermedia;6c;30;6.967468608;8.794519205;0.500923206;6.466545402;1.827050597;0.913525299;2.740575896;0.393338822;0.105991958;0.111919697;0.005927739;0.055926309;0.001915823;0.002043018;0.000127195;0.066391833;49.6909867;29.2499506;-20.4410361;-0.411363055;78.9409373;31.0505353;47.890402;34.04737525;44.89356205;0.393338822;0.606661178;0.431301887;0.568698113;-0.999340398;-0.999343067;-2.67E-06;2.67E-06;6
Scandosorbus intermedia;6c;35;9.243788481;12.99069463;0.627350012;8.616438469;3.746906149;1.873453075;5.620359224;0.608014694;0.127450997;0.097167992;-0.030283005;-0.237605085;0.003447346;0.002709763;-0.000737583;-0.213956766;77.25233699;53.20219236;-24.05014463;-0.311319315;130.4545294;79.31827073;51.13625862;62.31958362;68.13494573;0.608014694;0.391985306;0.477711153;0.522288847;-0.999026198;-0.999058666;-3.25E-05;3.25E-05;6
Scandosorbus intermedia;6d;30;12.05675448;20.22086021;0.783582144;11.27317234;8.16410573;4.082052865;12.2461586;1.015709378;0.233442768;0.235512369;0.002069601;0.008865561;0.003807043;0.003820818;1.38E-05;0.003618294;68.50981982;79.13027065;10.62045083;0.155020855;147.6400905;149.9594245;-2.319334007;66.2753817;81.36470877;1.015709378;-0.015709378;0.448898273;0.551101727;-0.99930323;-0.999222262;8.10E-05;-8.10E-05;6
Scandosorbus intermedia;6d;35;13.79706124;22.03395621;0.880238781;12.91682246;8.23689497;4.118447485;12.35534246;0.895505372;0.222168057;0.202385364;-0.019782693;-0.089043822;0.00603379;0.005557487;-0.000476303;-0.078939274;106.1342283;88.56926381;-17.56496449;-0.165497642;194.7034921;174.3580231;20.34546902;93.01016477;101.6933273;0.895505372;0.104494628;0.477701575;0.522298425;-0.999141441;-0.999069013;7.24E-05;-7.25E-05;6
Scandosorbus intermedia;6e;35;7.277198738;10.23253768;0.518125618;6.75907312;2.955338942;1.477669471;4.433008413;0.609164127;0.088728485;0.07501455;-0.013713935;-0.15456068;0.002532099;0.002191841;-0.000340258;-0.134377842;70.35506696;42.65477842;-27.70028854;-0.393721302;113.0098454;68.84154375;44.16830163;55.93403362;57.07581176;0.609164127;0.390835873;0.494948324;0.505051676;-0.999233129;-0.999243109;-9.98E-06;9.99E-06;6
Scandosorbus intermedia;6f;35;6.867866678;9.763101508;0.495391315;6.372475363;2.89523483;1.447617415;4.342852245;0.632343703;0.081141014;0.074988292;-0.006152722;-0.075827522;0.002364224;0.002065915;-0.000298309;-0.126176284;62.24550879;48.28743056;-13.95807823;-0.224242335;110.5329394;69.89480814;40.63813121;55.37431509;55.15862426;0.632343703;0.367656297;0.500975686;0.499024314;-0.999190896;-0.99914194;4.90E-05;-4.90E-05;6
Scandosorbus intermedia;6g;35;12.81417979;20.21982313;0.825649546;11.98853024;7.40564334;3.70282167;11.10846501;0.866888493;0.197189321;0.196188251;-0.00100107;-0.005076695;0.005027805;0.005298843;0.000271038;0.053907819;108.3007572;80.74863291;-27.55212429;-0.254403801;189.0493901;163.8847409;25.16464917;91.86178063;97.18760948;0.866888493;0.133111507;0.485914187;0.514085813;-0.999196753;-0.999201134;-4.38E-06;4.38E-06;6
Tilia cordata;1;25;8.44874745;9.09388351;0.583193433;7.865554017;0.64513606;0.32256803;0.96770409;0.114538172;0.071682187;0.078481976;0.006799789;0.094860234;0.000947652;0.001055341;0.000107689;0.113637707;54.63390518;38.96781233;-15.66609285;-0.286746715;93.60171751;10.72096964;82.88074787;39.87115181;53.7305657;0.114538172;0.885461828;0.425966028;0.574033972;-0.999196015;-0.999114758;8.13E-05;-8.13E-05;7
Tilia cordata;10;25;4.49278627;7.718366837;0.363479349;4.129306921;3.225580567;1.612790284;4.838370851;1.07691988;0.054509622;0.054036547;-0.000473075;-0.008678743;0.000734815;0.00071025;-2.46E-05;-0.033430183;24.59692079;26.64973199;2.0528112;0.083458056;51.24665278;55.18853916;-3.941886379;22.1836718;29.06298098;1.07691988;-0.07691988;0.432880405;0.567119595;-0.999267243;-0.999299033;-3.18E-05;3.18E-05;7
Tilia cordata;11;25;11.65369744;15.34772346;0.761196356;10.89250108;3.69402602;1.84701301;5.54103903;0.475474763;0.179027463;0.174063743;-0.00496372;-0.027726025;0.002241911;0.002181112;-6.08E-05;-0.027119275;68.62065582;56.36657233;-12.25408349;-0.178577184;124.9872282;59.4282727;65.55895545;52.24829226;72.73893589;0.475474763;0.524525237;0.41802905;0.58197095;-0.999224989;-0.999096395;0.000128594;-0.000128694;7
Tilia cordata;12;25;7.567063234;12.70038674;0.534224692;7.032838542;5.133323506;2.566661753;7.699985259;1.017565867;0.085862105;0.116596383;0.030734278;0.357949272;0.001137092;0.001543384;0.000406292;0.35730794;43.16766809;49.26569469;6.0980266;0.141263748;92.43336278;94.05703492;-1.62367214;41.44340656;50.98995622;1.017565867;-0.017565867;0.448359827;0.551640173;-0.999332943;-0.999073452;0.000259491;-0.000259664;7
Tilia cordata;13;25;8.847325561;13.30850029;0.605330462;8.241995099;4.461174729;2.230587365;6.691762094;0.756359879;0.10796229;0.130607054;0.022644764;0.209746977;0.00140864;0.001697392;0.000288752;0.20498637;57.9849187;52.6801411;-5.3047776;-0.091485471;110.6650598;83.70261127;26.96244853;50.18383837;60.48122143;0.756359879;0.243640121;0.453475003;0.546524997;-0.999142066;-0.998994248;0.000147818;-0.000147945;7
Tilia cordata;13;30;10.09475559;14.08393627;0.674612725;9.420142865;3.98918068;1.99459034;5.98377102;0.592760366;0.13953473;0.123428504;-0.016106226;-0.11542808;0.003212477;0.002733493;-0.000478984;-0.149101145;47.82629415;51.30993762;3.48364347;0.072839502;99.13623177;58.76402905;40.37220272;39.17147294;59.96475883;0.592760366;0.407239634;0.395127717;0.604872283;-0.999348726;-0.999174544;0.000174182;-0.000174296;7
Tilia cordata;13;35;9.58435471;14.57739551;0.646265061;8.938089649;4.9930408;2.4965204;7.4895612;0.781436145;0.151269715;0.157637597;0.006367882;0.042096212;0.004846464;0.00500965;0.000163186;0.033671147;75.51270229;56.46320541;-19.04949688;-0.252268775;131.9759077;103.1307446;28.84516311;62.42565924;69.55024846;0.781436145;0.218563855;0.473007993;0.526992007;-0.999144615;-0.999140202;4.41E-06;-4.42E-06;7
Tilia cordata;14;25;8.663941791;13.5296494;0.595145327;8.068796464;4.865707609;2.432853805;7.298561414;0.842406562;0.084763709;0.109260878;0.024497169;0.289005393;0.001113708;0.001427931;0.000314223;0.282141279;66.46454539;62.58643483;-3.87811056;-0.058348561;129.0509802;108.7133925;20.33758771;62.93014204;66.12083818;0.842406562;0.157593438;0.487637846;0.512362154;-0.999188687;-0.999080043;0.000108644;-0.000108732;7
Tilia cordata;15;25;9.190578496;13.93437006;0.62439473;8.566183766;4.743791564;2.371895782;7.115687346;0.774237155;0.115335123;0.118242287;0.002907164;0.025206233;0.001511673;0.001552661;4.10E-05;0.02711433;56.44151559;52.19721649;-4.2442991;-0.075198177;108.6387321;84.11214283;24.52658925;47.91761206;60.72112002;0.774237155;0.225762845;0.441073005;0.558926995;-0.999298692;-0.999166959;0.000131733;-0.000131825;7
Tilia cordata;17;25;10.48080031;14.47223229;0.696053649;9.784746661;3.99143198;1.99571599;5.98714797;0.571249122;0.127468854;0.135072163;0.007603309;0.059648367;0.001699378;0.001800634;0.000101256;0.059584154;72.24649797;50.32095959;-21.92553838;-0.303482369;122.5674576;70.01655246;52.5509051;53.76283755;68.80462001;0.571249122;0.428750878;0.43863876;0.56136124;-0.999144884;-0.999041185;0.000103699;-0.000103788;7
Tilia cordata;17;30;9.732323237;13.39026945;0.654483233;9.077840004;3.657946213;1.828973107;5.48691932;0.563783095;0.099628687;0.089653895;-0.009974792;-0.100119677;0.001776703;0.001522525;-0.000254178;-0.143061615;70.89170452;49.65210199;-21.23960253;-0.299606317;120.5438065;67.96056036;52.58324615;54.40967571;66.1341308;0.563783095;0.436216905;0.451368488;0.548631512;-0.999090402;-0.999095147;-4.75E-06;4.75E-06;7
Tilia cordata;17;35;9.1981553;12.98181944;0.624815545;8.573339755;3.78366414;1.89183207;5.67549621;0.617025482;0.116358084;0.102282015;-0.014076069;-0.12097199;0.003607268;0.003094922;-0.000512346;-0.142031587;80.7212665;57.64612143;-23.07514507;-0.28586203;138.3673879;85.37620427;52.99118366;67.71651115;70.65087678;0.617025482;0.382974518;0.48939647;0.51060353;-0.999174434;-0.99904489;0.000129544;-0.000129651;7
Tilia cordata;18;25;8.792779354;9.574101469;0.602300965;8.190478389;0.781322115;0.390661058;1.171983173;0.133289274;0.144271045;0.094769184;-0.049501861;-0.343117089;0.001967485;0.001292632;-0.000674853;-0.343002869;54.16073722;37.34678789;-16.81394933;-0.310445356;91.50752511;12.19697155;79.31055356;37.55760513;53.94991998;0.133289274;0.866710726;0.410431875;0.589568125;-0.99935687;-0.999193778;0.000163092;-0.000163197;7
Tilia cordata;2;25;6.715149976;10.5259284;0.48690943;6.228240546;3.810778424;1.905389212;5.716167636;0.851234545;0.03661251;0.095884084;0.059271574;1.618888571;0.000482374;0.001259873;0.000777499;1.611817801;47.84624352;40.10001318;-7.74623034;-0.161898401;87.9462567;74.86289183;13.08336487;40.7237712;47.2224855;0.851234545;0.148765455;0.463052923;0.536947077;-0.999232595;-0.999081818;0.000150777;-0.000150893;7
Tilia cordata;20;30;12.2993424;18.63748037;0.797055477;11.50228692;6.33813797;3.169068985;9.507206955;0.772984981;0.195928761;0.195383863;-0.000544898;-0.002781103;0.004164443;0.004362759;0.000198316;0.047621255;78.94309467;61.85932361;-17.08377106;-0.216406148;140.8024183;108.8381547;31.96426362;61.07003245;79.73238583;0.772984981;0.227015019;0.433728577;0.566271423;-0.999029946;-0.999051001;-2.11E-05;2.11E-05;7
Tilia cordata;20;35;13.47047107;18.16183013;0.862099963;12.60837111;4.69135906;2.34567953;7.03703859;0.522404788;0.190899616;0.167058714;-0.023840902;-0.124887113;0.006036247;0.005222488;-0.000813759;-0.134812078;94.57770509;72.07724545;-22.50045964;-0.237904479;166.6549505;87.06134419;79.59360635;75.18204417;91.47290637;0.522404788;0.477595212;0.451123978;0.548876022;-0.999206999;-0.998924358;0.000282641;-0.000282865;7
Tilia cordata;21;30;12.86286461;16.91685247;0.8283535;12.03451111;4.05398786;2.02699393;6.08098179;0.472754862;0.143290961;0.127617847;-0.015673114;-0.109379642;0.002683364;0.002469363;-0.000214001;-0.079751014;118.1225526;79.57626458;-38.54628802;-0.326324543;197.6988172;93.46307713;104.23574;97.49823916;100.200578;0.472754862;0.527245138;0.493165516;0.506834484;-0.999173564;-0.999095579;7.80E-05;-7.80E-05;7
Tilia cordata;21;35;7.411406265;11.72809672;0.525579504;6.885826761;4.316690455;2.158345228;6.475035683;0.873658176;0.116287583;0.116876532;0.000588949;0.005064591;0.003996376;0.003836145;-0.000160231;-0.040094075;80.91498337;40.02885974;-40.88612363;-0.505297312;120.9438431;105.6635774;15.28026568;60.8654787;60.07836441;0.873658176;0.126341824;0.503254049;0.496745951;-0.999174126;-0.999240438;-6.63E-05;6.64E-05;7
Tilia cordata;3;25;8.947455531;11.72933204;0.61089168;8.336563851;2.781876509;1.390938255;4.172814764;0.466368874;0.082504035;0.121268654;0.038764619;0.46985119;0.00111217;0.00158471;0.00047254;0.424881088;45.54020032;49.78865551;4.24845519;0.093290217;95.32885583;44.45841118;50.87044465;39.69268914;55.63616669;0.466368874;0.533631126;0.416376435;0.583623565;-0.999309761;-0.999000574;0.000309187;-0.000309401;7
Tilia cordata;4;25;8.582764926;10.80446418;0.590636764;7.992128162;2.221699254;1.110849627;3.332548881;0.388283835;0.095262061;0.097235096;0.001973035;0.020711656;0.001257804;0.001280664;2.29E-05;0.018174533;52.38910826;42.13497779;-10.25413047;-0.195730197;94.52408605;36.70217464;57.82191141;40.12868423;54.39540182;0.388283835;0.611716165;0.424533956;0.575466044;-0.999240024;-0.99911179;0.000128234;-0.000128332;7
Tilia cordata;4;30;9.69364495;13.28421461;0.652335041;9.041309909;3.59056966;1.79528483;5.38585449;0.555606742;0.096016205;0.092745498;-0.003270707;-0.034064114;0.001974621;0.001894721;-7.99E-05;-0.040463461;65.69774845;42.47268872;-23.22505973;-0.353513785;108.1704372;60.10022419;48.07021298;46.26390491;61.90653226;0.555606742;0.444393258;0.427694536;0.572305464;-0.999268074;-0.999292819;-2.47E-05;2.48E-05;7
Tilia cordata;4;35;11.4333886;16.58199904;0.748960403;10.6844282;5.14861044;2.57430522;7.72291566;0.675470408;0.184672463;0.167093602;-0.017578861;-0.0951894;0.005825437;0.005292456;-0.000532981;-0.09149202;94.56904806;66.73487525;-27.83417281;-0.294326456;161.3039233;108.9560269;52.34789645;77.04691261;84.2570107;0.675470408;0.324529592;0.477650581;0.522349419;-0.99916707;-0.999104253;6.28E-05;-6.29E-05;7
Tilia cordata;5;25;9.029613835;12.34680096;0.615454752;8.414159083;3.317187125;1.658593563;4.975780688;0.551051327;0.106446682;0.076809482;-0.0296372;-0.278422957;0.001396831;0.001029462;-0.000367369;-0.263001752;76.66547071;49.95817191;-26.7072988;-0.348361506;126.6236426;69.77612632;56.8475163;60.33679152;66.2868511;0.551051327;0.448948673;0.476504942;0.523495058;-0.999170155;-0.998993092;0.000177063;-0.00017721;7
Tilia cordata;6;25;8.500352059;11.58891081;0.586059553;7.914292506;3.088558751;1.544279376;4.632838127;0.545017206;0.073129325;0.076551983;0.003422658;0.046802811;0.000975541;0.001028768;5.32E-05;0.05456152;53.6634095;53.9597824;0.2963729;0.005522812;107.6231919;58.65649132;48.96670058;49.08118911;58.54200279;0.545017206;0.454982794;0.456046585;0.543953415;-0.999321519;-0.998953171;0.000368348;-0.000368598;7
Tilia cordata;7;25;6.270796761;10.10306318;0.462230052;5.808566709;3.832266419;1.91613321;5.748399629;0.916693659;0.052960171;0.065627454;0.012667283;0.239185085;0.000713229;0.000868009;0.00015478;0.217013049;43.89674549;37.95171356;-5.94503193;-0.13543218;81.84845905;75.02996342;6.818495629;37.84351467;44.00494438;0.916693659;0.083306341;0.462360747;0.537639253;-0.999359659;-0.999221211;0.000138448;-0.000138537;7
Tilia cordata;8;25;7.391755397;7.783123935;0.524488095;6.867267302;0.391368538;0.195684269;0.587052807;0.079419945;0.067890549;0.025345119;-0.04254543;-0.626676771;0.000910493;0.000339223;-0.00057127;-0.627429316;62.14687756;31.17600864;-30.97086892;-0.498349557;93.3228862;7.411698488;85.91118771;42.50390974;50.81897646;0.079419945;0.920580055;0.455450013;0.544549987;-0.99918677;-0.998978736;0.000208034;-0.000208203;7
Tilia cordata;8;30;5.386188256;8.599220589;0.413098896;4.97308936;3.213032333;1.606516167;4.8195485;0.894797632;0.063920305;0.050391834;-0.013528471;-0.211645908;0.001208118;0.000962267;-0.000245851;-0.203499162;44.88575327;32.79152545;-12.09422782;-0.269444689;77.67727872;69.5054451;8.171833625;37.4216838;40.25559492;0.894797632;0.105202368;0.481758429;0.518241571;-0.999145864;-0.999074406;7.15E-05;-7.15E-05;7
Tilia cordata;8;35;5.851328396;9.772141368;0.438932779;5.412395617;3.920812972;1.960406486;5.881219458;1.005108423;0.073517151;0.091421895;0.017904744;0.243545129;0.00232306;0.002576771;0.000253711;0.10921414;72.85370384;38.6114019;-34.24230194;-0.470014565;111.4651057;112.0345167;-0.569410937;58.7065281;52.75857764;1.005108423;-0.005108423;0.526680773;0.473319227;-0.998983691;-0.999034087;-5.04E-05;5.04E-05;7
Tilia cordata;9;25;6.520946362;9.878467527;0.476123361;6.044823001;3.357521165;1.678760583;5.036281748;0.77232375;0.064601028;0.082992122;0.018391094;0.284687327;0.00084694;0.001068391;0.000221451;0.261471887;48.30753981;38.93184495;-9.37569486;-0.194083468;87.23938476;67.37704878;19.86233598;40.77039954;46.46898522;0.77232375;0.22767625;0.467339375;0.532660625;-0.999387666;-0.999293819;9.38E-05;-9.39E-05;7
Betula pubescens;1;25;13.56321493;18.78184082;0.867250957;12.69596397;5.21862589;2.609312945;7.827938835;0.57714479;0.131524748;0.118428409;-0.013096339;-0.099573192;0.001754218;0.001577357;-0.000176861;-0.100820423;91.21270169;72.46972394;-18.74297775;-0.205486488;163.6824256;94.4684592;69.21396643;72.95304394;90.72938169;0.57714479;0.42285521;0.445698698;0.554301302;-0.999018782;-0.998946749;7.20E-05;-7.21E-05;3
Betula pubescens;1;30;11.329749;16.1396095;0.743204259;10.58654474;4.8098605;2.40493025;7.21479075;0.636800581;0.112922033;0.132016254;0.019094221;0.169092076;0.001914844;0.002203806;0.000288962;0.150906288;96.42197389;56.31258494;-40.10938895;-0.415977679;152.7345588;97.26145586;55.47310297;71.61037522;81.12418361;0.636800581;0.363199419;0.468855089;0.531144911;-0.998996895;-0.998960464;3.64E-05;-3.65E-05;3
Betula pubescens;1;35;13.5781691;17.35766972;0.868081512;12.71008759;3.77950062;1.88975031;5.66925093;0.417526906;0.140350141;0.120955138;-0.019395003;-0.138190121;0.003870262;0.0033674;-0.000502862;-0.129929705;134.9371024;73.80175358;-61.13534882;-0.453065523;208.738856;87.15408865;121.5847673;102.9507864;105.7880696;0.417526906;0.582473094;0.493203749;0.506796251;-0.999009633;-0.998811896;0.000197737;-0.000197933;3
Betula pubescens;10;25;14.60956692;21.14591135;0.925365347;13.68420157;6.53634443;3.268172215;9.804516645;0.671102484;0.146120981;0.120350623;-0.025770358;-0.17636316;0.002380599;0.001985697;-0.000394902;-0.16588346;111.7944885;84.34033447;-27.45415403;-0.24557699;196.134823;131.6265668;64.50825615;91.79770353;104.3371194;0.671102484;0.328897516;0.468033683;0.531966317;-0.99915089;-0.998925467;0.000225423;-0.000225615;3
Betula pubescens;10;30;13.80975743;19.46538606;0.880943928;12.9288135;5.65562863;2.827814315;8.483442945;0.61430789;0.149662746;0.141103971;-0.008558775;-0.057187077;0.003174403;0.002978932;-0.000195471;-0.061577248;116.5927346;68.85964749;-47.73308711;-0.409400185;185.4523821;113.9248615;71.5275206;86.80890158;98.64348051;0.61430789;0.38569211;0.468092675;0.531907325;-0.9989889;-0.998954892;3.40E-05;-3.40E-05;3
Betula pubescens;10;35;14.78266908;20.62325573;0.934979441;13.84768964;5.84058665;2.920293325;8.760879975;0.592645342;0.160945634;0.140252818;-0.020692816;-0.128570223;0.004466981;0.003857891;-0.00060909;-0.136353837;138.1710962;95.57944608;-42.59165012;-0.308252965;233.7505423;138.5311701;95.21937217;116.413244;117.3372983;0.592645342;0.407354658;0.498023418;0.501976582;-0.999029673;-0.9988684;0.000161273;-0.00016143;3
Betula pubescens;2;25;14.78396321;20.32322171;0.935051317;13.84891189;5.5392585;2.76962925;8.30888775;0.562020321;0.134705172;0.141235195;0.006530023;0.048476409;0.002237659;0.002363098;0.000125439;0.056058139;117.0176806;70.42717465;-46.59050595;-0.398149286;187.4448553;105.3478177;82.09703752;85.53933494;101.9055203;0.562020321;0.437979679;0.456344;0.543656;-0.998984713;-0.998945888;3.88E-05;-3.89E-05;3
Betula pubescens;2;30;12.59625042;18.42993866;0.813545748;11.78270467;5.83368824;2.91684412;8.75053236;0.694693426;0.133515953;0.119394847;-0.014121106;-0.105763436;0.002876269;0.002594305;-0.000281964;-0.098031165;95.78141732;70.10444973;-25.67696759;-0.268078802;165.8858671;115.2398213;50.64604573;77.00057691;88.88529014;0.694693426;0.305306574;0.464178042;0.535821958;-0.999170385;-0.999076448;9.39E-05;-9.40E-05;3
Betula pubescens;2;35;11.13728932;16.25146127;0.732515049;10.40477427;5.11417195;2.557085975;7.671257925;0.688790396;0.108695126;0.109504218;0.000809092;0.007443682;0.003187598;0.003097071;-9.05E-05;-0.028399754;130.692258;68.88360639;-61.80865161;-0.47293277;199.5758644;137.4659387;62.10992565;103.3511381;96.22472632;0.688790396;0.311209604;0.517853892;0.482146108;-0.998958066;-0.998889645;6.84E-05;-6.85E-05;3
Betula pubescens;3;25;6.69864798;9.836865452;0.485992909;6.212655071;3.138217472;1.569108736;4.707326208;0.702727807;0.048270861;0.044179365;-0.004091496;-0.084761198;0.000818552;0.000753719;-6.48E-05;-0.079204498;55.51160242;40.70587623;-14.80572619;-0.266714084;96.21747865;67.61469781;28.60278084;46.28192449;49.93555416;0.702727807;0.297272193;0.48101369;0.51898631;-0.99910143;-0.998991769;0.000109661;-0.00010976;3
Betula pubescens;3;30;4.409552979;6.089699194;0.358856572;4.050696407;1.680146215;0.840073108;2.520219323;0.571536238;0.05028481;0.069063769;0.018778959;0.373451923;0.001122925;0.001537247;0.000414322;0.368966761;61.37523936;25.50386791;-35.87137145;-0.584459985;86.87910727;49.65455816;37.22454911;46.1605969;40.71851037;0.571536238;0.428463762;0.531319881;0.468680119;-0.998907021;-0.998963765;-5.67E-05;5.68E-05;3
Betula pubescens;3;35;3.969371734;5.567962451;0.334408906;3.634962828;1.598590717;0.799295359;2.397886076;0.604097131;0.047011748;0.032523185;-0.014488563;-0.308190263;0.001368982;0.000948499;-0.000420483;-0.307150131;80.94623074;33.18910532;-47.75712542;-0.589985784;114.1353361;68.94882903;45.18650703;65.50523275;48.63010331;0.604097131;0.395902869;0.573925964;0.426074036;-0.998887088;-0.99884518;4.19E-05;-4.20E-05;3
Betula pubescens;8;25;9.648900505;13.47243;0.649849934;8.999050571;3.823529495;1.911764748;5.735294243;0.594398734;0.095606044;0.094713143;-0.000892901;-0.009339378;0.001584805;0.001570499;-1.43E-05;-0.009026978;59.01314546;45.870062;-13.14308346;-0.222714505;104.8832075;62.34244571;42.54076175;44.19173696;60.6914705;0.594398734;0.405601266;0.421342349;0.578657651;-0.999108343;-0.999080431;2.79E-05;-2.79E-05;3
Betula pubescens;8;30;8.614063712;12.16927888;0.592375099;8.021688613;3.555215168;1.777607584;5.332822752;0.619083272;0.090678191;0.085929884;-0.004748307;-0.052364377;0.001988676;0.001863762;-0.000124914;-0.062812645;71.56157562;46.37676506;-25.18481056;-0.35193203;117.9383407;73.0136539;44.92468678;55.65472389;62.28361679;0.619083272;0.380916728;0.471896786;0.528103214;-0.999084492;-0.999082852;1.64E-06;-1.64E-06;3
Betula pubescens;8;35;9.73929632;14.0426131;0.654870518;9.084425802;4.30331678;2.15165839;6.45497517;0.66277634;0.103955353;0.098505804;-0.005449549;-0.052422014;0.002912421;0.002818985;-9.34E-05;-0.0320819;92.24177794;61.33770006;-30.90407788;-0.335033415;153.579478;101.7888443;51.79063366;76.41486181;77.16461619;0.66277634;0.33722366;0.497559067;0.502440933;-0.999063966;-0.998976432;8.75E-05;-8.76E-05;3
