sp;treeid;setTleaf;anet.21p;anet.0p;Rd;corranet;anet.delta;pr.real;gsw.21p;gsw.0p;gsw.delta;gsw.percent;E.21p;E.0p;E.delta;E.percent;ETR.21p;ETR.0p;ETR.delta;ETR.percent;NPQ.21p;NPQ.0p;NPQ.delta;NPQ.percent;Jc;Jo;Jt;Jc/Jt;Jo/Jt;Jc/Jo
Acer platanoides;1;25;4.5482;6.8308;0.3666;4.1817;2.6491;0.6335;0.0304;0.0457;0.0153;0.5015;0.0004;0.0006;0.0002;0.5137;41.7635;18.8022;-22.9613;-0.5498;-0.9992;-0.9992;0.0001;-0.0001;32.31733333;28.24826667;60.5656;0.533592226;0.466407774;
Acer platanoides;1;30;10.4257;14.068;0.693;9.7327;4.3353;0.4454;0.1634;0.1232;-0.0402;-0.2458;0.0036;0.0028;-0.0008;-0.2301;59.5874;47.0786;-12.5088;-0.2099;-0.9992;-0.9991;0.0001;-0.0001;63.35716667;43.30873333;106.6659;0.593977707;0.406022293;
Acer platanoides;1;35;10.0298;15.7974;0.671;9.3588;6.4386;0.688;0.1245;0.1323;0.0078;0.0623;0.0035;0.0038;0.0003;0.0894;79.9493;49.319;-30.6303;-0.3831;-0.9988;-0.9989;-0.0001;0.0001;69.83556667;59.43273333;129.2683;0.540237372;0.459762628;
Acer platanoides;2;30;9.4224;11.6827;0.6373;8.7851;2.8975;0.3298;0.1827;0.1197;-0.0629;-0.3444;0.0039;0.0026;-0.0012;-0.3168;34.3184;30.3777;-3.9407;-0.1148;-0.9995;-0.9993;0.0002;-0.0002;46.6918;18.0044;64.6962;0.721708539;0.278291461;
Acer platanoides;2;35;4.3481;9.2212;0.3554;3.9926;5.2286;1.3096;0.0736;0.0919;0.0183;0.2487;0.0022;0.0026;0.0005;0.2092;40.5757;17.5176;-23.0582;-0.5683;-0.9993;-0.9994;-0.0001;0.0001;30.9591;27.1342;58.0933;0.53292032;0.46707968;
Acer platanoides;3;30;7.4834;12.2062;0.5296;6.9538;5.2524;0.7553;0.0956;0.1321;0.0365;0.3823;0.0021;0.003;0.0008;0.3952;48.4947;27.9717;-20.523;-0.4232;-0.9993;-0.9994;-0.0001;0.0001;45.44453333;31.02186667;76.4664;0.594307216;0.405692784;
Acer platanoides;3;35;8.8896;7.9033;0.6077;8.282;-0.3787;-0.0457;0.1183;0.065;-0.0533;-0.4503;0.0038;0.002;-0.0017;-0.4637;67.1587;32.3657;-34.793;-0.5181;-0.9994;-0.9993;0.0001;-0.0001;56.88066667;42.64373333;99.5244;0.571524839;0.428475161;
Acer platanoides;4;25;7.6418;9.3857;0.5384;7.1034;2.2824;0.3213;0.0609;0.0982;0.0373;0.6135;0.0008;0.0013;0.0005;0.5971;43.8468;30.5621;-13.2847;-0.303;-0.9993;-0.9992;0.0001;-0.0001;45.18113333;29.22786667;74.409;0.607199846;0.392800154;
Acer platanoides;4;30;11.7578;15.9441;0.767;10.9908;4.9533;0.4507;0.1719;0.1982;0.0263;0.1529;0.0037;0.0043;0.0006;0.1657;72.8146;56.0603;-16.7543;-0.2301;-0.9991;-0.9992;-0.0001;0.0001;74.31246667;54.56253333;128.875;0.576624378;0.423375622;
Acer platanoides;4;35;14.2352;19.6456;0.9046;13.3307;6.315;0.4737;0.2216;0.1865;-0.0352;-0.1586;0.0062;0.0053;-0.001;-0.1558;100.7664;67.2478;-33.5187;-0.3326;-0.9991;-0.999;0.0001;-0.0001;93.96553333;74.04866667;168.0142;0.559271379;0.440728621;
Acer platanoides;5;25;11.1257;13.0273;0.7319;10.3938;2.6335;0.2534;0.1671;0.1539;-0.0132;-0.079;0.0022;0.002;-0.0001;-0.0612;43.1675;46.2035;3.036;0.0703;-0.9993;-0.9989;0.0003;-0.0003;59.4589;29.9122;89.3711;0.665303437;0.334696563;
Acer platanoides;5;30;11.1948;15.8214;0.7357;10.4591;5.3622;0.5127;0.1411;0.1199;-0.0211;-0.1499;0.0028;0.0024;-0.0004;-0.1385;62.807;48.4959;-14.3111;-0.2279;-0.9992;-0.999;0.0001;-0.0001;66.95373333;44.34906667;111.3028;0.601545813;0.398454187;
Acer platanoides;5;35;8.5598;14.3795;0.5894;7.9705;6.409;0.8041;0.0969;0.1082;0.0113;0.1168;0.0027;0.0031;0.0003;0.1284;57.0226;38.8897;-18.1329;-0.318;-0.9992;-0.9992;-0.0001;0.0001;54.79713333;41.11506667;95.9122;0.571325997;0.428674003;
Acer platanoides;6;25;12.4974;15.638;0.8081;11.6893;3.9487;0.3378;0.2133;0.1621;-0.0511;-0.2397;0.0027;0.0021;-0.0006;-0.211;46.0298;49.8216;3.7918;0.0824;-0.9995;-0.999;0.0005;-0.0005;65.27686667;30.57453333;95.8514;0.681021526;0.318978474;
Acer platanoides;6;30;13.8094;17.3429;0.8809;12.9285;4.4145;0.3415;0.2312;0.1763;-0.0549;-0.2376;0.0048;0.0037;-0.0011;-0.2248;83.1117;54.3817;-28.73;-0.3457;-0.9993;-0.9991;0.0002;-0.0002;82.65623333;54.83726667;137.4935;0.601164661;0.398835339;
Acer platanoides;6;35;7.2335;9.4601;0.5157;6.7178;2.7424;0.4082;0.0742;0.0491;-0.0251;-0.3379;0.0023;0.0015;-0.0008;-0.3387;61.6661;34.6722;-26.9939;-0.4377;-0.9992;-0.9992;0.0001;-0.0001;51.4021;44.9362;96.3383;0.533558304;0.466441696;
Acer platanoides;7;25;9.2997;8.3841;0.6305;8.6693;-0.2852;-0.0329;0.0969;0.108;0.0111;0.1141;0.0013;0.0014;0.0002;0.1242;44.2121;29.8739;-14.3382;-0.3243;-0.9992;-0.999;0.0002;-0.0002;49.49483333;24.59126667;74.0861;0.668071789;0.331928211;
Acer platanoides;7;30;5.242;8.31;0.4051;4.8369;3.4731;0.718;0.0708;0.0993;0.0285;0.4033;0.0016;0.0022;0.0006;0.3647;48.5909;22.9819;-25.609;-0.527;-0.9991;-0.9992;0;0;37.83626667;33.73653333;71.5728;0.528640303;0.471359697;
Acer platanoides;7;35;8.114;10.6276;0.5646;7.5494;3.0782;0.4077;0.0999;0.079;-0.0209;-0.2089;0.0029;0.0023;-0.0006;-0.2166;58.2188;39.6349;-18.584;-0.3192;-0.9991;-0.999;0.0001;-0.0001;54.25523333;43.59846667;97.8537;0.554452548;0.445547452;
Acer platanoides;8;25;7.7551;8.6564;0.5447;7.2105;1.4459;0.2005;0.0972;0.108;0.0108;0.1114;0.0013;0.0015;0.0002;0.1266;38.1869;35.8206;-2.3663;-0.062;-0.9993;-0.9992;0.0001;-0.0001;45.34966667;28.65773333;74.0074;0.612772056;0.387227944;
Acer platanoides;9;25;6.3197;8.5937;0.4649;5.8548;2.7389;0.4678;0.0572;0.0792;0.022;0.3851;0.0008;0.0011;0.0003;0.3924;32.5807;22.8331;-9.7476;-0.2992;-0.9993;-0.9992;0.0002;-0.0002;35.3238;20.09;55.4138;0.63745493;0.36254507;
Acer platanoides;9;30;5.8094;6.603;0.4366;5.3728;1.2302;0.229;0.0754;0.0269;-0.0485;-0.6431;0.0015;0.0006;-0.001;-0.6345;33.0921;22.8116;-10.2806;-0.3107;-0.9993;-0.9991;0.0001;-0.0001;34.1263;21.7774;55.9037;0.610447967;0.389552033;
Acer platanoides;9;35;3.5358;6.5793;0.3103;3.2254;3.3539;1.0398;0.0265;0.056;0.0295;1.1148;0.0008;0.0016;0.0009;1.0746;38.8762;16.4906;-22.3856;-0.5758;-0.9992;-0.9993;-0.0001;0.0001;27.88413333;27.48266667;55.3668;0.503625518;0.496374482;
Fagus sylvatica;1;25;5.6742;6.8778;0.4291;5.2451;1.6327;0.3113;0.1189;0.1092;-0.0098;-0.0821;0.0015;0.0014;-0.0001;-0.0815;10.9427;23.9463;13.0036;1.1883;-0.9995;-0.9992;0.0004;-0.0004;26.76086667;8.128133333;34.889;0.767028767;0.232971233;
Fagus sylvatica;2;25;8.6849;12.0775;0.5963;8.0886;3.9889;0.4931;0.1925;0.2206;0.0281;0.1459;0.0024;0.0028;0.0003;0.1365;37.9915;44.4093;6.4179;0.1689;-0.9994;-0.9992;0.0002;-0.0002;50.62666667;31.77413333;82.4008;0.614395329;0.385604671;
Fagus sylvatica;2;30;10.3404;14.2417;0.6883;9.6522;4.5895;0.4755;0.2505;0.2049;-0.0456;-0.182;0.0043;0.004;-0.0002;-0.0566;56.5713;12.665;-43.9064;-0.7761;-0.9992;-0.9995;-0.0002;0.0002;50.65343333;18.58286667;69.2363;0.731602257;0.268397743;
Fagus sylvatica;2;35;12.095;18.7381;0.7857;11.3093;7.4288;0.6569;0.2567;0.2502;-0.0065;-0.0253;0.0078;0.008;0.0003;0.0323;63.4882;62.0315;-1.4567;-0.0229;-0.9993;-0.999;0.0002;-0.0002;74.09326667;51.42653333;125.5198;0.590291465;0.409708535;
Fagus sylvatica;3;25;13.9734;16.3814;0.89;13.0834;3.2981;0.2521;0.187;0.2185;0.0315;0.1685;0.0024;0.0028;0.0004;0.1691;97.74;70.384;-27.3561;-0.2799;-0.9992;-0.9988;0.0004;-0.0005;93.30373333;74.82026667;168.124;0.554969745;0.445030255;
Fagus sylvatica;3;30;15.0003;22.8477;0.9471;14.0532;8.7945;0.6258;0.2414;0.2334;-0.008;-0.0331;0.004;0.0039;0;-0.0108;86.0336;85.2105;-0.823;-0.0096;-0.9992;-0.9989;0.0003;-0.0003;97.08216667;74.16193333;171.2441;0.566922695;0.433077305;
Fagus sylvatica;3;35;13.6912;24.2794;0.8744;12.8168;11.4626;0.8943;0.2178;0.2367;0.0189;0.0869;0.0064;0.0068;0.0003;0.0532;126.0299;89.7224;-36.3075;-0.2881;-0.9988;-0.9987;0.0001;-0.0001;108.4273;107.325;215.7523;0.50255455;0.49744545;
Fagus sylvatica;4;30;9.1296;12.5671;0.621;8.5085;4.0585;0.477;0.1656;0.1861;0.0204;0.1232;0.0029;0.0032;0.0003;0.0894;58.9939;44.3253;-14.6686;-0.2486;-0.9992;-0.9992;0;0;58.78506667;44.53413333;103.3192;0.568965562;0.431034438;
Fagus sylvatica;4;35;7.5647;14.1872;0.5341;7.0306;7.1566;1.0179;0.1622;0.1721;0.0099;0.061;0.0048;0.0052;0.0003;0.0661;42.8194;50.3287;7.5093;0.1754;-0.9993;-0.9992;0.0001;-0.0001;51.2219;41.9262;93.1481;0.549897421;0.450102579;
Fagus sylvatica;5;25;7.2024;11.2982;0.514;6.6884;4.6098;0.6892;0.1008;0.1666;0.0659;0.6534;0.0013;0.0021;0.0008;0.5924;249.6078;58.3144;-191.2933;-0.7664;-0.9991;-0.9991;0.0001;-0.0001;121.8471333;186.0750667;307.9222;0.39570753;0.60429247;
Fagus sylvatica;5;30;16.998;25.6227;1.058;15.94;9.6827;0.6074;0.2432;0.2396;-0.0035;-0.0144;0.004;0.0038;-0.0002;-0.043;119.0847;105.5457;-13.539;-0.1137;-0.9993;-0.9991;0.0002;-0.0002;120.2048;104.4256;224.6304;0.535122584;0.464877416;
Fagus sylvatica;5;35;13.1271;22.374;0.843;12.2841;10.0899;0.8214;0.2239;0.2386;0.0146;0.0653;0.0066;0.0069;0.0003;0.0455;109.3662;83.109;-26.2572;-0.2401;-0.999;-0.9989;0;0;99.16396667;93.31113333;192.4751;0.515204131;0.484795869;
Fagus sylvatica;6;25;9.0364;11.8759;0.6158;8.4205;3.4554;0.4104;0.136;0.1694;0.0335;0.2461;0.0018;0.0022;0.0004;0.2344;297.5791;46.1726;-251.4066;-0.8448;-0.9995;-0.9991;0.0003;-0.0003;138.6807;205.071;343.7517;0.403432768;0.596567232;
Fagus sylvatica;6;35;13.31;20.2829;0.8532;12.4569;7.8261;0.6283;0.2202;0.208;-0.0121;-0.055;0.0066;0.0061;-0.0004;-0.0684;64.3381;71.5452;7.2072;0.112;-0.9994;-0.9992;0.0003;-0.0003;80.78803333;55.09526667;135.8833;0.594539824;0.405460176;
Fagus sylvatica;7;25;10.1544;11.0572;0.6779;9.4765;1.5807;0.1668;0.1294;0.1619;0.0325;0.2515;0.0017;0.0021;0.0004;0.2596;44.9206;35.0566;-9.8639;-0.2196;-0.9995;-0.999;0.0005;-0.0005;53.73746667;26.23973333;79.9772;0.671909828;0.328090172;
Fagus sylvatica;7;30;10.8316;14.8169;0.7155;10.116;4.7009;0.4647;0.1925;0.1806;-0.0119;-0.0619;0.0041;0.0039;-0.0002;-0.0488;42.7196;44.5618;1.8422;0.0431;-0.9994;-0.9991;0.0003;-0.0003;57.97783333;29.30366667;87.2815;0.664262568;0.335737432;
Fagus sylvatica;7;35;8.6695;14.549;0.5955;8.0741;6.4749;0.8019;0.2034;0.1805;-0.0229;-0.1124;0.0059;0.0051;-0.0008;-0.135;62.1877;44.695;-17.4926;-0.2813;-0.9991;-0.9991;0;0;58.7465;48.1362;106.8827;0.549635254;0.450364746;
Fagus sylvatica;8;25;7.036;7.9182;0.5047;6.5313;1.3869;0.2123;0.1359;0.1303;-0.0057;-0.0416;0.0017;0.0017;0;-0.0165;9.439;29.2488;19.8098;2.0987;-0.9996;-0.9992;0.0004;-0.0004;31.6586;7.0292;38.6878;0.818309648;0.181690352;
Fagus sylvatica;9;25;5.4031;9.0727;0.414;4.989;4.0837;0.8185;0.0617;0.098;0.0363;0.5876;0.0008;0.0013;0.0005;0.5499;17.8661;30.999;13.1329;0.7351;-0.9995;-0.9992;0.0003;-0.0003;30.69633333;18.16866667;48.865;0.6281865;0.3718135;
Betula pendula;1;25;19.6952;25.9099;1.2078;18.4874;7.4226;0.4015;0.2509;0.1958;-0.055;-0.2193;0.0031;0.0025;-0.0006;-0.1975;137.7454;110.5823;-27.1631;-0.1972;-0.9994;-0.9991;0.0003;-0.0003;135.2964333;113.0312667;248.3277;0.544830212;0.455169788;
Betula pendula;1;30;18.0602;25.7422;1.117;16.9432;8.799;0.5193;0.2073;0.2356;0.0282;0.1362;0.0035;0.0039;0.0005;0.1323;164.6401;105.4954;-59.1447;-0.3592;-0.9991;-0.999;0.0001;-0.0001;138.2057;131.9298;270.1355;0.511616207;0.488383793;
Betula pendula;1;35;20.5168;27.4716;1.2535;19.2633;8.2082;0.4261;0.1971;0.17;-0.0271;-0.1373;0.0047;0.0043;-0.0004;-0.078;207.936;130.3735;-77.5625;-0.373;-0.9991;-0.9989;0.0002;-0.0002;167.4813;170.8282;338.3095;0.495053494;0.504946506;
Betula pendula;1b;30;20.0735;26.4982;1.2288;18.8446;7.6535;0.4061;0.2057;0.1769;-0.0287;-0.1397;0.0039;0.0033;-0.0005;-0.1405;202.3319;115.3361;-86.9958;-0.43;-0.9991;-0.999;0.0002;-0.0002;159.4184;158.2496;317.668;0.501839656;0.498160344;
Betula pendula;1b;35;11.1931;16.6394;0.7356;10.4575;6.1819;0.5911;0.0893;0.0391;-0.0502;-0.5622;0.0026;0.0011;-0.0015;-0.578;137.9838;47.0605;-90.9233;-0.6589;-0.9992;-0.9993;-0.0001;0.0001;91.52973333;93.51466667;185.0444;0.494636603;0.505363397;
Betula pendula;2;25;17.2082;23.9217;1.0697;16.1385;7.7832;0.4823;0.2076;0.2207;0.0132;0.0635;0.0026;0.0028;0.0002;0.063;123.5886;103.4656;-20.123;-0.1628;-0.9992;-0.999;0.0002;-0.0002;121.5732667;105.4809333;227.0542;0.535437207;0.464562793;
Betula pendula;2;35;11.5834;19.8333;0.7573;10.8261;9.0072;0.832;0.1482;0.148;-0.0003;-0.0017;0.0042;0.0042;0;-0.0023;92.2817;85.0049;-7.2768;-0.0789;-0.9992;-0.9991;0.0001;-0.0001;89.9846;87.302;177.2866;0.507565716;0.492434284;
Betula pendula;3;30;12.2975;17.3931;0.797;11.5006;5.8926;0.5124;0.1412;0.1571;0.016;0.113;0.0024;0.0027;0.0003;0.105;100.244;69.706;-30.538;-0.3046;-0.9991;-0.999;0.0001;-0.0001;89.4436;80.5064;169.95;0.526293616;0.473706384;
Betula pendula;3a;25;15.1996;16.1193;0.9581;14.2415;1.8778;0.1319;0.2309;0.2252;-0.0057;-0.0249;0.0029;0.0028;-0.0001;-0.0241;84.0846;71.8389;-12.2458;-0.1456;-0.9993;-0.9991;0.0002;-0.0002;92.50676667;63.41673333;155.9235;0.593283031;0.406716969;
Betula pendula;3b;35;12.0914;17.0837;0.7855;11.3059;5.7778;0.511;0.1993;0.1532;-0.0461;-0.2312;0.0055;0.0043;-0.0013;-0.2301;109.9866;58.0831;-51.9034;-0.4719;-0.9991;-0.9992;0;0;88.26696667;79.80273333;168.0697;0.525180724;0.474819276;
Betula pendula;3c;30;8.0745;17.1628;0.5624;7.5121;9.6507;1.2847;0.1174;0.1534;0.036;0.307;0.0021;0.0026;0.0006;0.2773;42.5428;60.7206;18.1778;0.4273;-0.9993;-0.9991;0.0002;-0.0002;55.95313333;47.31026667;103.2634;0.541848645;0.458151355;
Betula pendula;3c;35;11.9749;18.7644;0.779;11.1958;7.5685;0.676;0.1828;0.1854;0.0026;0.0143;0.0051;0.0053;0.0002;0.0444;79.9001;75.9405;-3.9596;-0.0496;-0.9992;-0.9991;0.0001;-0.0001;83.87963333;71.96086667;155.8405;0.538240273;0.461759727;
Betula pendula;4;25;21.535;21.4209;1.31;20.225;1.1959;0.0591;0.2423;0.1982;-0.0441;-0.182;0.0031;0.0026;-0.0005;-0.1725;191.1167;97.3631;-93.7536;-0.4906;-0.9993;-0.999;0.0003;-0.0003;153.5866333;134.8932667;288.4799;0.532399773;0.467600227;
Betula pendula;4;30;16.2724;24.7044;1.0177;15.2547;9.4497;0.6195;0.2086;0.6611;0.4525;2.169;0.0036;0.0087;0.0051;1.3985;153.6647;99.1091;-54.5556;-0.355;-0.9991;-0.999;0.0001;-0.0001;127.651;125.1228;252.7738;0.505000914;0.494999086;
Betula pendula;4;35;17.1304;23.7314;1.0654;16.065;7.6663;0.4772;0.1517;0.1377;-0.0139;-0.0918;0.0038;0.0035;-0.0003;-0.0671;202.8537;108.3674;-94.4863;-0.4658;-0.9992;-0.999;0.0002;-0.0002;149.4214;161.7996;311.221;0.480113488;0.519886512;
Betula pendula;4c;30;11.8399;15.9736;0.7715;11.0684;4.9052;0.4432;0.1436;0.13;-0.0136;-0.0948;0.0025;0.0023;-0.0002;-0.0831;97.2306;46.4328;-50.7977;-0.5224;-0.9993;-0.9993;0;0;79.46086667;64.20253333;143.6634;0.553104456;0.446895544;
Betula pendula;4c;35;15.47;24.913;0.9732;14.4968;10.4162;0.7185;0.2021;0.2046;0.0025;0.0123;0.0056;0.0054;-0.0002;-0.0317;131.4384;99.5512;-31.8872;-0.2426;-0.9992;-0.9991;0.0001;-0.0001;118.2498667;112.7397333;230.9896;0.511927233;0.488072767;
Betula pendula;5;25;18.197;15.6175;1.1246;17.0724;-1.4548;-0.0852;0.2243;0.2095;-0.0148;-0.0661;0.0028;0.0027;-0.0002;-0.0616;130.8989;69.9223;-60.9766;-0.4658;-0.9993;-0.9991;0.0003;-0.0003;115.4657;85.3554;200.8211;0.574967969;0.425032031;
Betula pendula;6;25;12.5565;18.0813;0.8113;11.7451;6.3361;0.5395;0.1056;0.1505;0.0449;0.425;0.0014;0.002;0.0006;0.4025;104.691;76.9777;-27.7133;-0.2647;-0.9991;-0.999;0.0001;-0.0001;94.03996667;87.62873333;181.6687;0.517645399;0.482354601;
Betula pendula;6;30;13.4976;18.1418;0.8636;12.634;5.5077;0.4359;0.1157;0.1372;0.0214;0.1853;0.002;0.0024;0.0004;0.1913;145.9209;78.865;-67.0559;-0.4595;-0.9991;-0.999;0.0001;-0.0001;110.9222333;113.8636667;224.7859;0.493457256;0.506542744;
Betula pendula;7;25;17.2611;19.0688;1.0726;16.1884;2.8803;0.1779;0.7037;0.1916;-0.5121;-0.7277;0.009;0.0025;-0.0065;-0.7191;174.4699;88.3544;-86.1154;-0.4936;-0.9991;-0.9989;0.0002;-0.0002;133.6374333;129.1868667;262.8243;0.50846681;0.49153319;
Betula pendula;7;30;13.9978;21.8313;0.8914;13.1064;8.7249;0.6657;0.208;0.2049;-0.003;-0.0146;0.004;0.0039;-0.0001;-0.0263;101.0715;89.5338;-11.5377;-0.1142;-0.9992;-0.9992;0.0001;-0.0001;100.8625667;89.74273333;190.6053;0.52916979;0.47083021;
Betula pendula;7;35;16.4485;23.7668;1.0275;15.421;8.3458;0.5412;0.207;0.1945;-0.0125;-0.0603;0.0056;0.0053;-0.0002;-0.0404;152.2777;98.7041;-53.5737;-0.3518;-0.9991;-0.9991;0;0;127.5232667;123.4585333;250.9818;0.508097666;0.491902334;
Corylus avellana;1;25;11.709;14.5231;0.7643;10.9447;3.5784;0.327;0.2544;0.2312;-0.0232;-0.0911;0.0032;0.0029;-0.0003;-0.0838;60.8915;46.692;-14.1996;-0.2332;-0.9993;-0.999;0.0003;-0.0003;67.08516667;40.49833333;107.5835;0.623563713;0.376436287;
Corylus avellana;1;30;7.7626;12.0381;0.5451;7.2175;4.8206;0.6679;0.1154;0.1084;-0.007;-0.0609;0.002;0.0019;-0.0001;-0.0641;47.0306;42.9505;-4.08;-0.0868;-0.9991;-0.999;0;0;50.69396667;39.28713333;89.9811;0.563384607;0.436615393;
Corylus avellana;1;35;4.8088;8.365;0.381;4.4278;3.9372;0.8892;0.067;0.0717;0.0047;0.0703;0.0021;0.0021;0.0001;0.028;49.2639;28.2472;-21.0166;-0.4266;-0.9989;-0.9989;-0.0001;0.0001;38.6605;38.8506;77.5111;0.498773724;0.501226276;
Corylus avellana;2;25;9.3189;10.0092;0.6315;8.6874;1.3218;0.1522;0.1851;0.1876;0.0025;0.0132;0.0024;0.0024;0;0.0151;55.5682;42.5931;-12.9751;-0.2335;-0.9992;-0.999;0.0002;-0.0002;57.57086667;40.59053333;98.1614;0.586491907;0.413508093;
Corylus avellana;2;30;6.1617;8.9012;0.4562;5.7055;3.1957;0.5601;0.0734;0.0688;-0.0046;-0.0623;0.0014;0.0013;-0.0001;-0.0491;48.5284;19.4363;-29.0921;-0.5995;-0.999;-0.9991;-0.0001;0.0001;39.0861;28.8786;67.9647;0.57509413;0.42490587;
Corylus avellana;2;35;8.0336;13.1005;0.5601;7.4735;5.627;0.7529;0.1192;0.1235;0.0043;0.0361;0.0036;0.0039;0.0003;0.0809;56.1771;48.8346;-7.3425;-0.1307;-0.9991;-0.999;0.0001;-0.0001;56.42683333;48.58486667;105.0117;0.537338538;0.462661462;
Corylus avellana;3;25;10.1103;12.6847;0.6755;9.4348;3.2499;0.3445;0.295;0.2816;-0.0134;-0.0455;0.0037;0.0035;-0.0002;-0.0541;53.3021;47.7755;-5.5266;-0.1037;-0.9993;-0.9991;0.0002;-0.0002;60.65333333;40.42426667;101.0776;0.600067011;0.399932989;
Corylus avellana;3;35;6.4329;11.5698;0.4712;5.9616;5.6082;0.9407;0.1123;0.1372;0.0249;0.2219;0.0034;0.0041;0.0006;0.1746;57.0873;38.665;-18.4223;-0.3227;-0.999;-0.9991;-0.0001;0.0001;49.07156667;46.68073333;95.7523;0.512484469;0.487515531;
Corylus avellana;4;25;6.0413;11.4614;0.4495;5.5918;5.8696;1.0497;0.1156;0.173;0.0575;0.4973;0.0015;0.0023;0.0007;0.4703;30.4738;34.1722;3.6985;0.1214;-0.9992;-0.999;0.0002;-0.0002;37.6588;26.9872;64.646;0.582538749;0.417461251;
Corylus avellana;4;30;4.9175;6.1671;0.3871;4.5305;1.6366;0.3612;0.0821;0.0562;-0.0259;-0.3153;0.0014;0.001;-0.0005;-0.3182;29.6987;17.9492;-11.7495;-0.3956;-0.9991;-0.9991;0;0;28.99623333;18.65166667;47.6479;0.608552178;0.391447822;
Corylus avellana;4;35;5.4313;8.2672;0.4156;5.0157;3.2515;0.6483;0.0782;0.0697;-0.0085;-0.1089;0.0026;0.0022;-0.0004;-0.1448;44.7429;29.5437;-15.1992;-0.3397;-0.9991;-0.9991;0.0001;-0.0001;39.24563333;35.04086667;74.2865;0.528301015;0.471698985;
Corylus avellana;5;25;11.1797;12.1331;0.7349;10.4448;1.6883;0.1616;0.2556;0.299;0.0434;0.1698;0.0033;0.0038;0.0005;0.1449;60.1605;43.6825;-16.4779;-0.2739;-0.9992;-0.999;0.0002;-0.0002;64.42686667;39.41613333;103.843;0.620425707;0.379574293;
Corylus avellana;5;30;8.8738;15.3508;0.6068;8.267;7.0838;0.8569;0.1927;0.1597;-0.033;-0.1712;0.0031;0.0028;-0.0004;-0.1175;47.1401;48.4392;1.2991;0.0276;-0.9992;-0.9991;0.0001;-0.0001;55.52323333;40.05606667;95.5793;0.580912743;0.419087257;
Corylus avellana;5;35;6.1808;9.978;0.4572;5.7236;4.2544;0.7433;0.109;0.1112;0.0022;0.02;0.003;0.003;0;0.0144;47.8708;32.8011;-15.0697;-0.3148;-0.9991;-0.9991;0;0;43.3728;37.2992;80.672;0.537643792;0.462356208;
Corylus avellana;6;25;4.8659;6.2536;0.3842;4.4817;1.7719;0.3954;0.1196;0.1433;0.0236;0.1975;0.0016;0.0019;0.0003;0.1783;15.7787;17.7657;1.987;0.1259;-0.9994;-0.9991;0.0003;-0.0003;24.1572;9.3872;33.5444;0.720155972;0.279844028;
Corylus avellana;6;30;5.8636;8.669;0.4396;5.424;3.245;0.5983;0.1486;0.1313;-0.0173;-0.1166;0.0027;0.0025;-0.0003;-0.0917;21.626;24.4676;2.8416;0.1314;-0.9993;-0.9992;0.0001;-0.0001;31.0008;15.0928;46.0936;0.672561917;0.327438083;
Corylus avellana;6;35;4.0085;6.6261;0.3366;3.6719;2.9542;0.8045;0.1032;0.1085;0.0053;0.0511;0.0036;0.0035;-0.0001;-0.0346;28.8494;10.7114;-18.1381;-0.6287;-0.9993;-0.9993;-0.0001;0.0001;23.87626667;15.68453333;39.5608;0.603533464;0.396466536;
Corylus avellana;7;25;4.5462;6.9072;0.3664;4.1797;2.7275;0.6526;0.1041;0.1854;0.0813;0.7806;0.0014;0.0024;0.001;0.7132;14.0633;24.3049;10.2417;0.7283;-0.9993;-0.999;0.0003;-0.0003;24.91233333;13.45586667;38.3682;0.649296379;0.350703621;
Scandosorbus intermedia;1;25;13.7707;23.0299;0.8788;12.8919;10.1379;0.7864;0.1463;0.1257;-0.0206;-0.1405;0.002;0.0018;-0.0003;-0.1257;109.6485;96.0528;-13.5957;-0.124;-0.9926;-0.9915;0.001;-0.001;105.2889667;100.4123333;205.7013;0.511853677;0.488146323;
Scandosorbus intermedia;2;25;10.9486;23.9842;0.722;10.2265;13.7577;1.3453;0.0718;0.1532;0.0814;1.1337;0.001;0.002;0.001;1.0727;97.7819;106.323;8.541;0.0873;-0.9992;-0.9991;0.0001;-0.0001;97.23096667;106.8739333;204.1049;0.476377425;0.523622575;
Scandosorbus intermedia;4;25;6.3826;12.1438;0.4684;5.9141;6.2296;1.0533;0.1201;0.1877;0.0676;0.563;0.0017;0.0026;0.0009;0.5119;108.8426;67.0147;-41.8279;-0.3843;-0.9975;-0.9976;-0.0001;0.0001;75.63913333;100.2182667;175.8574;0.430116295;0.569883705;
Scandosorbus intermedia;4;35;9.1625;11.9736;0.6228;8.5397;3.4339;0.4021;0.1429;0.164;0.0211;0.1475;0.0038;0.0042;0.0005;0.1248;152.953;63.3909;-89.562;-0.5856;-0.9976;-0.9975;0.0001;-0.0001;96.54796667;119.7959333;216.3439;0.446270806;0.553729194;
Scandosorbus intermedia;4a;25;8.2779;19.271;0.5737;7.7042;11.5668;1.5014;0.0626;0.1732;0.1106;1.7685;0.0009;0.0024;0.0015;1.6488;124.2548;88.6245;-35.6302;-0.2868;-0.9976;-0.9974;0.0002;-0.0002;93.03416667;119.8451333;212.8793;0.437027774;0.562972226;
Scandosorbus intermedia;4a;30;8.2936;22.4845;0.5746;7.7191;14.7655;1.9129;0.0575;0.1812;0.1237;2.1522;0.0012;0.0036;0.0024;1.9677;35.9765;87.6202;51.6437;1.4355;-0.9973;-0.9973;0;0;63.3154;60.2812;123.5966;0.512274609;0.487725391;
Scandosorbus intermedia;4a;35;5.6085;21.3913;0.4254;5.183;16.2083;3.1272;0.04;0.138;0.098;2.4487;0.0011;0.0037;0.0026;2.2835;167.3483;99.0481;-68.3001;-0.4081;-0.9976;-0.9973;0.0003;-0.0003;103.7545333;162.6418667;266.3964;0.389474232;0.610525768;
Scandosorbus intermedia;4b;25;13.8451;21.3536;0.8829;12.9622;8.3915;0.6474;0.1519;0.1475;-0.0044;-0.0288;0.002;0.0019;-0.0001;-0.0489;90.9671;82.1959;-8.7712;-0.0964;-0.9992;-0.999;0.0002;-0.0002;94.64123333;78.52166667;173.1629;0.546544516;0.453455484;
Scandosorbus intermedia;5;25;16.3401;24.8756;1.0215;15.3186;9.557;0.6239;0.1375;0.1448;0.0073;0.053;0.0019;0.002;0;0.0243;141.868;104.6107;-37.2574;-0.2626;-0.9933;-0.9921;0.0011;-0.0011;125.7331667;120.7455333;246.4787;0.510117778;0.489882222;
Scandosorbus intermedia;5b;25;15.3924;23.1484;0.9688;14.4236;8.7248;0.6049;0.1714;0.1697;-0.0016;-0.0096;0.0022;0.0021;-0.0001;-0.028;102.0139;89.5585;-12.4555;-0.1221;-0.9991;-0.9989;0.0002;-0.0002;104.9038667;86.66853333;191.5724;0.547593843;0.452406157;
Scandosorbus intermedia;6;25;12.3703;26.954;0.801;11.5693;15.3848;1.3298;0.1834;0.2009;0.0175;0.0951;0.0024;0.0043;0.0019;0.7744;131.9484;112.9127;-19.0357;-0.1443;-0.992;-0.9914;0.0005;-0.0005;114.6078333;130.2532667;244.8611;0.468052432;0.531947568;
Scandosorbus intermedia;6;30;10.6485;16.351;0.7054;9.9432;6.4078;0.6444;0.171;0.157;-0.0139;-0.0816;0.0029;0.0027;-0.0002;-0.0659;76.2982;70.9848;-5.3133;-0.0696;-0.9991;-0.999;0.0001;-0.0001;77.4906;69.7924;147.283;0.526134041;0.473865959;
Scandosorbus intermedia;6;35;10.6408;23.8304;0.7049;9.9359;13.8946;1.3984;0.0903;0.1764;0.0861;0.9531;0.0024;0.0044;0.002;0.8202;154.1527;98.5722;-55.5804;-0.3606;-0.9923;-0.9914;0.0009;-0.001;112.6171;140.1078;252.7249;0.445611414;0.554388586;
Scandosorbus intermedia;6a;25;16.5139;22.9332;1.0311;15.4827;7.4505;0.4812;0.1404;0.1779;0.0375;0.2671;0.0019;0.004;0.0021;1.0963;142.2886;99.3535;-42.935;-0.3017;-0.9924;-0.9912;0.0011;-0.0012;124.5841667;117.0579333;241.6421;0.5155731;0.4844269;
Scandosorbus intermedia;6a;30;7.4515;9.8015;0.5278;6.9237;2.8778;0.4156;0.0849;0.0848;-0.0002;-0.0018;0.0015;0.0015;0;-0.0034;80.0755;46.4337;-33.6418;-0.4201;-0.9993;-0.9993;0;0;62.0404;64.4688;126.5092;0.490402279;0.509597721;
Scandosorbus intermedia;6a;35;6.0302;18.5521;0.4489;5.5813;12.9708;2.324;0.0501;0.1612;0.1111;2.2163;0.0014;0.0041;0.0027;2.0071;117.1529;80.9042;-36.2487;-0.3094;-0.9913;-0.9908;0.0005;-0.0005;82.0996;115.9576;198.0572;0.414524693;0.585475307;
Scandosorbus intermedia;6b;25;9.1184;19.1652;0.6204;8.498;10.6672;1.2553;0.0939;0.1202;0.0263;0.2796;0.0013;0.0016;0.0003;0.2236;79.2926;84.1533;4.8607;0.0613;-0.9991;-0.9989;0.0002;-0.0002;78.7977;84.6482;163.4459;0.482102641;0.517897359;
Scandosorbus intermedia;6b;30;9.0978;14.873;0.6192;8.4786;6.3944;0.7542;0.1668;0.1284;-0.0384;-0.2302;0.0028;0.0023;-0.0006;-0.1972;59.0872;58.3161;-0.7711;-0.013;-0.9993;-0.9992;0.0001;-0.0001;63.39523333;54.00806667;117.4033;0.539978291;0.460021709;
Scandosorbus intermedia;6b;35;7.8762;19.161;0.5514;7.3248;11.8362;1.6159;0.0856;0.1649;0.0793;0.9271;0.0023;0.0042;0.0019;0.8058;137.4424;83.6844;-53.7581;-0.3911;-0.9927;-0.9921;0.0006;-0.0006;94.71213333;126.4146667;221.1268;0.428315941;0.571684059;
Scandosorbus intermedia;6c;30;6.9675;8.7945;0.5009;6.4665;2.328;0.36;0.106;0.1119;0.0059;0.0559;0.0019;0.002;0.0001;0.0664;49.691;29.25;-20.441;-0.4114;-0.9993;-0.9993;0;0;44.89336667;34.04753333;78.9409;0.568695906;0.431304094;
Scandosorbus intermedia;6c;35;9.2438;12.9907;0.6274;8.6164;4.3743;0.5077;0.1275;0.0972;-0.0303;-0.2376;0.0034;0.0027;-0.0007;-0.214;77.2523;53.2022;-24.0501;-0.3113;-0.999;-0.9991;0;0;68.13496667;62.31953333;130.4545;0.522289125;0.477710875;
Scandosorbus intermedia;6d;25;16.3401;24.8756;1.0215;15.3186;9.557;0.6239;0.1375;0.1448;0.0073;0.053;0.0019;0.002;0;0.0243;141.868;104.6107;-37.2574;-0.2626;-0.9933;-0.9921;0.0011;-0.0011;125.7331667;120.7455333;246.4787;0.510117778;0.489882222;
Scandosorbus intermedia;6d;30;12.0568;20.2209;0.7836;11.2732;8.9477;0.7937;0.2334;0.2355;0.0021;0.0089;0.0038;0.0038;0;0.0036;68.5098;79.1303;10.6205;0.155;-0.9993;-0.9992;0.0001;-0.0001;81.36483333;66.27526667;147.6401;0.551102535;0.448897465;
Scandosorbus intermedia;6d;35;13.7971;22.034;0.8802;12.9168;9.1171;0.7058;0.2222;0.2024;-0.0198;-0.089;0.006;0.0056;-0.0005;-0.0789;106.1342;88.5693;-17.565;-0.1655;-0.9991;-0.9991;0.0001;-0.0001;101.6931667;93.01033333;194.7035;0.522297579;0.477702421;
Scandosorbus intermedia;6e;25;13.7707;23.0299;0.8788;12.8919;10.1379;0.7864;0.1463;0.1257;-0.0206;-0.1405;0.002;0.0018;-0.0003;-0.1257;109.6485;96.0528;-13.5957;-0.124;-0.9926;-0.9915;0.001;-0.001;105.2889667;100.4123333;205.7013;0.511853677;0.488146323;
Scandosorbus intermedia;6e;35;7.2772;10.2325;0.5181;6.7591;3.4735;0.5139;0.0887;0.075;-0.0137;-0.1546;0.0025;0.0022;-0.0003;-0.1344;70.3551;42.6548;-27.7003;-0.3937;-0.9992;-0.9992;0;0;57.0758;55.934;113.0098;0.505051774;0.494948226;
Scandosorbus intermedia;6f;35;6.8679;9.7631;0.4954;6.3725;3.3906;0.5321;0.0811;0.075;-0.0062;-0.0758;0.0024;0.0021;-0.0003;-0.1262;62.2455;48.2874;-13.9581;-0.2242;-0.9992;-0.9991;0;0;55.1587;55.3742;110.5329;0.499025177;0.500974823;
Scandosorbus intermedia;6g;35;12.8142;20.2198;0.8256;11.9885;8.2313;0.6866;0.1972;0.1962;-0.001;-0.0051;0.005;0.0053;0.0003;0.0539;108.3008;80.7486;-27.5521;-0.2544;-0.9992;-0.9992;0;0;97.1874;91.862;189.0494;0.514084678;0.485915322;
Scandosorbus intermedia;7;25;7.4712;19.4579;0.5289;6.9423;12.5156;1.8028;0.0669;0.1581;0.0912;1.363;0.0009;0.0021;0.0011;1.2274;52.8103;67.9746;15.1643;0.2871;-0.9993;-0.9992;0.0001;-0.0001;60.1848;60.6;120.7848;0.498281241;0.501718759;
Scandosorbus intermedia;8;25;11.2992;19.8389;0.7415;10.5577;9.2812;0.8791;0.1087;0.1703;0.0616;0.5667;0.0014;0.0021;0.0007;0.52;79.1073;74.0116;-5.0957;-0.0644;-0.9993;-0.9992;0.0001;-0.0001;81.17083333;71.94806667;153.1189;0.530116356;0.469883644;
Scandosorbus intermedia;9;25;8.6804;18.8208;0.5961;8.0843;10.7364;1.3281;0.0861;0.1294;0.0432;0.502;0.0011;0.0016;0.0005;0.4749;57.3995;83.837;26.4375;0.4606;-0.9991;-0.9989;0.0002;-0.0002;70.22656667;71.00993333;141.2365;0.497226756;0.502773244;
Tilia cordata;1;25;8.4487;9.0939;0.5832;7.8656;1.2283;0.1562;0.0717;0.0785;0.0068;0.0949;0.0009;0.0011;0.0001;0.1136;54.6339;38.9678;-15.6661;-0.2867;-0.9992;-0.9991;0.0001;-0.0001;53.7307;39.871;93.6017;0.574035514;0.425964486;
Tilia cordata;10;25;4.4928;7.7184;0.3635;4.1293;3.5891;0.8692;0.0545;0.054;-0.0005;-0.0087;0.0007;0.0007;0;-0.0334;24.5969;26.6497;2.0528;0.0835;-0.9993;-0.9993;0;0;29.06303333;22.18366667;51.2467;0.567120094;0.432879906;
Tilia cordata;11;25;11.6537;15.3477;0.7612;10.8925;4.4552;0.409;0.179;0.1741;-0.005;-0.0277;0.0022;0.0022;-0.0001;-0.0271;68.6207;56.3666;-12.2541;-0.1786;-0.9992;-0.9991;0.0001;-0.0001;72.73893333;52.24826667;124.9872;0.581971061;0.418028939;
Tilia cordata;12;25;7.5671;12.7004;0.5342;7.0328;5.6675;0.8059;0.0859;0.1166;0.0307;0.3579;0.0011;0.0015;0.0004;0.3573;43.1677;49.2657;6.098;0.1413;-0.9993;-0.9991;0.0003;-0.0003;50.9898;41.4436;92.4334;0.551638261;0.448361739;
Tilia cordata;13;25;8.8473;13.3085;0.6053;8.242;5.0665;0.6147;0.108;0.1306;0.0226;0.2097;0.0014;0.0017;0.0003;0.205;57.9849;52.6801;-5.3048;-0.0915;-0.9991;-0.999;0.0001;-0.0001;60.48116667;50.18393333;110.6651;0.546524303;0.453475697;
Tilia cordata;13;30;10.0948;14.0839;0.6746;9.4201;4.6638;0.4951;0.1395;0.1234;-0.0161;-0.1154;0.0032;0.0027;-0.0005;-0.1491;47.8263;51.3099;3.4836;0.0728;-0.9993;-0.9992;0.0002;-0.0002;59.9646;39.1716;99.1362;0.604870875;0.395129125;
Tilia cordata;13;35;9.5844;14.5774;0.6463;8.9381;5.6393;0.6309;0.1513;0.1576;0.0064;0.0421;0.0048;0.005;0.0002;0.0337;75.5127;56.4632;-19.0495;-0.2523;-0.9991;-0.9991;0;0;69.55036667;62.42553333;131.9759;0.526992933;0.473007067;
Tilia cordata;14;25;8.6639;13.5296;0.5951;8.0688;5.4609;0.6768;0.0848;0.1093;0.0245;0.289;0.0011;0.0014;0.0003;0.2821;66.4645;62.5864;-3.8781;-0.0583;-0.9992;-0.9991;0.0001;-0.0001;66.12073333;62.93026667;129.051;0.512361263;0.487638737;
Tilia cordata;15;25;9.1906;13.9344;0.6244;8.5662;5.3682;0.6267;0.1153;0.1182;0.0029;0.0252;0.0015;0.0016;0;0.0271;56.4415;52.1972;-4.2443;-0.0752;-0.9993;-0.9992;0.0001;-0.0001;60.72116667;47.91753333;108.6387;0.558927589;0.441072411;
Tilia cordata;17;25;10.4808;14.4722;0.6961;9.7847;4.6875;0.4791;0.1275;0.1351;0.0076;0.0596;0.0017;0.0018;0.0001;0.0596;72.2465;50.321;-21.9255;-0.3035;-0.9991;-0.999;0.0001;-0.0001;68.80463333;53.76286667;122.5675;0.561361155;0.438638845;
Tilia cordata;17;30;9.7323;13.3903;0.6545;9.0778;4.3124;0.4751;0.0996;0.0897;-0.01;-0.1001;0.0018;0.0015;-0.0003;-0.1431;70.8917;49.6521;-21.2396;-0.2996;-0.9991;-0.9991;0;0;66.13406667;54.40973333;120.5438;0.548631009;0.451368991;
Tilia cordata;17;35;9.1982;12.9818;0.6248;8.5733;4.4085;0.5142;0.1164;0.1023;-0.0141;-0.121;0.0036;0.0031;-0.0005;-0.142;80.7213;57.6461;-23.0751;-0.2859;-0.9992;-0.999;0.0001;-0.0001;70.65073333;67.71666667;138.3674;0.510602449;0.489397551;
Tilia cordata;18;25;8.7928;9.5741;0.6023;8.1905;1.3836;0.1689;0.1443;0.0948;-0.0495;-0.3431;0.002;0.0013;-0.0007;-0.343;54.1607;37.3468;-16.8139;-0.3104;-0.9994;-0.9992;0.0002;-0.0002;53.94996667;37.55753333;91.5075;0.589568797;0.410431203;
Tilia cordata;2;25;6.7151;10.5259;0.4869;6.2282;4.2977;0.69;0.0366;0.0959;0.0593;1.6189;0.0005;0.0013;0.0008;1.6118;47.8462;40.1;-7.7462;-0.1619;-0.9992;-0.9991;0.0002;-0.0002;47.22236667;40.72393333;87.9463;0.536945462;0.463054538;
Tilia cordata;20;30;12.2993;18.6375;0.7971;11.5023;7.1352;0.6203;0.1959;0.1954;-0.0005;-0.0028;0.0042;0.0044;0.0002;0.0476;78.9431;61.8593;-17.0838;-0.2164;-0.999;-0.9991;0;0;79.73253333;61.06986667;140.8024;0.566272545;0.433727455;
Tilia cordata;20;35;13.4705;18.1618;0.8621;12.6084;5.5535;0.4405;0.1909;0.1671;-0.0238;-0.1249;0.006;0.0052;-0.0008;-0.1348;94.5777;72.0772;-22.5005;-0.2379;-0.9992;-0.9989;0.0003;-0.0003;91.473;75.182;166.655;0.548876421;0.451123579;
Tilia cordata;21;30;12.8629;16.9169;0.8284;12.0345;4.8823;0.4057;0.1433;0.1276;-0.0157;-0.1094;0.0027;0.0025;-0.0002;-0.0798;118.1226;79.5763;-38.5463;-0.3263;-0.9992;-0.9991;0.0001;-0.0001;100.2006667;97.49813333;197.6988;0.506834977;0.493165023;
Tilia cordata;21;35;7.4114;11.7281;0.5256;6.8858;4.8423;0.7032;0.1163;0.1169;0.0006;0.0051;0.004;0.0038;-0.0002;-0.0401;80.915;40.0289;-40.8861;-0.5053;-0.9992;-0.9992;-0.0001;0.0001;60.07833333;60.86546667;120.9438;0.496745871;0.503254129;
Tilia cordata;3;25;8.9475;11.7293;0.6109;8.3366;3.3928;0.407;0.0825;0.1213;0.0388;0.4699;0.0011;0.0016;0.0005;0.4249;45.5402;49.7887;4.2485;0.0933;-0.9993;-0.999;0.0003;-0.0003;55.6363;39.6926;95.3289;0.583624693;0.416375307;
Tilia cordata;4;25;8.5828;10.8045;0.5906;7.9921;2.8123;0.3519;0.0953;0.0972;0.002;0.0207;0.0013;0.0013;0;0.0182;52.3891;42.135;-10.2541;-0.1957;-0.9992;-0.9991;0.0001;-0.0001;54.39523333;40.12886667;94.5241;0.575464176;0.424535824;
Tilia cordata;4;30;9.6936;13.2842;0.6523;9.0413;4.2429;0.4693;0.096;0.0927;-0.0033;-0.0341;0.002;0.0019;-0.0001;-0.0405;65.6977;42.4727;-23.2251;-0.3535;-0.9993;-0.9993;0;0;61.9064;46.264;108.1704;0.572304438;0.427695562;
Tilia cordata;4;35;11.4334;16.582;0.749;10.6844;5.8976;0.552;0.1847;0.1671;-0.0176;-0.0952;0.0058;0.0053;-0.0005;-0.0915;94.569;66.7349;-27.8342;-0.2943;-0.9992;-0.9991;0.0001;-0.0001;84.25703333;77.04686667;161.3039;0.522349635;0.477650365;
Tilia cordata;5;25;9.0296;12.3468;0.6155;8.4142;3.9326;0.4674;0.1064;0.0768;-0.0296;-0.2784;0.0014;0.001;-0.0004;-0.263;76.6655;49.9582;-26.7073;-0.3484;-0.9992;-0.999;0.0002;-0.0002;66.28706667;60.33653333;126.6236;0.523496936;0.476503064;
Tilia cordata;6;25;8.5004;11.5889;0.5861;7.9143;3.6746;0.4643;0.0731;0.0766;0.0034;0.0468;0.001;0.001;0.0001;0.0546;53.6634;53.9598;0.2964;0.0055;-0.9993;-0.999;0.0004;-0.0004;58.54213333;49.08106667;107.6232;0.543954587;0.456045413;
Tilia cordata;7;25;6.2708;10.1031;0.4622;5.8086;4.2945;0.7393;0.053;0.0656;0.0127;0.2392;0.0007;0.0009;0.0002;0.217;43.8967;37.9517;-5.945;-0.1354;-0.9994;-0.9992;0.0001;-0.0001;44.00496667;37.84353333;81.8485;0.537639256;0.462360744;
Tilia cordata;8;25;7.3918;2.8125;0.5245;6.8673;-4.0548;-0.5904;0.0679;0.0431;-0.0248;-0.3653;0.0009;0.0006;-0.0003;-0.3609;62.1469;22.3645;-39.7824;-0.6401;-0.9992;-0.999;0.0002;-0.0002;47.88193333;36.62946667;84.5114;0.566573661;0.433426339;
Tilia cordata;8;30;5.3862;8.5992;0.4131;4.9731;3.6261;0.7292;0.0639;0.0504;-0.0135;-0.2116;0.0012;0.001;-0.0002;-0.2035;44.8858;32.7915;-12.0942;-0.2694;-0.9991;-0.9991;0.0001;-0.0001;40.25563333;37.42166667;77.6773;0.518241923;0.481758077;
Tilia cordata;8;35;5.8513;9.7721;0.4389;5.4124;4.3597;0.8055;0.0735;0.0914;0.0179;0.2435;0.0023;0.0026;0.0003;0.1092;72.8537;38.6114;-34.2423;-0.47;-0.999;-0.999;-0.0001;0.0001;52.7585;58.7066;111.4651;0.473318554;0.526681446;
Tilia cordata;9;25;6.5209;9.8785;0.4761;6.0448;3.8336;0.6342;0.0646;0.083;0.0184;0.2847;0.0008;0.0011;0.0002;0.2615;48.3075;38.9318;-9.3757;-0.1941;-0.9994;-0.9993;0.0001;-0.0001;46.46886667;40.77053333;87.2394;0.532659173;0.467340827;
Betula pubescens;1;25;13.5632;18.7818;0.8673;12.696;6.0859;0.4794;0.1315;0.1184;-0.0131;-0.0996;0.0018;0.0016;-0.0002;-0.1008;91.2127;72.4697;-18.743;-0.2055;-0.999;-0.9989;0.0001;-0.0001;90.7296;72.9528;163.6824;0.554302723;0.445697277;
Betula pubescens;1;30;11.3297;16.1396;0.7432;10.5865;5.5531;0.5245;0.1129;0.132;0.0191;0.1691;0.0019;0.0022;0.0003;0.1509;96.422;56.3126;-40.1094;-0.416;-0.999;-0.999;0;0;81.12406667;71.61053333;152.7346;0.531144002;0.468855998;
Betula pubescens;1;35;13.5782;17.3577;0.8681;12.7101;4.6476;0.3657;0.1404;0.121;-0.0194;-0.1382;0.0039;0.0034;-0.0005;-0.1299;134.9371;73.8018;-61.1353;-0.4531;-0.999;-0.9988;0.0002;-0.0002;105.7881667;102.9507333;208.7389;0.506796609;0.493203391;
Betula pubescens;10;25;14.6096;21.1459;0.9254;13.6842;7.4617;0.5453;0.1461;0.1204;-0.0258;-0.1764;0.0024;0.002;-0.0004;-0.1659;111.7945;84.3403;-27.4542;-0.2456;-0.9992;-0.9989;0.0002;-0.0002;104.3372;91.7976;196.1348;0.53196679;0.46803321;
Betula pubescens;10;30;13.8098;19.4654;0.8809;12.9288;6.5366;0.5056;0.1497;0.1411;-0.0086;-0.0572;0.0032;0.003;-0.0002;-0.0616;116.5927;68.8596;-47.7331;-0.4094;-0.999;-0.999;0;0;98.64333333;86.80906667;185.4524;0.53190648;0.46809352;
Betula pubescens;10;35;14.7827;20.6233;0.935;13.8477;6.7756;0.4893;0.1609;0.1403;-0.0207;-0.1286;0.0045;0.0039;-0.0006;-0.1364;138.1711;95.5794;-42.5917;-0.3083;-0.999;-0.9989;0.0002;-0.0002;117.3373667;116.4131333;233.7505;0.501976965;0.498023035;
Betula pubescens;2;25;14.784;20.3232;0.9351;13.8489;6.4743;0.4675;0.1347;0.1412;0.0065;0.0485;0.0022;0.0024;0.0001;0.0561;117.0177;70.4272;-46.5905;-0.3981;-0.999;-0.9989;0;0;101.9056333;85.53926667;187.4449;0.543656474;0.456343526;
Betula pubescens;2;30;12.5963;18.4299;0.8135;11.7827;6.6472;0.5642;0.1335;0.1194;-0.0141;-0.1058;0.0029;0.0026;-0.0003;-0.098;95.7814;70.1044;-25.677;-0.2681;-0.9992;-0.9991;0.0001;-0.0001;88.88516667;77.00073333;165.8859;0.535821108;0.464178892;
Betula pubescens;2;35;11.1373;16.2515;0.7325;10.4048;5.8467;0.5619;0.1087;0.1095;0.0008;0.0074;0.0032;0.0031;-0.0001;-0.0284;130.6923;68.8836;-61.8087;-0.4729;-0.999;-0.9989;0.0001;-0.0001;96.22476667;103.3511333;199.5759;0.482146224;0.517853776;
Betula pubescens;3;25;6.6986;9.8369;0.486;6.2127;3.6242;0.5834;0.0483;0.0442;-0.0041;-0.0848;0.0008;0.0008;-0.0001;-0.0792;55.5116;40.7059;-14.8057;-0.2667;-0.9991;-0.999;0.0001;-0.0001;49.9357;46.2818;96.2175;0.51898771;0.48101229;
Betula pubescens;3;30;4.4096;6.0897;0.3589;4.0507;2.039;0.5034;0.0503;0.0691;0.0188;0.3735;0.0011;0.0015;0.0004;0.369;61.3752;25.5039;-35.8714;-0.5845;-0.9989;-0.999;-0.0001;0.0001;40.71863333;46.16046667;86.8791;0.468681574;0.531318426;
Betula pubescens;3;35;3.9694;5.568;0.3344;3.635;1.933;0.5318;0.047;0.0325;-0.0145;-0.3082;0.0014;0.0009;-0.0004;-0.3072;80.9462;33.1891;-47.7571;-0.59;-0.9989;-0.9988;0;0;48.63016667;65.50513333;114.1353;0.426074726;0.573925274;
Betula pubescens;8;25;9.6489;13.4724;0.6498;8.9991;4.4734;0.4971;0.0956;0.0947;-0.0009;-0.0093;0.0016;0.0016;0;-0.009;59.0131;45.8701;-13.1431;-0.2227;-0.9991;-0.9991;0;0;60.69146667;44.19173333;104.8832;0.578657656;0.421342344;
Betula pubescens;8;30;8.6141;12.1693;0.5924;8.0217;4.1476;0.517;0.0907;0.0859;-0.0047;-0.0524;0.002;0.0019;-0.0001;-0.0628;71.5616;46.3768;-25.1848;-0.3519;-0.9991;-0.9991;0;0;62.2837;55.6546;117.9383;0.528104102;0.471895898;
Betula pubescens;8;35;9.7393;14.0426;0.6549;9.0844;4.9582;0.5458;0.104;0.0985;-0.0054;-0.0524;0.0029;0.0028;-0.0001;-0.0321;92.2418;61.3377;-30.9041;-0.335;-0.9991;-0.999;0.0001;-0.0001;77.16463333;76.41486667;153.5795;0.502440972;0.497559028;
