"sp";"treeid";"setTleaf";"anet.21p";"anet.0p";"anet.delta";"pr.CO2";"pr.real";"pr.percent";"gsw.21p";"gsw.0p";"gsw.delta";"gsw.percent";"E.21p";"E.0p";"E.delta";"E.percent";"ETR.21p";"ETR.0p";"ETR.delta";"ETR.percent";"JT";"JO1";"JC1";"JO2";"JC2";"Rp.ETR";"JO1.percent";"JC1.percent";"Rp.ETR.percent";"JC2.percent";"NPQ.21p";"NPQ.0p";"NPQ.delta";"NPQ.percent"
"Acer platanoides";"1";"25";4.548229394;6.830798378;2.282568984;1.38868073133084;3.67124971533084;0.807182179547481;0.030415138;0.045668858;0.01525372;0.50151736940993;0.000407591;0.000616977;0.000209386;0.513715955455346;41.76348469;18.8021544;-22.96133029;-0.549794406775111;60.56563909;48.8875045663523;11.6781345236477;28.2484810093333;3.53106012616667;32.3171580806667;0.807182179547481;0.192817820452519;0.0583013764771729;0.533588988182617;-0.999235389;-0.999160598;7.4790999999963e-05;-7.48482297797831e-05
"Acer platanoides";"1";"30";10.42569738;14.06804817;3.64235079;2.3755776087459;6.0179283987459;0.577220705666205;0.163419743;0.12324839;-0.040171353;-0.245817012452406;0.003624564;0.002790567;-0.000833997;-0.23009581290329;59.587367;47.07855936;-12.50880764;-0.209923818919537;106.66592636;61.5697812840586;45.0961450759414;43.3087578933333;5.41359473666667;63.3571684666667;0.577220705666205;0.422779294333795;0.0507528028997344;0.593977576802125;-0.999182683;-0.999088316;9.43669999999841e-05;-9.44441908427111e-05
"Acer platanoides";"1";"35";10.02979729;15.79742466;5.76762737;4.01447051647795;9.78209788647795;0.975303648083794;0.124532211;0.132293131;0.00776092;0.0623205830658544;0.003515803;0.003830112;0.000314309;0.0893989225221095;79.94928635;49.31898561;-30.63030074;-0.383121627951842;129.26827196;126.075817224076;3.19245473592396;59.4327218666667;7.42909023333333;69.8355500933333;0.975303648083794;0.0246963519162058;0.057470329885992;0.540237360912064;-0.998823802;-0.998900124;-7.6321999999962e-05;7.64118754950956e-05
"Acer platanoides";"2";"30";9.42240983;11.68267727;2.26026744;1.4741690270424;3.7344364670424;0.396335601445856;0.182659012;0.119748477;-0.062910535;-0.344415171806579;0.003872403;0.002645545;-0.001226858;-0.316820847416966;34.3184495;30.37773379;-3.94071571;-0.114827906488025;64.69618329;25.6414007154935;39.0547825745065;18.0043626466667;2.25054533083333;46.6918206433333;0.396335601445856;0.603664398554144;0.034786369402122;0.721709044783024;-0.999451667;-0.999255756;0.000195910999999938;-0.000196018483402997
"Acer platanoides";"2";"35";4.348076438;9.221238328;4.87316189;3.39189123610615;8.26505312610615;1.90085276649549;0.073602448;0.091909783;0.018307335;0.248732691608301;0.002180884;0.002637027;0.000456143;0.209155094906469;40.5757486;17.51759257;-23.05815603;-0.568274322115649;58.09334117;110.426888277961;-52.3335471079608;27.134023612;3.3917529515;30.959317558;1.90085276649549;-0.900852766495489;0.0583845391432148;0.532923686854281;-0.999272027;-0.999393073;-0.000121046000000069;0.000121134182414244
"Acer platanoides";"3";"30";7.483388816;12.20624096;4.722852144;3.08029139683824;7.80314354083824;1.04272859966257;0.095568433;0.132108682;0.036540249;0.382346428134905;0.002127634;0.002968374;0.00084074;0.395152549733648;48.49470716;27.97166643;-20.52304073;-0.423201663271988;76.46637359;79.7336746547759;-3.26730106477588;31.021878884;3.8777348605;45.444494706;1.04272859966257;-0.0427285996625733;0.0507116354345738;0.59430691652341;-0.999292835;-0.99935682;-6.39850000000441e-05;6.40302799729812e-05
"Acer platanoides";"4";"25";7.641752092;9.385743149;1.743991057;1.06101799921294;2.80500905621294;0.367063603011861;0.060876178;0.098220784;0.037344606;0.613451882606691;0.000811307;0.001295769;0.000484462;0.597137704962486;43.84683566;30.56214726;-13.2846884;-0.302979410031159;74.40898292;27.3128293670632;47.0961535529368;29.2279830346667;3.65349787933333;45.1809998853333;0.367063603011861;0.632936396988139;0.0491002260205781;0.607198191835375;-0.999305503;-0.999192549;0.000112953999999998;-0.00011303250073266
"Acer platanoides";"4";"30";11.75780806;15.94409491;4.18628685;2.7303381464385;6.9166249964385;0.588258029144805;0.171886788;0.198171923;0.026285135;0.152921206486213;0.003720951;0.004337595;0.000616644;0.16572215006325;72.81464708;56.06034981;-16.75429727;-0.230095151756931;128.87499689;75.8117516765542;53.0632452134458;54.5625097666667;6.82031372083333;74.3124871233333;0.588258029144805;0.411741970855195;0.0529219312156783;0.576624550274574;-0.99911522;-0.9991778;-6.25800000000343e-05;6.26354185656728e-05
"Acer platanoides";"4";"35";14.23522548;19.64561599;5.41039051;3.76582115862785;9.17621166862785;0.644613018706315;0.221644356;0.186486955;-0.035157401;-0.158620781663396;0.006240397;0.005268359;-0.000972038;-0.155765410437829;100.7664443;67.24775985;-33.51868445;-0.332637364381031;168.01420415;108.304143322671;59.7100608273295;74.0488681533333;9.25610851916667;93.9653359966667;0.644613018706315;0.355386981293685;0.0550912261614678;0.559270190708258;-0.999098893;-0.998976796;0.000122096999999988;-0.000122207121692795
"Acer platanoides";"5";"25";11.12565617;13.02732127;1.9016651;1.1569445218635;3.0586096218635;0.274914987046872;0.167110706;0.153903667;-0.013207039;-0.0790316749664142;0.002153281;0.002021408;-0.000131873;-0.0612428196784348;43.16753823;46.20354464;3.03600641;0.0703307748017485;89.37108287;24.569450089571;64.801632780429;29.91230546;3.7390381825;59.45877741;0.274914987046872;0.725085012953128;0.041837225894855;0.66530219284116;-0.999295743;-0.998948506;0.000347237000000056;-0.000347481716431224
"Acer platanoides";"5";"30";11.19484057;15.82135265;4.62651208;3.0174574436968;7.6439695236968;0.682811825313632;0.141080521;0.119938157;-0.021142364;-0.149860263132995;0.002801635;0.002413485;-0.00038815;-0.138544100141524;62.80696165;48.49585652;-14.31110513;-0.227858580546381;111.30281817;75.998880437209;35.303937732791;44.3489705933333;5.54362132416667;66.9538475766667;0.682811825313632;0.317188174686368;0.0498066573273961;0.601546741380831;-0.999163519;-0.99903619;0.000127329000000009;-0.000127435597456005
"Acer platanoides";"5";"35";8.559844326;14.3794754;5.819631074;4.05066691459159;9.87029798859159;1.15309316532909;0.096887189;0.108201971;0.011314782;0.116783055807306;0.002724352;0.003074059;0.000349707;0.128363368610224;57.02255479;38.88966392;-18.13289087;-0.317995062423614;95.91221871;110.59572386605;-14.6835051560499;41.115227604;5.1394034505;54.796991106;1.15309316532909;-0.15309316532909;0.0535844496105287;0.571324403115771;-0.999157632;-0.99922467;-6.70380000000748e-05;6.70945182752452e-05
"Acer platanoides";"6";"25";12.49737842;15.63803653;3.14065811;1.91072928425235;5.05138739425235;0.404195762062261;0.213275837;0.162148702;-0.051127135;-0.239723054046671;0.002692316;0.002124318;-0.000567998;-0.210970034721036;46.02980063;49.82158598;3.79178535;0.0823767493689447;95.85138661;38.7427242555533;57.1086623544467;30.5745819533333;3.82182274416667;65.2768046566667;0.404195762062261;0.595804237937739;0.039872378265292;0.681020973877664;-0.999452419;-0.998957811;0.000494608000000007;-0.000494878986330221
"Acer platanoides";"6";"30";13.80940639;17.34294153;3.53353514;2.3046069536594;5.8381420936594;0.422765608367284;0.231187806;0.176254075;-0.054933731;-0.237615175084105;0.004786702;0.003710485;-0.001076217;-0.224834760969035;83.11174248;54.3817139;-28.73002858;-0.345679536040453;137.49345638;58.1275047330113;79.3659516469887;54.8372205466667;6.85465256833333;82.6562358333333;0.422765608367284;0.577234391632716;0.0498543912474545;0.601164870020364;-0.999309715;-0.999146499;0.000163216000000022;-0.000163328743381647
"Acer platanoides";"6";"35";7.233456329;9.460146401;2.226690072;1.54985422426452;3.77654429626452;0.522094020409551;0.074223072;0.049145995;-0.025077077;-0.337860941675925;0.002252496;0.00148963;-0.000762866;-0.338675851144686;61.66608103;34.67219855;-26.99388248;-0.43774279197129;96.33827958;50.2976397052615;46.0406398747385;44.9363028426667;5.61703785533333;51.4019767373333;0.522094020409551;0.477905979590449;0.0583053577437918;0.533557138049665;-0.999215607;-0.999163925;5.16820000000529e-05;-5.17225708225481e-05
"Acer platanoides";"7";"30";5.242007173;8.310019382;3.068012209;2.00098824283189;5.06900045183189;0.966996092248936;0.070758062;0.099293287;0.028535225;0.403278781151468;0.001603679;0.002188551;0.000584872;0.36470640321411;48.59089258;22.9818681;-25.60902448;-0.527033423760169;71.57276068;69.2105798890283;2.36218079097173;33.736487992;4.217060999;37.836272688;0.966996092248936;0.0330039077510645;0.0589199153272063;0.52864067738235;-0.999118191;-0.999160483;-4.22920000000548e-05;4.23293263810216e-05
"Acer platanoides";"7";"35";8.113982315;10.62757671;2.513594395;1.74954967472383;4.26314406972383;0.525407118751383;0.099869929;0.079011494;-0.020858435;-0.208856011102201;0.002874286;0.00225175;-0.000622536;-0.216588050040949;58.21884222;39.63487473;-18.58396749;-0.319208812497062;97.85371695;51.4130394818129;46.4406774681871;43.5985251266667;5.44981564083333;54.2551918233333;0.525407118751383;0.474592881248617;0.0556934964833069;0.554452028133545;-0.999076859;-0.998954857;0.00012200200000001;-0.000122114729113158
"Acer platanoides";"8";"25";7.755144631;8.656393424;0.901248792999999;0.548306246929304;1.4495550399293;0.1869152812618;0.097168694;0.107989219;0.010820525;0.111358139690547;0.001307996;0.001473529;0.000165533;0.1265546683629;38.18685711;35.82056509;-2.36629202;-0.0619661370189152;74.0074222;13.8331181359738;60.1743040640262;28.657895784;3.582236973;45.349526416;0.1869152812618;0.8130847187382;0.0484037528468327;0.612769977225338;-0.999290796;-0.999162025;0.000128771000000083;-0.000128862389722324
"Acer platanoides";"9";"25";6.319735691;8.593680742;2.273945051;1.38343405985263;3.65737911085264;0.578723429218906;0.057207605;0.079236842;0.022029237;0.385075323464424;0.00077715;0.001082103;0.000304953;0.3923991507431;32.58073064;22.83310753;-9.74762311;-0.299183686753564;55.41383817;32.0692864519239;23.3445517180761;20.0899302706667;2.51124128383333;35.3239078993333;0.578723429218906;0.421276570781094;0.0453179452419318;0.637456438064545;-0.999340101;-0.999150778;0.000189323000000075;-0.000189448016556752
"Acer platanoides";"9";"30";5.809436124;6.603033472;0.793597348;0.51759212633908;1.31118947433908;0.225699955443572;0.075408294;0.026912076;-0.048496218;-0.643115172450394;0.00152671;0.000557993;-0.000968717;-0.63451277583824;33.09214437;22.81155856;-10.28058581;-0.310665446610343;55.90370293;12.6174632604317;43.2862396695683;21.7773056226667;2.72216320283333;34.1263973073333;0.225699955443572;0.774300044556428;0.048693790574873;0.610449675401016;-0.999286273;-0.99914987;0.000136402999999952;-0.000136500424038099
"Acer platanoides";"9";"35";3.535764209;6.579330505;3.043566296;2.11842866683636;5.16199496283636;1.45993755740185;0.026464677;0.055967957;0.02950328;1.11481730912491;0.000793393;0.001645974;0.000852581;1.07460111193318;38.87619501;16.49063559;-22.38555942;-0.575816625424423;55.3668306;80.8321154272463;-25.4652848272463;27.4825158426667;3.43531448033333;27.8843147573333;1.45993755740185;-0.459937557401854;0.0620464354398739;0.503628516481009;-0.999199256;-0.999257432;-5.81759999999099e-05;5.82226214146719e-05
"Fagus sylvatica";"1";"25";5.674225469;6.877796544;1.203571075;0.732234588463875;1.93580566346388;0.341157691748374;0.118936586;0.109167131;-0.009769455;-0.0821400321680664;0.001536228;0.001411096;-0.000125132;-0.0814540549970447;10.94269206;23.94631365;13.00362159;1.18833843799128;34.88900571;11.9026526554194;22.9863530545806;8.12806922266667;1.01600865283333;26.7609364873333;0.341157691748374;0.658842308251626;0.0291211696108073;0.767030643113542;-0.999544372;-0.999161746;0.000382626000000053;-0.00038280041458735
"Fagus sylvatica";"2";"25";8.68494592;12.0774915;3.39254558;2.0639738426883;5.4565194226883;0.628273275729079;0.192489216;0.22056926;0.028080044;0.145878530670518;0.002422697;0.002753507;0.00033081;0.13654617147749;37.99147843;44.40934447;6.41786604;0.168929094239516;82.4008229;51.7702349261547;30.6305879738453;31.7740261466667;3.97175326833333;50.6267967533333;0.628273275729079;0.371726724270921;0.0482004078181765;0.614396737454588;-0.999431894;-0.999198412;0.000233481999999952;-0.000233614717922892
"Fagus sylvatica";"2";"30";10.34041404;14.24167651;3.90126247;2.5444423955587;6.4457048655587;0.623350751780796;0.250500478;0.204904419;-0.045596059;-0.182019848281487;0.004286212;0.004043707;-0.000242505;-0.0565779294164639;56.57133151;12.66496981;-43.9063617;-0.77612388692387;69.23630132;43.1585004783437;26.0778008416563;18.5830967733333;2.32288709666667;50.6532045466667;0.623350751780796;0.376649248219204;0.0335501326960062;0.731598938431951;-0.999224632;-0.999473031;-0.000248398999999955;0.000248591750088037
"Fagus sylvatica";"2";"35";12.09496474;18.73807002;6.64310528;4.6238337835648;11.2669390635648;0.93153963701136;0.256733997;0.250245826;-0.00648817099999999;-0.0252719588204751;0.007760368;0.008010666;0.000250297999999999;0.0322533673660836;63.48822726;62.03152577;-1.45670149;-0.0229444347852783;125.51975303;116.926625175322;8.59312785467824;51.4265960466667;6.42832450583333;74.0931569833333;0.93153963701136;0.06846036298864;0.051213648454972;0.590290812360224;-0.999282424;-0.99903592;0.000246504000000036;-0.000246681012374172
"Fagus sylvatica";"3";"25";13.97339349;16.38143844;2.40804495;1.46501842690575;3.87306337690575;0.277174143823939;0.186987306;0.218487053;0.031499747;0.16845928033211;0.002425518;0.002835641;0.000410123;0.169086768269706;97.74002061;70.38395832;-27.35606229;-0.279885988556883;168.12397893;46.5996199161967;121.524359013803;74.82026998;9.3525337475;93.30370895;0.277174143823939;0.722825856176061;0.0556287913658885;0.554969669072892;-0.999243845;-0.998794145;0.000449699999999997;-0.000450040300223213
"Fagus sylvatica";"3";"30";15.00028524;22.84770747;7.84742223;5.1181672526283;12.9655894826283;0.864356195577805;0.241378717;0.233390045;-0.007988672;-0.0330960082118591;0.00399251;0.003949206;-4.33040000000001e-05;-0.0108463097149412;86.03357427;85.21054139;-0.82303288;-0.00956641505346584;171.24411566;148.015912326963;23.2282033330368;74.1619831333333;9.27024789166667;97.0821325266667;0.864356195577805;0.135643804422195;0.0541346945320589;0.566922443743529;-0.999157485;-0.998874621;0.000282863999999994;-0.000283102518118046
"Fagus sylvatica";"3";"35";13.69119397;24.27940162;10.58820765;7.36976311166775;17.9579707616678;1.31164387861402;0.217765733;0.236686335;0.018920602;0.0868851207182354;0.006413417;0.006754837;0.000341419999999999;0.0532352722425502;126.0299156;89.72240352;-36.30751208;-0.288086458735992;215.75231912;282.990208670528;-67.2378895505277;107.325028826667;13.4156286033333;108.427290293333;1.31164387861402;-0.311643878614025;0.0621806924627848;0.502554460297721;-0.998801993;-0.998739778;6.22150000000321e-05;-6.22896234048985e-05
"Fagus sylvatica";"4";"30";9.129552058;12.56708014;3.437528082;2.24199019036122;5.67951827236122;0.622102621933614;0.165644875;0.186051543;0.020406668;0.123195287508895;0.002913574;0.003174064;0.00026049;0.0894056577934866;58.99390267;44.32527535;-14.66862732;-0.248646498300907;103.31917802;64.2751315422678;39.0440464777322;44.5339798586667;5.56674748233333;58.7851981613333;0.622102621933614;0.377897378066386;0.0538791305642768;0.568966955485786;-0.999168924;-0.999166263;2.6610000000149e-06;-2.66321333269859e-06
"Fagus sylvatica";"4";"35";7.564701251;14.18716725;6.622465999;4.60946812161396;11.231934120614;1.48478224690356;0.162245804;0.172137925;0.009892121;0.060969965053765;0.004845028;0.005165217;0.000320188999999999;0.0660860989864247;42.81938435;50.32871065;7.5093263;0.175372122088906;93.148095;138.304637788886;-45.1565427888864;41.9261933306667;5.24077416633333;51.2219016693333;1.48478224690356;-0.484782246903562;0.0562628163928992;0.549897468856806;-0.999301125;-0.999221888;7.92370000000098e-05;-7.92924154868832e-05
"Fagus sylvatica";"5";"25";7.202399237;11.29824117;4.095841933;2.49184879440821;6.58769072740821;0.914652258314989;0.100789606;0.166641259;0.065851653;0.653357579351982;0.001336317;0.002127968;0.000791651;0.592412578751898;249.6077619;58.31444113;-191.29332077;-0.766375690058218;307.92220303;281.641738386716;26.2804646432838;186.075070721333;23.2593838401667;121.847132308667;0.914652258314989;0.0853477416850106;0.0755365595961931;0.395707523230455;-0.999142487;-0.999056426;8.60609999999706e-05;-8.61348617636862e-05
"Fagus sylvatica";"5";"30";16.99801688;25.62265046;8.62463358;5.6250722672118;14.2497058472118;0.838315784000551;0.243152147;0.239643592;-0.00350855500000002;-0.0144294633762787;0.003976285;0.003805106;-0.000171179;-0.0430499825842465;119.0846806;105.5457167;-13.5389639;-0.113691902533431;224.6303973;188.311207622905;36.3191896770953;104.425553186667;13.0531941483333;120.204844113333;0.838315784000551;0.161684215999449;0.0581096516999898;0.535122786400081;-0.999251758;-0.999084777;0.00016698100000001;-0.000167106035754415
"Fagus sylvatica";"5";"35";13.12714446;22.37402259;9.24687813;6.43615081921455;15.6830289492145;1.19470224442206;0.223945785;0.238559764;0.014613979;0.0652567718566349;0.006574664;0.006873792;0.000299128;0.0454970778734853;109.3661506;83.10896056;-26.25719004;-0.240085162510968;192.47511116;229.950447298237;-37.4753361382366;93.3110222133333;11.6638777766667;99.1640889466667;1.19470224442206;-0.194702244422055;0.0605994079253746;0.515204736597003;-0.998975585;-0.998930647;4.49380000000499e-05;-4.49840823687897e-05
"Fagus sylvatica";"6";"25";9.036363498;11.87591981;2.839556312;1.72754346687612;4.56709977887612;0.505413464153688;0.135956068;0.169413735;0.033457667;0.246091752226903;0.001813141;0.002238076;0.000424935;0.234364012506473;297.5791406;46.1725795;-251.4065611;-0.844839327760328;343.7517201;173.73674766453;170.01497243547;205.070844072;25.633855509;138.680876028;0.505413464153688;0.494586535846312;0.0745708428791074;0.403433256967141;-0.999476007;-0.999130712;0.000345295000000023;-0.000345476027019849
"Fagus sylvatica";"6";"35";13.31004005;20.28290316;6.97286311;4.85335677476885;11.8262198847689;0.888518730247461;0.220165347;0.208046729;-0.012118618;-0.0550432580109893;0.006577283;0.006127359;-0.000449924;-0.0684057535611589;64.33808473;71.54524756;7.20716283;0.112020164421205;135.88333229;120.734885868105;15.1484464218954;55.09544806;6.8869310075;80.78788423;0.888518730247461;0.111481269752539;0.0506826767598106;0.594538585921515;-0.999436487;-0.999164443;0.000272044000000027;-0.000272197386766035
"Fagus sylvatica";"7";"25";10.15444349;11.05723168;0.902788189999999;0.549242792973149;1.45203098297315;0.142994639184619;0.129371605;0.161913735;0.03254213;0.251539972778416;0.001673031;0.002107384;0.000434353;0.259620413489051;44.92058567;35.05664576;-9.86393991;-0.219586182211947;79.97723143;11.4363153513176;68.5409160786824;26.2396383133333;3.27995478916667;53.7375931166667;0.142994639184619;0.857005360815381;0.0410111069178163;0.67191114465747;-0.999506734;-0.999041809;0.00046492500000006;-0.000465154444872465
"Fagus sylvatica";"7";"30";10.83156006;14.81690751;3.98534745;2.5992834603645;6.5846309103645;0.607911591117974;0.192479836;0.180572748;-0.011907088;-0.0618614824671816;0.00408488;0.003885554;-0.000199326;-0.0487960478643192;42.71963749;44.56182436;1.84218687000001;0.0431227177531933;87.28146185;53.0594123483363;34.2220495016637;29.3034810733333;3.66293513416667;57.9779807766667;0.607911591117974;0.392088408882026;0.041966931539961;0.664264547680312;-0.999420301;-0.999105958;0.000314342999999995;-0.000314525330019282
"Fagus sylvatica";"7";"35";8.669547615;14.54900179;5.879454175;4.09230588669612;9.97176006169612;1.15020535148144;0.203396366;0.18054417;-0.022852196;-0.112353020112464;0.005868231;0.005075751;-0.00079248;-0.135045808523898;62.18766309;44.69502378;-17.49263931;-0.281287934629158;106.88268687;122.937038418589;-16.0543515485887;48.13633094;6.0170413675;58.74635593;1.15020535148144;-0.150205351481436;0.0562957532571991;0.549633973942407;-0.999059922;-0.999105571;-4.56489999999254e-05;4.56919540006585e-05
"Fagus sylvatica";"8";"25";7.036040127;7.918180624;0.882140497;0.536681046267345;1.41882154326734;0.201650575843475;0.135935902;0.130275757;-0.00566014500000001;-0.0416383377512734;0.0017425;0.00171383;-2.867e-05;-0.0164533715925394;9.438951246;29.24880057;19.809849324;2.09873415040627;38.687751816;7.80140743178583;30.8863443842142;7.029060872;0.878632609;31.658690944;0.201650575843475;0.798349424156525;0.0227108727635248;0.818313017891802;-0.999608215;-0.999186357;0.000421857999999942;-0.00042202334241515
"Fagus sylvatica";"9";"25";5.403083029;9.072700894;3.669617865;2.23254046479803;5.90215832979803;1.09236861586604;0.061724308;0.097991616;0.036267308;0.587569292797904;0.000824171;0.00127741;0.000453239;0.54993320560903;17.86607444;30.99895905;13.13288461;0.735073877258512;48.86503349;53.378628997719;-4.51359550771903;18.1684675826667;2.27105844783333;30.6965659073333;1.09236861586604;-0.0923686158660409;0.0464761463490677;0.628190829207459;-0.999517512;-0.999237838;0.000279674000000063;-0.00027980900448702
"Betula pendula";"1";"25";19.69518076;25.90993649;6.21475573;3.78096416479605;9.99571989479605;0.507521104609352;0.250855986;0.195846505;-0.055009481;-0.219287097259062;0.003118574;0.002502789;-0.000615785;-0.197457235262014;137.745437;110.5823041;-27.1631329;-0.197198059635181;248.3277411;126.031569468217;122.296171631783;113.031345373333;14.1289181716667;135.296395726667;0.507521104609352;0.492478895390648;0.0568962537535307;0.544829969971755;-0.999397316;-0.999120485;0.000276831000000088;-0.000276997942227902
"Betula pendula";"1";"30";18.06021899;25.74222957;7.68201058;5.0102841203818;12.6922947003818;0.702776345481169;0.207346783;0.235587883;0.0282411;0.136202257837779;0.00345084;0.003907414;0.000456574;0.132308075714898;164.6401098;105.4954131;-59.1446967;-0.359236256413138;270.1355229;189.844855568307;80.2906673316935;131.929764626667;16.4912205783333;138.205758273333;0.702776345481169;0.297223654518831;0.0610479525287688;0.51161637976985;-0.999051378;-0.99898278;6.85980000000308e-05;-6.86631353608231e-05
"Betula pendula";"1";"35";20.51677759;27.47157431;6.95479672;4.8407819350052;11.7955786550052;0.57492355235914;0.197091658;0.170022284;-0.027069374;-0.137344087896404;0.004689835;0.004324042;-0.000365793;-0.0779969871008254;207.9359841;130.3735091;-77.562475;-0.37301131564943;338.3094932;194.502095627364;143.807397572636;170.828255226667;21.3535319033333;167.481237973333;0.57492355235914;0.42507644764086;0.0631183349345437;0.49505332052365;-0.999111999;-0.998906635;0.000205364000000041;-0.00020554652552025
"Betula pendula";"1b";"30";20.07348074;26.49815927;6.42467853;4.1902395840513;10.6149181140513;0.528803063680888;0.205665454;0.176935026;-0.028730428;-0.139694963063656;0.003880935;0.003335481;-0.000545454;-0.140547058891736;202.3318583;115.3361058;-86.9957525;-0.429965667448229;317.6679641;167.98379264935;149.68417145065;158.24936076;19.781170095;159.41860334;0.528803063680888;0.471196936319112;0.0622699558359401;0.501840353312479;-0.99913293;-0.998950494;0.000182436000000008;-0.000182594322058836
"Betula pendula";"1b";"35";11.1931296;16.63944761;5.44631801;3.79082795609035;9.23714596609035;0.825251408336266;0.089310752;0.039100577;-0.050210175;-0.562196307562162;0.002600217;0.001097261;-0.001502956;-0.578011758249408;137.9838367;47.06052944;-90.92330726;-0.658941724150507;185.04436614;152.708123761727;32.3362423782733;93.51456516;11.689320645;91.52980098;0.825251408336266;0.174748591663734;0.0631703676736429;0.494637058610857;-0.999182808;-0.999257129;-7.43209999999328e-05;7.43817841989259e-05
"Betula pendula";"2";"25";17.20816325;23.92167556;6.71351231;4.08440018671935;10.7979124967194;0.627487799821945;0.207559283;0.220740883;0.0131816;0.0635076389235744;0.002625467;0.002790877;0.00016541;0.0630021249552938;123.5885614;103.4655928;-20.1229686;-0.162822257756291;227.0541542;142.473711659391;84.5804425406093;105.4810008;13.1851251;121.5731534;0.627487799821945;0.372512200178055;0.0580703979914233;0.535436816068613;-0.99921451;-0.999007673;0.000206836999999904;-0.000206999596112655
"Betula pendula";"2";"35";11.58341662;19.83327929;8.24986267;5.74219316351345;13.9920558335135;1.2079385808635;0.14822699;0.147968511;-0.000258479000000006;-0.00174380522737462;0.004216056;0.004206187;-9.86900000000002e-06;-0.00234081330988014;92.28171914;85.00492573;-7.27679341000001;-0.0788541162628368;177.28664487;214.151378210319;-36.8647333403187;87.3019855933333;10.9127481991667;89.9846592766667;1.2079385808635;-0.207938580863497;0.0615542598099745;0.507565921520204;-0.999168821;-0.999089946;7.88750000000338e-05;-7.89406137804552e-05
"Betula pendula";"3";"30";12.29752468;17.39314761;5.09562293;3.3234162311753;8.4190391611753;0.684612503755943;0.14117519;0.157133406;0.015958216;0.113038388685717;0.002426963;0.00268173;0.000254767;0.104973582209535;100.2440213;69.7060084;-30.5380129;-0.304636750441295;169.9500297;116.349915346314;53.6001143536862;80.5066206533333;10.0633275816667;89.4434090466667;0.684612503755943;0.315387496244057;0.0592134499736817;0.526292400210546;-0.999116732;-0.999019555;9.71770000000038e-05;-9.72629092153006e-05
"Betula pendula";"3a";"25";15.19964411;16.11925782;0.919613710000002;0.559479186958351;1.47909289695835;0.0973110216432793;0.230912795;0.225166914;-0.00574588100000001;-0.0248833374521321;0.002890727;0.002820919;-6.98080000000002e-05;-0.0241489424632628;84.08462626;71.83886756;-12.2457587;-0.145636119760283;155.92349382;15.1730744818137;140.750419338186;63.4166115866666;7.92707644833333;92.5068822333333;0.0973110216432793;0.902688978356721;0.0508395255527332;0.593283795578134;-0.999305966;-0.999060324;0.00024564199999999;-0.000245812602303618
"Betula pendula";"3b";"35";12.09141349;17.0836679;4.99225441;3.47478379826435;8.46703820826434;0.700252142999399;0.199276025;0.153200461;-0.046075564;-0.231214788633003;0.005532129;0.00425919;-0.001272939;-0.230099298118319;109.986559;58.08311809;-51.90344091;-0.471907125578863;168.06967709;117.69115155549;50.3785255345105;79.8026820866667;9.97533526083333;88.2669950033333;0.700252142999399;0.299747857000601;0.0593523795222836;0.525180963821731;-0.999119074;-0.999163226;-4.4151999999964e-05;4.41909289382298e-05
"Betula pendula";"3c";"30";8.074479713;17.16281567;9.088335957;5.92750359451497;15.015839551515;1.85966651539657;0.11740323;0.153446509;0.036043279;0.307004151419003;0.002066109;0.002639019;0.00057291;0.277289339526617;42.54282121;60.72059819;18.17777698;0.427281888294874;103.2634194;192.035523323532;-88.7721039235321;47.3103336986667;5.91379171233333;55.9530857013333;1.85966651539657;-0.859666515396565;0.0572689898000156;0.541848081599875;-0.999296887;-0.999106119;0.000190767999999952;-0.000190902225836667
"Betula pendula";"3c";"35";11.97488078;18.76436592;6.78948514;4.7257192894199;11.5152044294199;0.96161328375412;0.182834679;0.18544481;0.00261013099999999;0.0142759076903566;0.005121222;0.005348542;0.00022732;0.0443878433701957;79.9000513;75.94046466;-3.95958664;-0.0495567471556805;155.84051596;149.858310294232;5.98220566576802;71.9606618933333;8.99508273666667;83.8798540666667;0.96161328375412;0.0383867162458798;0.0577197956594;0.5382416347248;-0.999200681;-0.999078201;0.000122480000000036;-0.000122577978907558
"Betula pendula";"4";"25";21.53496978;21.4209041;-0.11406568;-0.0693958487267997;-0.183461528726799;-0.00851923780720528;0.242328464;0.198235474;-0.04409299;-0.181955471809535;0.003125192;0.002586148;-0.000539044;-0.172483482614828;191.1167359;97.36311652;-93.75361938;-0.490556826112056;288.47985242;-2.45762846535346;290.937480885354;134.893315533333;16.8616644416667;153.586536886667;-0.00851923780720528;1.00851923780721;0.0584500591643317;0.532399526685347;-0.999273609;-0.998978434;0.000295174999999981;-0.000295389568323905
"Betula pendula";"4";"30";16.27244868;24.7043991;8.43195042;5.4994023834282;13.9313528034282;0.856131309883977;0.208617872;0.661106997;0.452489125;2.16898543093182;0.003625881;0.008696744;0.005070863;1.39851887031042;153.6647036;99.10908949;-54.55561411;-0.355030223804759;252.77379309;216.407558582483;36.3662345075169;125.12266558;15.6403331975;127.65112751;0.856131309883977;0.143868690116023;0.0618748209864116;0.505001432108707;-0.999085547;-0.99902161;6.39369999999584e-05;-6.39955208960283e-05
"Betula pendula";"4";"35";17.13041824;23.73136879;6.60095055;4.59449261606925;11.1954431660692;0.653541729642513;0.151651179;0.137735183;-0.013915996;-0.0917631903145309;0.003786372;0.003532429;-0.000253943;-0.0670676309670576;202.8536743;108.3673698;-94.4863045;-0.465785521637948;311.2210441;203.395939462263;107.825104637737;161.79958076;20.224947595;149.42146334;0.653541729642513;0.346458270357487;0.0649857970031789;0.480113623974568;-0.999193466;-0.998997297;0.000196169000000079;-0.000196327344678692
"Betula pendula";"4c";"30";11.83990266;15.97358035;4.13367769;2.6960259261949;6.8297036161949;0.576837818039536;0.143607712;0.129988975;-0.013618737;-0.0948329084165062;0.002478221;0.002272383;-0.000205838;-0.0830587748227458;97.2305542;46.43281263;-50.79774157;-0.522446282323052;143.66336683;82.8704630544307;60.7929037755693;64.2025041266667;8.02531301583333;79.4608627033333;0.576837818039536;0.423162181960464;0.0558619305179577;0.553104555856338;-0.999292176;-0.999337245;-4.50690000000087e-05;4.51009235160955e-05
"Betula pendula";"4c";"35";15.46996421;24.91297209;9.44300788;6.5726639897558;16.0156718697558;1.03527530202061;0.202074767;0.204564725;0.00248995800000001;0.012321963978808;0.005623142;0.005445138;-0.000178004;-0.0316556117558475;131.4383922;99.55117459;-31.88721761;-0.24260200597615;230.98956679;239.137793522127;-8.14822673212743;112.739806633333;14.0924758291667;118.249760156667;1.03527530202061;-0.0352753020206113;0.0610091443739474;0.511926845008421;-0.999174285;-0.999076417;9.7868000000001e-05;-9.79488778576812e-05
"Betula pendula";"6";"25";12.55647768;18.0812622;5.52478452;3.3611960302002;8.8859805502002;0.707680989578297;0.105641764;0.150544563;0.044902799;0.42504779643778;0.001422685;0.001995294;0.000572609;0.402484738364431;104.6909798;76.97771412;-27.71326568;-0.264714932775899;181.66869392;128.563481088702;53.1052128312976;87.6285221333333;10.9535652666667;94.0401717866667;0.707680989578297;0.292319010421703;0.0602941818445076;0.517646545243939;-0.999104026;-0.99902072;8.33060000000607e-05;-8.33807069455856e-05
"Betula pendula";"6";"30";13.49763365;18.14177174;4.64413809;3.0289533036789;7.6730913936789;0.568476785831189;0.115709896;0.137152229;0.021442333;0.185311142272567;0.002013783;0.00239893;0.000385147;0.191255462976895;145.9208689;78.8650131;-67.0558558;-0.459535749104904;224.785882;127.785555699589;97.000326300411;113.863564933333;14.2329456166667;110.922317066667;0.568476785831189;0.431523214168811;0.0633177915357988;0.49345766771361;-0.999149544;-0.999022973;0.00012657100000002;-0.000126678734690009
"Betula pendula";"7";"25";17.26105365;19.06875977;1.80770612;1.0997812878162;2.9074874078162;0.168442058449671;0.703727388;0.191646841;-0.512080547;-0.727668918010052;0.008986075;0.002524611;-0.006461464;-0.719052979192807;174.469869;88.35443441;-86.11543459;-0.493583419782358;262.82430341;44.2706666769812;218.553636733019;129.186725873333;16.1483407341667;133.637577536667;0.168442058449671;0.83155794155033;0.0614415810282796;0.508467351773763;-0.999097978;-0.998933351;0.000164626999999973;-0.000164775631244419
"Betula pendula";"7";"30";13.99778438;21.8312932;7.83350882;5.1090927874922;12.9426016074922;0.924617872095855;0.207983878;0.204945245;-0.00303863300000001;-0.0146099449112109;0.003994977;0.003889986;-0.000104991;-0.0262807520543924;101.0715093;89.53379663;-11.53771267;-0.114153956440423;190.60530593;176.237072379176;14.3682335508239;89.74277894;11.2178473675;100.86252699;0.924617872095855;0.0753821279041448;0.0588538042672315;0.529169565862148;-0.999203964;-0.999153021;5.094299999997e-05;-5.0983584768855e-05
"Betula pendula";"7";"35";16.44847315;23.76678089;7.31830774;5.0937983278109;12.4121060678109;0.754605363952027;0.20698331;0.194493612;-0.012489698;-0.0603415705353248;0.005567036;0.005342086;-0.00022495;-0.0404074987120615;152.2777365;98.70405628;-53.57368022;-0.351815580211228;250.98179278;189.392207086084;61.5895856939159;123.45860012;15.432325015;127.52319266;0.754605363952027;0.245394636047973;0.0614878268421938;0.50809738526245;-0.999087151;-0.999087284;-1.33000000013261e-07;1.33121519859544e-07
"Corylus avellana";"1";"25";11.70895651;14.5230801;2.81412359;1.71207058030215;4.52619417030215;0.386558286935011;0.2543567;0.231184181;-0.023172519;-0.0911024517930921;0.003192318;0.002924852;-0.000267466;-0.0837842595881739;60.89153905;46.6919863;-14.19955275;-0.233194183814935;107.58352535;41.5873032617254;65.9962220882746;40.4984662066667;5.06230827583333;67.0850591433333;0.386558286935011;0.613441713064989;0.0470546792305253;0.623562566155798;-0.999319089;-0.999002125;0.000316964000000031;-0.00031717997133149
"Corylus avellana";"1";"30";7.762559501;12.03806899;4.275509489;2.78853004382069;7.06403953282069;0.910014220426996;0.115413526;0.108386561;-0.007026965;-0.0608851080418425;0.001994781;0.001866866;-0.000127915;-0.0641248337536803;47.03058206;42.95053979;-4.08004227;-0.0867529613984964;89.98112185;81.8841004534743;8.09702139652569;39.2872558973333;4.91090698716667;50.6938659526667;0.910014220426996;0.0899857795730037;0.0545770811276751;0.563383350978599;-0.999081699;-0.999038879;4.2819999999999e-05;-4.28593577911179e-05
"Corylus avellana";"1";"35";4.808796951;8.364961175;3.556164224;2.47521476565184;6.03137898965184;1.25423864869104;0.067035708;0.071745982;0.004710274;0.0702651488367961;0.002082468;0.002140747;5.82790000000001e-05;0.0279855440755873;49.2638639;28.24722051;-21.01664339;-0.426613783942351;77.51108441;97.2173977689756;-19.7063133589756;38.8505977373333;4.85632471716667;38.6604866726667;1.25423864869104;-0.254238648691041;0.0626532934499899;0.498773652400081;-0.998864427;-0.998921401;-5.69740000000429e-05;5.70387716891263e-05
"Corylus avellana";"2";"25";9.318910152;10.00920842;0.690298267999999;0.41996711177718;1.11026537977718;0.119141118614487;0.185126216;0.187577333;0.002451117;0.0132402479398164;0.002409958;0.002446343;3.63850000000003e-05;0.0150977734881688;55.56823107;42.59313313;-12.97509794;-0.233498488077749;98.1613642;11.6950547355121;86.4663094644879;40.5904823946667;5.07381029933333;57.5708818053333;0.119141118614487;0.880858881385513;0.0516884656268187;0.58649227498545;-0.999193355;-0.998976543;0.0002168119999999;-0.000216987031503927
"Corylus avellana";"2";"30";6.161667065;8.901236392;2.739569327;1.78677451076267;4.52634383776267;0.734597275382433;0.073367781;0.068799811;-0.00456797;-0.0622612533422539;0.00137872;0.001311008;-6.77119999999999e-05;-0.0491122200301729;48.52840077;19.43626648;-29.09213429;-0.599486771218404;67.96466725;49.9266593841236;18.0380078658764;28.8786659933333;3.60983324916667;39.0860012566667;0.734597275382433;0.265402724617567;0.0531133807495639;0.575092954003489;-0.999027432;-0.999114716;-8.72840000000208e-05;8.73689722666402e-05
"Corylus avellana";"2";"35";8.033623606;13.10046004;5.066836434;3.52669549733919;8.59353193133919;1.06969561343663;0.119218113;0.12351801;0.004299897;0.0360674807862459;0.003580359;0.003869875;0.000289516;0.0808622822459983;56.17706008;48.83459519;-7.34246489;-0.130702191954222;105.01165527;112.330507002039;-7.31885173203889;48.5847738973333;6.07309673716667;56.4268813726667;1.06969561343663;-0.0696956134366331;0.0578325969774676;0.537339224180259;-0.999088664;-0.998984672;0.000103991999999997;-0.000104086858100911
"Corylus avellana";"3";"25";10.11032029;12.68472799;2.5744077;1.5662310285645;4.1406387285645;0.409545752240902;0.29503593;0.281603854;-0.013432076;-0.0455269159929098;0.003719445;0.003518047;-0.000201398;-0.0541473257434914;53.30210108;47.77551196;-5.52658912;-0.103684263997497;101.07761304;41.3959070671816;59.6817059728184;40.4242212533333;5.05302765666667;60.6533917866667;0.409545752240902;0.590454247759098;0.0499915609865758;0.600067512107394;-0.999321457;-0.999073278;0.00024817899999996;-0.000248347514467469
"Corylus avellana";"3";"35";6.43287638;11.56981335;5.13693697;3.57548792391395;8.71242489391395;1.35435913567392;0.112307663;0.137230673;0.02492301;0.221917270240055;0.003447937;0.004050001;0.000602064;0.174615719486754;57.08728281;38.66501758;-18.42226523;-0.322703487067578;95.75230039;129.68300279499;-33.9307024049896;46.6805299133333;5.83506623916667;49.0717704766667;1.35435913567392;-0.354359135673916;0.0609391755122372;0.512486595902103;-0.999015592;-0.999070465;-5.48729999999553e-05;5.49270706477175e-05
"Corylus avellana";"4";"25";6.041303982;11.46141976;5.420115778;3.29751713759853;8.71763291559853;1.4430051759641;0.115566106;0.17303524;0.057469134;0.497283641278006;0.001530484;0.002250233;0.000719749;0.470275416142867;30.47376854;34.17224436;3.69847582;0.121365882763905;64.6460129;93.284531220142;-28.638518320142;26.9871979813333;3.37339974766667;37.6588149186667;1.4430051759641;-0.4430051759641;0.052182641996575;0.5825388640274;-0.999208194;-0.999016781;0.000191413000000029;-0.000191564682064676
"Corylus avellana";"4";"30";4.91754935;6.167075423;1.249526073;0.81495340007133;2.06447947307133;0.419818760552211;0.08207991;0.056199558;-0.025880352;-0.315306778479655;0.001431822;0.000976226;-0.000455596;-0.318193183230876;29.69871841;17.94920941;-11.749509;-0.395623435253818;47.64792782;20.0034940002736;27.6444338197264;18.65182028;2.331477535;28.99610754;0.419818760552211;0.580181239447789;0.0489313521420626;0.608549182863499;-0.999083572;-0.999094864;-1.12920000000516e-05;1.1302357797203e-05
"Corylus avellana";"4";"35";5.43129078;8.267178546;2.835887766;1.97387714120781;4.80976490720781;0.885565715781435;0.078242895;0.069718946;-0.008523949;-0.108942147398815;0.002577525;0.002204385;-0.00037314;-0.144766782087468;44.74286032;29.54367604;-15.19918428;-0.339700773962499;74.28653636;65.785609744567;8.50092661543299;35.0409154933333;4.38011443666667;39.2456208666667;0.885565715781435;0.114434284218565;0.0589624264542392;0.528300588366086;-0.99913158;-0.999064744;6.68360000000146e-05;-6.68940921675347e-05
"Corylus avellana";"5";"25";11.17966464;12.13309572;0.95343108;0.5800531676058;1.5334842476058;0.137167285154432;0.25557746;0.29897893;0.04340147;0.169817283574224;0.003289791;0.003766426;0.000476635;0.144883064000114;60.16048631;43.68253801;-16.4779483;-0.27389985205723;103.84302432;14.2438657282;89.5991585918;39.41624384;4.92703048;64.42678048;0.137167285154432;0.862832714845568;0.0474469085647678;0.620424731481858;-0.999232449;-0.998989931;0.000242517999999969;-0.000242704287918866
"Corylus avellana";"5";"30";8.873839489;15.35082823;6.476988741;4.22435682676761;10.7013455677676;1.20594310738131;0.192710744;0.159719153;-0.032991591;-0.171197465772848;0.003145993;0.002776194;-0.000369799;-0.117546033954939;47.14009801;48.43916856;1.29907055;0.0275576548382318;95.57926657;115.263157728652;-19.6838911586521;40.055939076;5.0069923845;55.523327494;1.20594310738131;-0.205943107381307;0.0523857585874338;0.58091393130053;-0.999204333;-0.999055137;0.000149195999999963;-0.000149314804862803
"Corylus avellana";"5";"35";6.180837068;9.978031627;3.797194559;2.64298031487357;6.44017487387357;1.04195836308584;0.109004435;0.11118576;0.002181325;0.0200113417403613;0.002999378;0.003042613;4.3235e-05;0.0144146553051999;47.8708383;32.80114414;-15.06969416;-0.314799044578252;80.67198244;84.0568467700721;-3.38486433007206;37.2990894453333;4.66238618066667;43.3728929946667;1.04195836308584;-0.0419583630858404;0.0577943672592195;0.537645061926244;-0.99910345;-0.999139773;-3.63230000000048e-05;3.63555946083509e-05
"Corylus avellana";"6";"25";4.865942927;6.25360645;1.387663523;0.844233672440355;2.23189719544036;0.458677224316806;0.119643376;0.143269549;0.023626173;0.19747163436779;0.001595073;0.001879452;0.000284379;0.178285884094333;15.77870766;17.76569681;1.98698915;0.12592851029474;33.54440447;15.3860543336599;18.1583501363401;9.387088508;1.1733860635;24.157315962;0.458677224316806;0.541322775683194;0.0349800833265471;0.720159333387623;-0.99935698;-0.999053313;0.000303666999999952;-0.000303862389593708
"Corylus avellana";"6";"30";5.86356877;8.668994545;2.805425775;1.82972674471275;4.63515251971275;0.790500239960987;0.148600189;0.131271178;-0.017329011;-0.11661499972924;0.00274043;0.002489038;-0.000251392;-0.0917345088179592;21.6259947;24.46755732;2.84156262;0.13139569575498;46.09355202;36.4369639324643;9.65658808753575;15.0928512933333;1.88660641166667;31.0007007266667;0.790500239960987;0.209499760039013;0.0409299420198311;0.672560463841351;-0.999298643;-0.999167919;0.000130724000000026;-0.000130815748540976
"Corylus avellana";"6";"35";4.008487842;6.626132915;2.617645073;1.82197258838556;4.43961766138556;1.1075542290208;0.103228854;0.108505211;0.00527635700000001;0.0511131994161246;0.003604631;0.003479851;-0.00012478;-0.0346165807262935;28.84941556;10.71135091;-18.13806465;-0.628715150651045;39.56076647;43.8156942071527;-4.25492773715271;15.6845434013333;1.96056792516667;23.8762230686667;1.1075542290208;-0.107554229020799;0.0495583908024992;0.603532873580006;-0.999264217;-0.999331493;-6.7276000000005e-05;6.73255369855849e-05
"Corylus avellana";"7";"25";4.546156294;6.907196001;2.361039707;1.43642114214319;3.79746084914319;0.835312427369703;0.104096292;0.185358997;0.081262705;0.780649372217792;0.001405371;0.0024077;0.001002329;0.713213094620566;14.06328389;24.30494512;10.24166123;0.728255314342517;38.36822901;32.0494585082198;6.31877050178024;13.4557358893333;1.68196698616667;24.9124931206667;0.835312427369703;0.164687572630297;0.0438374934044595;0.649300052764324;-0.999306162;-0.998988475;0.000317687000000011;-0.000317907576356975
"Scandosorbus intermedia";"6";"30";10.64853411;16.35098644;5.70245233;3.7191964341493;9.4216487641493;0.884783639402673;0.170973452;0.157026603;-0.013946849;-0.0815731848240393;0.00286755;0.002678639;-0.000188911;-0.0658788861571725;76.29815567;70.98484529;-5.31331038;-0.0696387787272447;147.28300096;130.313589611536;16.9694113484639;69.7925763466666;8.72407204333333;77.4904246133333;0.884783639402673;0.115216360597327;0.0592333941219915;0.526132847024068;-0.999127614;-0.999033766;9.38480000000075e-05;-9.39299431674075e-05
"Scandosorbus intermedia";"6a";"30";7.451540319;9.801529475;2.349989156;1.53268642743476;3.88267558343476;0.52105677715179;0.084942819;0.084789567;-0.000153252000000006;-0.00180417840853629;0.001489454;0.001484327;-5.12700000000017e-06;-0.00344220096760301;80.07550283;46.43371427;-33.64178856;-0.42012584836865;126.5092171;65.9184849421221;60.5907321578779;64.4687038826667;8.05858798533333;62.0405132173333;0.52105677715179;0.47894322284821;0.0636996115386863;0.490403107690509;-0.999269826;-0.999260648;9.17799999999858e-06;-9.18470643383419e-06
"Scandosorbus intermedia";"6b";"30";9.097805106;14.87299212;5.775187014;3.76663472240094;9.54182173640094;1.04880480788802;0.166844708;0.128441232;-0.038403476;-0.230174972046461;0.002829513;0.002271602;-0.000557911;-0.197175627042533;59.08720408;58.31611884;-0.771085239999998;-0.0130499530652356;117.40332292;123.133169540525;-5.72984662052532;54.0080683306667;6.75100854133333;63.3952545893333;1.04880480788802;-0.0488048078880161;0.0575027041264714;0.539978366988229;-0.999280896;-0.999190051;9.08450000000061e-05;-9.09103740136007e-05
"Scandosorbus intermedia";"6c";"30";6.967468608;8.794519205;1.827050597;1.19162066986937;3.01867126686937;0.43325222354118;0.105991958;0.111919697;0.005927739;0.0559263090507301;0.001915823;0.002043018;0.000127195;0.0663918326484232;49.6909867;29.2499506;-20.4410361;-0.41136305510311;78.9409373;34.2013366136499;44.7396006863501;34.0473752453333;4.25592190566667;44.8935620546667;0.43325222354118;0.56674777645882;0.0539127359166366;0.568698112666907;-0.999340398;-0.999343067;-2.66900000001069e-06;2.67076163972978e-06
"Scandosorbus intermedia";"6c";"35";9.243788481;12.99069463;3.746906149;2.60797782141922;6.35488397041922;0.687476134215021;0.127450997;0.097167992;-0.030283005;-0.237605085192076;0.003447346;0.002709763;-0.000737583;-0.213956765581407;77.25233699;53.20219236;-24.05014463;-0.311319314949827;130.45452935;89.6843755283779;40.7701538216221;62.3195836173333;7.78994795216667;68.1349457326667;0.687476134215021;0.31252386578498;0.0597138941129963;0.52228884709603;-0.999026198;-0.999058666;-3.24680000000077e-05;3.2499648222446e-05
"Scandosorbus intermedia";"6d";"30";12.05675448;20.22086021;8.16410573;5.3247113981633;13.4888171281633;1.11877679441336;0.233442768;0.235512369;0.002069601;0.00886556057285957;0.003807043;0.003820818;1.37750000000002e-05;0.00361829377813704;68.50981982;79.13027065;10.62045083;0.155020854789923;147.64009047;165.176307142925;-17.5362166729249;66.2753817;8.2844227125;81.36470877;1.11877679441336;-0.118776794413359;0.0561122841778762;0.55110172657699;-0.99930323;-0.999222262;8.09680000000146e-05;-8.10244554098105e-05
"Scandosorbus intermedia";"6d";"35";13.79706124;22.03395621;8.23689497;5.73316719044395;13.9700621604439;1.01253896880173;0.222168057;0.202385364;-0.019782693;-0.0890438223529136;0.00603379;0.005557487;-0.000476303;-0.0789392736571873;106.1342283;88.56926381;-17.56496449;-0.165497641725445;194.70349211;197.144873123156;-2.44138101315559;93.0101647666667;11.6262705958333;101.693327343333;1.01253896880173;-0.0125389688017322;0.0597126968285958;0.522298425371233;-0.999141441;-0.999069013;7.24280000000688e-05;-7.24902371455822e-05
"Scandosorbus intermedia";"6e";"35";7.277198738;10.23253768;2.955338942;2.05701934049497;5.01235828249497;0.68877578625433;0.088728485;0.07501455;-0.013713935;-0.154560680259558;0.002532099;0.002191841;-0.000340258;-0.134377842256563;70.35506696;42.65477842;-27.70028854;-0.393721301633454;113.00984538;77.8384451060898;35.1714002739102;55.9340336186667;6.99175420233333;57.0758117613333;0.68877578625433;0.31122421374567;0.0618685405578893;0.505051675536885;-0.999233129;-0.999243109;-9.97999999996502e-06;9.98765924619881e-06
"Scandosorbus intermedia";"6f";"35";6.867866678;9.763101508;2.89523483;2.01518477489905;4.91041960489905;0.714984701236078;0.081141014;0.074988292;-0.006152722;-0.0758275217019102;0.002364224;0.002065915;-0.000298309;-0.126176284480658;62.24550879;48.28743056;-13.95807823;-0.224242334930395;110.53293935;79.0293606179053;31.5035787320947;55.374315092;6.9217893865;55.158624258;0.714984701236078;0.285015298763922;0.0626219607223356;0.499024314221315;-0.999190896;-0.99914194;4.89559999999889e-05;-4.89956425703752e-05
"Scandosorbus intermedia";"6g";"35";12.81417979;20.21982313;7.40564334;5.1545869621569;12.5602303021569;0.980182150398633;0.197189321;0.196188251;-0.00100106999999999;-0.00507669479728059;0.005027805;0.005298843;0.000271038;0.0539078186206506;108.3007572;80.74863291;-27.55212429;-0.254403801065945;189.04939011;185.30283772957;3.74655238043019;91.8617806333333;11.4827225791667;97.1876094766667;0.980182150398633;0.0198178496013673;0.0607392733321453;0.514085813342837;-0.999196753;-0.999201134;-4.38099999999775e-06;4.38452185402343e-06
"Tilia cordata";"1";"25";8.44874745;9.09388351;0.645136059999999;0.392491101863099;1.0376271618631;0.122814318690885;0.071682187;0.078481976;0.006799789;0.0948602335472828;0.000947652;0.001055341;0.000107689;0.113637706668693;54.63390518;38.96781233;-15.66609285;-0.286746715219891;93.60171751;11.4956311642873;82.1060863457127;39.8711518066667;4.98389397583333;53.7305657033333;0.122814318690885;0.877185681309115;0.0532457534799068;0.574033972160746;-0.999196015;-0.999114758;8.12569999999457e-05;-8.13223819752181e-05
"Tilia cordata";"10";"25";4.49278627;7.718366837;3.225580567;1.96239483325429;5.18797540025429;1.15473452073524;0.054509622;0.054036547;-0.000473075000000003;-0.00867874299330132;0.000734815;0.00071025;-2.45649999999999e-05;-0.0334301831073126;24.59692079;26.64973199;2.0528112;0.0834580562959971;51.24665278;59.1762790371983;-7.9296262571983;22.1836718;2.772958975;29.06298098;1.15473452073524;-0.154734520735235;0.0541100505998745;0.567119595201004;-0.999267243;-0.999299033;-3.1789999999976e-05;3.1813311426617e-05
"Tilia cordata";"11";"25";11.65369744;15.34772346;3.69402602;2.2473900201777;5.9414160401777;0.509830984609611;0.179027463;0.174063743;-0.00496372;-0.0277260254757674;0.002241911;0.002181112;-6.07990000000003e-05;-0.0271192745831571;68.62065582;56.36657233;-12.25408349;-0.17857718413744;124.98722815;63.7223615913405;61.2648665586595;52.24829226;6.5310365325;72.73893589;0.509830984609611;0.490169015390389;0.0522536312643237;0.58197094988541;-0.999224989;-0.999096395;0.000128593999999982;-0.000128693739063387
"Tilia cordata";"12";"25";7.567063234;12.70038674;5.133323506;3.12303702119781;8.25636052719781;1.09109178447204;0.085862105;0.116596383;0.030734278;0.357949272266269;0.001137092;0.001543384;0.000406292;0.35730793990284;43.16766809;49.26569469;6.0980266;0.141263748305474;92.43336278;100.853282740381;-8.41991996038146;41.4434065626667;5.18042582033333;50.9899562173333;1.09109178447204;-0.091091784472038;0.0560449783987977;0.551640172809618;-0.999332943;-0.999073452;0.000259491000000001;-0.000259664210829484
"Tilia cordata";"13";"25";8.847325561;13.30850029;4.461174729;2.71411178750266;7.17528651650266;0.811011922985193;0.10796229;0.130607054;0.022644764;0.209746977393681;0.00140864;0.001697392;0.000288752;0.204986369831895;57.9849187;52.6801411;-5.3047776;-0.0914854710316254;110.6650598;89.7506829556694;20.9143768443306;50.1838383706667;6.27297979633333;60.4812214293333;0.811011922985193;0.188988077014807;0.0566843754268078;0.546524996585538;-0.999142066;-0.998994248;0.000147817999999966;-0.000147944926982952
"Tilia cordata";"13";"30";10.09475559;14.08393627;3.98918068;2.6017835313028;6.5909642113028;0.652909736401335;0.13953473;0.123428504;-0.016106226;-0.115428080163268;0.003212477;0.002733493;-0.000478984;-0.149101145315593;47.82629415;51.30993762;3.48364347;0.0728395024518118;99.13623177;64.7270109527723;34.4092208172277;39.17147294;4.8964341175;59.96475883;0.652909736401335;0.347090263598665;0.0493909646360164;0.604872282911868;-0.999348726;-0.999174544;0.000174181999999967;-0.000174295514136641
"Tilia cordata";"13";"35";9.58435471;14.57739551;4.9930408;3.475331153228;8.468371953228;0.883562035156355;0.151269715;0.157637597;0.00636788199999999;0.0420962120540783;0.004846464;0.00500965;0.000163186;0.033671146633917;75.51270229;56.46320541;-19.04949688;-0.252268774686967;131.9759077;116.608901599019;15.3670061009807;62.42565924;7.803207405;69.55024846;0.883562035156355;0.116437964843645;0.0591259991387049;0.526992006890361;-0.999144615;-0.999140202;4.4129999999809e-06;-4.4167780456695e-06
"Tilia cordata";"14";"25";8.663941791;13.5296494;4.865707609;2.96022352370147;7.82593113270147;0.90327605165018;0.084763709;0.109260878;0.024497169;0.289005392626224;0.001113708;0.001427931;0.000314223;0.282141279401782;66.46454539;62.58643483;-3.87811056;-0.0583485606836556;129.05098022;116.568659874707;12.4823203452929;62.9301420373333;7.86626775466667;66.1208381826667;0.90327605165018;0.0967239483498202;0.0609547307680781;0.512362153855376;-0.999188687;-0.999080043;0.000108643999999991;-0.000108732215860237
"Tilia cordata";"15";"25";9.190578496;13.93437006;4.743791564;2.88605163066414;7.62984319466414;0.83018095084927;0.115335123;0.118242287;0.002907164;0.0252062331437406;0.001511673;0.001552661;4.0988e-05;0.0271143296202287;56.44151559;52.19721649;-4.2442991;-0.0751981773634722;108.63873208;90.1898058972335;18.4489261827665;47.917612064;5.989701508;60.721120016;0.83018095084927;0.16981904915073;0.0551341256780249;0.5589269945758;-0.999298692;-0.999166959;0.000131733000000023;-0.000131825450242882
"Tilia cordata";"17";"25";10.48080031;14.47223229;3.99143198;2.4283273451523;6.4197593251523;0.612525678886091;0.127468854;0.135072163;0.007603309;0.059648367121901;0.001699378;0.001800634;0.000101256;0.0595841537315417;72.24649797;50.32095959;-21.92553838;-0.303482369333728;122.56745756;75.0757151512811;47.4917424087188;53.7628375466667;6.72035469333333;68.8046200133333;0.612525678886091;0.387474321113909;0.0548298449451278;0.561361240438977;-0.999144884;-0.999041185;0.000103698999999957;-0.00010378775056607
"Tilia cordata";"17";"30";9.732323237;13.39026945;3.657946213;2.38574909958073;6.04369531258073;0.620992045311856;0.099628687;0.089653895;-0.009974792;-0.100119677377661;0.001776703;0.001522525;-0.000254178;-0.143061614687429;70.89170452;49.65210199;-21.23960253;-0.299606317464237;120.54380651;74.8567449543215;45.6870615556785;54.409675708;6.8012094635;66.134130802;0.620992045311856;0.379007954688144;0.0564210610267711;0.548631511785831;-0.999090402;-0.999095147;-4.7450000000282e-06;4.74931997197607e-06
"Tilia cordata";"17";"35";9.1981553;12.98181944;3.78366414;2.6335626696849;6.4172268096849;0.697664542550711;0.116358084;0.102282015;-0.014076069;-0.120971990222871;0.003607268;0.003094922;-0.000512346;-0.142031587339782;80.7212665;57.64612143;-23.07514507;-0.285862029555743;138.36738793;96.5340204041203;41.8333675258797;67.7165111533333;8.46456389416667;70.6508767766667;0.697664542550711;0.302335457449289;0.0611745586933309;0.510603530453353;-0.999174434;-0.99904489;0.000129543999999981;-0.000129651035486744
"Tilia cordata";"18";"25";8.792779354;9.574101469;0.781322115;0.475344654934275;1.25666676993428;0.142920312149377;0.144271045;0.094769184;-0.049501861;-0.343117089087419;0.001967485;0.001292632;-0.000674853;-0.343002869145127;54.16073722;37.34678789;-16.81394933;-0.310445355677158;91.50752511;13.0782840527381;78.4292410572619;37.5576051293333;4.69470064116667;53.9499199806667;0.142920312149377;0.857079687850623;0.0513039844048151;0.589568124761479;-0.99935687;-0.999193778;0.000163091999999976;-0.00016319695685884
"Tilia cordata";"2";"25";6.715149976;10.5259284;3.810778424;2.31842043148524;6.12919885548524;0.912741916024369;0.03661251;0.095884084;0.059271574;1.61888857114686;0.000482374;0.001259873;0.000777499;1.61181780112527;47.84624352;40.10001318;-7.74623034;-0.161898401423343;87.9462567;80.272234847529;7.67402185247096;40.7237711973333;5.09047139966667;47.2224855026667;0.912741916024369;0.0872580839756305;0.0578816153259502;0.536947077392399;-0.999232595;-0.999081818;0.000150776999999991;-0.000150892795886018
"Tilia cordata";"20";"30";12.2993424;18.63748037;6.33813797;4.1337969654137;10.4719349354137;0.851422343963178;0.195928761;0.195383863;-0.000544898000000016;-0.00278110266822958;0.004164443;0.004362759;0.000198316;0.0476212545111074;78.94309467;61.85932361;-17.08377106;-0.216406148396057;140.80241828;119.882325007641;20.9200932723586;61.0700324533333;7.63375405666666;79.7323858266667;0.851422343963178;0.148577656036822;0.0542160720669312;0.566271423464551;-0.999029946;-0.999051001;-2.10550000000476e-05;2.10754443191111e-05
"Tilia cordata";"20";"35";13.47047107;18.16183013;4.69135906;3.2653501033271;7.9567091633271;0.590677870282312;0.190899616;0.167058714;-0.023840902;-0.124887113445006;0.006036247;0.005222488;-0.000813759;-0.134812077769515;94.57770509;72.07724545;-22.50045964;-0.237904478847193;166.65495054;98.4393912569712;68.2155592830288;75.1820441733333;9.39775552166667;91.4729063666667;0.590677870282312;0.409322129717688;0.0563904971992479;0.548876022406017;-0.999206999;-0.998924358;0.000282640999999972;-0.000282865312475631
"Tilia cordata";"21";"30";12.86286461;16.91685247;4.05398786;2.6440514221706;6.6980392821706;0.520726874242564;0.143290961;0.127617847;-0.015673114;-0.109379641888228;0.002683364;0.002469363;-0.000214001;-0.0797510140256783;118.1225526;79.57626458;-38.54628802;-0.326324543210049;197.69881718;102.947087111593;94.7517300684065;97.49823916;12.187279895;100.20057802;0.520726874242564;0.479273125757436;0.0616456894828246;0.506834484137403;-0.999173564;-0.999095579;7.79850000000026e-05;-7.8049502918997e-05
"Tilia cordata";"21";"35";7.411406265;11.72809672;4.316690455;3.00456764084592;7.32125809584592;0.98783656354398;0.116287583;0.116876532;0.000588949000000005;0.00506459060207662;0.003996376;0.003836145;-0.000160231;-0.0400940752321604;80.91498337;40.02885974;-40.88612363;-0.505297312403069;120.94384311;119.472750359585;1.47109275041532;60.8654787;7.6081848375;60.07836441;0.98783656354398;0.0121634364560199;0.0629067560767046;0.496745951386363;-0.999174126;-0.999240438;-6.63119999999573e-05;6.6366810623314e-05
"Tilia cordata";"3";"25";8.947455531;11.72933204;2.781876509;1.69245193992796;4.47432844892796;0.500067134553045;0.082504035;0.121268654;0.038764619;0.469851189702419;0.00111217;0.00158471;0.00047254;0.424881088322828;45.54020032;49.78865551;4.24845519;0.0932902174374977;95.32885583;47.6708277751285;47.6580280548715;39.6926891373333;4.96158614216667;55.6361666926667;0.500067134553045;0.499932865446955;0.0520470543674065;0.583623565060748;-0.999309761;-0.999000574;0.000309187000000044;-0.000309400560333408
"Tilia cordata";"4";"25";8.582764926;10.80446418;2.221699254;1.35164850064479;3.57334775464479;0.416339930716261;0.095262061;0.097235096;0.001973035;0.0207116556086268;0.001257804;0.001280664;2.286e-05;0.0181745327570909;52.38910826;42.13497779;-10.25413047;-0.195730196801788;94.52408605;39.3541514370748;55.1699346129251;40.1286842306667;5.01608552883333;54.3954018193333;0.416339930716261;0.583660069283739;0.0530667445563028;0.575466043549578;-0.999240024;-0.99911179;0.000128233999999949;-0.000128331528881943
"Tilia cordata";"4";"30";9.69364495;13.28421461;3.59056966;2.3418054379486;5.9323750979486;0.611986010272493;0.096016205;0.092745498;-0.003270707;-0.0340641144898405;0.001974621;0.001894721;-7.99000000000002e-05;-0.0404634610894952;65.69774845;42.47268872;-23.22505973;-0.353513785144033;108.17043717;66.1987942730997;41.9716428969003;46.2639049133333;5.78298811416667;61.9065322566667;0.611986010272493;0.388013989727507;0.0534618169757247;0.572305464194202;-0.999268074;-0.999292819;-2.47450000000482e-05;2.47631247749122e-05
"Tilia cordata";"4";"35";11.4333886;16.58199904;5.14861044;3.5836130676054;8.7322235076054;0.763747635377791;0.184672463;0.167093602;-0.017578861;-0.0951894002734994;0.005825437;0.005292456;-0.000532981;-0.0914920202553045;94.56904806;66.73487525;-27.83417281;-0.294326456499175;161.30392331;123.195490005173;38.1084333048269;77.0469126066667;9.63086407583333;84.2570107033333;0.763747635377791;0.236252364622209;0.0597063225630561;0.522349419495551;-0.99916707;-0.999104253;6.28169999999928e-05;-6.28693657808326e-05
"Tilia cordata";"5";"25";9.029613835;12.34680096;3.317187125;2.01812688904312;5.33531401404313;0.590868459220563;0.106446682;0.076809482;-0.0296372;-0.278422957326185;0.001396831;0.001029462;-0.000367369;-0.263001751822518;76.66547071;49.95817191;-26.7072988;-0.348361505546934;126.62364262;74.8179166157746;51.8057260042254;60.33679152;7.54209894;66.2868511;0.590868459220563;0.409131540779437;0.059563117787047;0.523495057703624;-0.999170155;-0.998993092;0.000177062999999977;-0.000177210056879629
"Tilia cordata";"6";"25";8.500352059;11.58891081;3.088558751;1.87903281572713;4.96759156672713;0.584398332239374;0.073129325;0.076551983;0.00342265800000001;0.0468028113209032;0.000975541;0.001028768;5.3227e-05;0.0545615202231377;53.6634095;53.9597824;0.296372900000001;0.00552281159101532;107.6231919;62.8948138566381;44.7283780433619;49.0811891093333;6.13514863866667;58.5420027906667;0.584398332239374;0.415601667760626;0.0570058230977506;0.543953415217995;-0.999321519;-0.998953171;0.000368347999999963;-0.000368598086798492
"Tilia cordata";"7";"25";6.270796761;10.10306318;3.832266419;2.33149340532331;6.16375982432331;0.982930887292923;0.052960171;0.065627454;0.012667283;0.239185084957524;0.000713229;0.000868009;0.00015478;0.217013049104846;43.89674549;37.95171356;-5.94503193;-0.135432179849286;81.84845905;80.4513784775749;1.39708057242507;37.8435146706667;4.73043933383333;44.0049443793333;0.982930887292922;0.0170691127070775;0.0577950933803601;0.537639252957119;-0.999359659;-0.999221211;0.000138447999999958;-0.000138536710735847
"Tilia cordata";"8";"25";7.391755397;7.783123935;0.391368538;0.23810274799113;0.62947128599113;0.0851585654804819;0.067890549;0.025345119;-0.04254543;-0.626676770576712;0.000910493;0.000339223;-0.00057127;-0.627429315766294;62.14687756;31.17600864;-30.97086892;-0.498349557306383;93.3228862;7.94724311529026;85.3756430847097;42.5039097413333;5.31298871766667;50.8189764586667;0.0851585654804819;0.914841434519518;0.0569312516361787;0.544549986910571;-0.99918677;-0.998978736;0.000208034000000024;-0.000208203317183657
"Tilia cordata";"8";"30";5.386188256;8.599220589;3.213032333;2.09557181790593;5.30860415090593;0.985595730894173;0.063920305;0.050391834;-0.013528471;-0.211645908135138;0.001208118;0.000962267;-0.000245851;-0.203499161505747;44.88575327;32.79152545;-12.09422782;-0.269444688769061;77.67727872;76.5583942939088;1.11888442609121;37.4216837973333;4.67771047466667;40.2555949226667;0.985595730894173;0.0144042691058271;0.0602198036768025;0.51824157058558;-0.999145864;-0.999074406;7.14580000000797e-05;-7.15190870269966e-05
"Tilia cordata";"8";"35";5.851328396;9.772141368;3.920812972;2.72902305696602;6.64983602896602;1.13646604308039;0.073517151;0.091421895;0.017904744;0.243545128673444;0.00232306;0.002576771;0.000253711;0.109214139970556;72.85370384;38.6114019;-34.24230194;-0.470014565288298;111.46510574;126.676307661875;-15.2112019218745;58.706528104;7.338316013;52.758577636;1.13646604308039;-0.136466043080385;0.0658350966814415;0.473319226548468;-0.998983691;-0.999034087;-5.03960000000081e-05;5.04472700145493e-05
"Tilia cordata";"9";"25";6.520946362;9.878467527;3.357521165;2.04266551396852;5.40018667896852;0.828129289705163;0.064601028;0.082992122;0.018391094;0.284687327266681;0.00084694;0.001068391;0.000221451;0.261471887028597;48.30753981;38.93184495;-9.37569486;-0.194083468064734;87.23938476;72.2454897356142;14.9938950243858;40.7703995413333;5.09629994266667;46.4689852186667;0.828129289705163;0.171870710294837;0.0584174218638388;0.53266062508929;-0.999387666;-0.999293819;9.38469999999247e-05;-9.39045009185902e-05
"Betula pubescens";"1";"25";13.56321493;18.78184082;5.21862589;3.17493371208765;8.39355960208765;0.618847348907097;0.131524748;0.118428409;-0.013096339;-0.0995731921113432;0.001754218;0.001577357;-0.000176861;-0.100820422547255;91.21270169;72.46972394;-18.74297775;-0.205486488205347;163.68242563;101.294435163809;62.3879904661915;72.95304394;9.1191304925;90.72938169;0.618847348907097;0.381152651092903;0.0557123372127535;0.554301302297972;-0.999018782;-0.998946749;7.20330000000269e-05;-7.21037494969007e-05
"Betula pubescens";"1";"30";11.329749;16.1396095;4.8098605;3.137039116705;7.946899616705;0.701418859032535;0.112922033;0.132016254;0.019094221;0.169092076123001;0.001914844;0.002203806;0.000288962;0.150906287927372;96.42197389;56.31258494;-40.10938895;-0.415977679483699;152.73455883;107.130899989376;45.6036588406239;71.61037522;8.9512969025;81.12418361;0.701418859032535;0.298581140967465;0.0586068861629618;0.531144910696306;-0.998996895;-0.998960464;3.64309999999479e-05;-3.64675808125989e-05
"Betula pubescens";"1";"35";13.5781691;17.35766972;3.77950062;2.6306647140417;6.4101653340417;0.472093497056367;0.140350141;0.120955138;-0.019395003;-0.138190121234007;0.003870262;0.0033674;-0.000502862;-0.129929705017386;134.9371024;73.80175358;-61.13534882;-0.453065522622338;208.73885598;98.5442564911435;110.194599488856;102.950786386667;12.8688482983333;105.788069593333;0.472093497056367;0.527906502943633;0.0616504686581512;0.50679625073479;-0.999009633;-0.998811896;0.000197737000000031;-0.000197933026337526
"Betula pubescens";"10";"25";14.60956692;21.14591135;6.53634443;3.97661390604555;10.5129583360455;0.719594112105655;0.146120981;0.120350623;-0.025770358;-0.176363160332191;0.002380599;0.001985697;-0.000394902;-0.165883460423196;111.7944885;84.34033447;-27.45415403;-0.245576990407716;196.13482297;141.137463788097;54.9973591819031;91.7977035266667;11.4747129408333;104.337119443333;0.719594112105655;0.280405887894345;0.0585042103542646;0.531966317165883;-0.99915089;-0.998925467;0.000225423000000058;-0.00022561457158894
"Betula pubescens";"10";"30";13.80975743;19.46538606;5.65562863;3.6886575487723;9.3442861787723;0.676643759033232;0.149662746;0.141103971;-0.00855877500000002;-0.0571870771367513;0.003174403;0.002978932;-0.000195471;-0.0615772477533571;116.5927346;68.85964749;-47.73308711;-0.409400184958009;185.45238209;125.485196939045;59.9671851509552;86.80890158;10.8511126975;98.64348051;0.676643759033232;0.323356240966768;0.0585115843496362;0.53190732520291;-0.9989889;-0.998954892;3.40079999999743e-05;-3.40424202911306e-05
"Betula pubescens";"10";"35";14.78266908;20.62325573;5.84058665;4.06525272893275;9.90583937893275;0.670098161930359;0.160945634;0.140252818;-0.020692816;-0.12857022266289;0.004466981;0.003857891;-0.00060909;-0.13635383718892;138.1710962;95.57944608;-42.59165012;-0.308252965282619;233.75054228;156.635808732053;77.1147335479473;116.413243973333;14.5516554966667;117.337298306667;0.670098161930359;0.329901838069641;0.0622529272220291;0.501976582223768;-0.999029673;-0.9988684;0.000161273000000017;-0.000161429639537861
"Betula pubescens";"2";"25";14.78396321;20.32322171;5.5392585;3.3700017825225;8.9092602825225;0.602630036071532;0.134705172;0.141235195;0.006530023;0.0484764089087834;0.002237659;0.002363098;0.000125439;0.0560581393322218;117.0176806;70.42717465;-46.59050595;-0.398149285741355;187.44485525;112.959899880731;74.4849553692694;85.53933494;10.6924168675;101.90552031;0.602630036071532;0.397369963928468;0.0570429999438462;0.543656000449231;-0.998984713;-0.998945888;3.88250000000756e-05;-3.88644585796335e-05
"Betula pubescens";"2";"30";12.59625042;18.42993866;5.83368824;3.8047898070104;9.6384780470104;0.765186283666342;0.133515953;0.119394847;-0.014121106;-0.105763436373779;0.002876269;0.002594305;-0.000281964;-0.0980311646789643;95.78141732;70.10444973;-25.67696759;-0.268078801801552;165.88586705;126.933590120758;38.9522769292416;77.0005769133333;9.62507211416667;88.8852901366667;0.765186283666342;0.234813716333658;0.0580222552127696;0.535821958297843;-0.999170385;-0.999076448;9.39370000000439e-05;-9.40149962511588e-05
"Betula pubescens";"2";"35";11.13728932;16.25146127;5.11417195;3.55964267321825;8.67381462321825;0.778808413250258;0.108695126;0.109504218;0.000809091999999997;0.0074436824333779;0.003187598;0.003097071;-9.0527e-05;-0.0283997542977502;130.692258;68.88360639;-61.80865161;-0.472932770126292;199.57586439;155.431362268625;44.1445021213754;103.351138073333;12.9188922591667;96.2247263166667;0.778808413250258;0.221191586749742;0.0647317364685005;0.482146108251996;-0.998958066;-0.998889645;6.84210000000407e-05;-6.8492364523378e-05
"Betula pubescens";"3";"25";6.69864798;9.836865452;3.138217472;1.90924443670272;5.04746190870272;0.753504576411958;0.048270861;0.044179365;-0.004091496;-0.0847611978580618;0.000818552;0.000753719;-6.48329999999999e-05;-0.0792044976983746;55.51160242;40.70587623;-14.80572619;-0.266714083985184;96.21747865;72.5003104935949;23.7171681564051;46.2819244866667;5.78524056083333;49.9355541633333;0.753504576411958;0.246495423588042;0.0601267113003208;0.518986309597433;-0.99910143;-0.998991769;0.000109660999999983;-0.000109759626707754
"Betula pubescens";"3";"30";4.409552979;6.089699194;1.680146215;1.09580816288515;2.77595437788515;0.629531925595479;0.05028481;0.069063769;0.018778959;0.373451923155323;0.001122925;0.001537247;0.000414322;0.368966760914576;61.37523936;25.50386791;-35.87137145;-0.584459984580987;86.87910727;54.6931716936993;32.1859355763007;46.1605969026667;5.77007461283333;40.7185103673333;0.629531925595479;0.370468074404521;0.0664149850769217;0.468680119384626;-0.998907021;-0.998963765;-5.67439999999975e-05;5.68060878611018e-05
"Betula pubescens";"3";"35";3.969371734;5.567962451;1.598590717;1.11267508970709;2.71126580670709;0.683046584799179;0.047011748;0.032523185;-0.014488563;-0.308190263420964;0.001368982;0.000948499;-0.000420483;-0.307150130534952;80.94623074;33.18910532;-47.75712542;-0.589985784185508;114.13533606;77.9597515006895;36.1755845593105;65.5052327493333;8.18815409366667;48.6301033106667;0.683046584799179;0.316953415200821;0.0717407454722192;0.426074036222246;-0.998887088;-0.99884518;4.19080000000349e-05;-4.19546918800846e-05
"Betula pubescens";"8";"25";9.648900505;13.47243;3.823529495;2.32617799181557;6.14970748681557;0.637348004949251;0.095606044;0.094713143;-0.000892901000000001;-0.00933937816734684;0.001584805;0.001570499;-1.4306e-05;-0.009026978082477;59.01314546;45.870062;-13.14308346;-0.222714504667584;104.88320746;66.8471030273094;38.0361044326906;44.19173696;5.52396712;60.6914705;0.637348004949251;0.362651995050749;0.0526677935751222;0.578657651399022;-0.999108343;-0.999080431;2.79119999999633e-05;-2.79369101414493e-05
"Betula pubescens";"8";"30";8.614063712;12.16927888;3.555215168;2.31874688472128;5.87396205272128;0.681903715726926;0.090678191;0.085929884;-0.00474830700000001;-0.0523643772293605;0.001988676;0.001863762;-0.000124914;-0.062812645197106;71.56157562;46.37676506;-25.18481056;-0.351932029749235;117.93834068;80.4225927363601;37.5157479436399;55.654723888;6.956840486;62.283616792;0.681903715726926;0.318096284273074;0.0589870982234341;0.528103214212527;-0.999084492;-0.999082852;1.64000000002495e-06;-1.6415028089786e-06
"Betula pubescens";"8";"35";9.73929632;14.0426131;4.30331678;2.9952590949673;7.2985758749673;0.749394579973854;0.103955353;0.098505804;-0.005449549;-0.0524220142853057;0.002912421;0.002818985;-9.34360000000001e-05;-0.0320819002472514;92.24177794;61.33770006;-30.90407788;-0.335033415120229;153.579478;115.091628408414;38.4878495915862;76.4148618133333;9.55185772666666;77.1646161866667;0.749394579973854;0.250605420026146;0.0621948833988527;0.502440932809178;-0.999063966;-0.998976432;8.75340000000557e-05;-8.76160115658257e-05
