sp,treeid,tleaf,anet.21p,anet.0p,anet.delta,pr.CO2,pr.real,pr.percent,gsw.21p,gsw.0p,gsw.delta,gsw.percent,E.21p,E.0p,E.delta,E.percent,ETR.21p,ETR.0p,ETR.delta,ETR.percent,JT,JO1,JC1,JO2,JC2,Rp.ETR,JO1.percent,JC1.percent,Rp.ETR.percent,JC2.percent,NPQ.21p,NPQ.0p,NPQ.delta,NPQ.percent,sla
Acer platanoides,1,25,4.548229394,6.830798378,2.282568984,1.388680731,3.671249715,0.80718218,0.030415138,0.045668858,0.01525372,0.501517369,0.000407591,0.000616977,0.000209386,0.513715955,41.76348469,18.8021544,-22.96133029,-0.549794407,60.56563909,48.88750457,11.67813452,28.24848101,3.531060126,32.31715808,0.80718218,0.19281782,0.058301376,0.533588988,-0.999235389,-0.999160598,7.48E-05,-7.48E-05,197
Acer platanoides,1,30,10.42569738,14.06804817,3.64235079,2.375577609,6.017928399,0.577220706,0.163419743,0.12324839,-0.040171353,-0.245817012,0.003624564,0.002790567,-0.000833997,-0.230095813,59.587367,47.07855936,-12.50880764,-0.209923819,106.6659264,61.56978128,45.09614508,43.30875789,5.413594737,63.35716847,0.577220706,0.422779294,0.050752803,0.593977577,-0.999182683,-0.999088316,9.44E-05,-9.44E-05,197
Acer platanoides,1,35,10.02979729,15.79742466,5.76762737,4.014470516,9.782097886,0.975303648,0.124532211,0.132293131,0.00776092,0.062320583,0.003515803,0.003830112,0.000314309,0.089398923,79.94928635,49.31898561,-30.63030074,-0.383121628,129.268272,126.0758172,3.192454736,59.43272187,7.429090233,69.83555009,0.975303648,0.024696352,0.05747033,0.540237361,-0.998823802,-0.998900124,-7.63E-05,7.64E-05,197
Acer platanoides,2,30,9.42240983,11.68267727,2.26026744,1.474169027,3.734436467,0.396335601,0.182659012,0.119748477,-0.062910535,-0.344415172,0.003872403,0.002645545,-0.001226858,-0.316820847,34.3184495,30.37773379,-3.94071571,-0.114827906,64.69618329,25.64140072,39.05478257,18.00436265,2.250545331,46.69182064,0.396335601,0.603664399,0.034786369,0.721709045,-0.999451667,-0.999255756,0.000195911,-0.000196018,197
Acer platanoides,2,35,4.348076438,9.221238328,4.87316189,3.391891236,8.265053126,1.900852766,0.073602448,0.091909783,0.018307335,0.248732692,0.002180884,0.002637027,0.000456143,0.209155095,40.5757486,17.51759257,-23.05815603,-0.568274322,58.09334117,110.4268883,-52.33354711,27.13402361,3.391752952,30.95931756,1.900852766,-0.900852766,0.058384539,0.532923687,-0.999272027,-0.999393073,-0.000121046,0.000121134,197
Acer platanoides,3,30,7.483388816,12.20624096,4.722852144,3.080291397,7.803143541,1.0427286,0.095568433,0.132108682,0.036540249,0.382346428,0.002127634,0.002968374,0.00084074,0.39515255,48.49470716,27.97166643,-20.52304073,-0.423201663,76.46637359,79.73367465,-3.267301065,31.02187888,3.877734861,45.44449471,1.0427286,-0.0427286,0.050711635,0.594306917,-0.999292835,-0.99935682,-6.40E-05,6.40E-05,197
Acer platanoides,4,25,7.641752092,9.385743149,1.743991057,1.061017999,2.805009056,0.367063603,0.060876178,0.098220784,0.037344606,0.613451883,0.000811307,0.001295769,0.000484462,0.597137705,43.84683566,30.56214726,-13.2846884,-0.30297941,74.40898292,27.31282937,47.09615355,29.22798303,3.653497879,45.18099989,0.367063603,0.632936397,0.049100226,0.607198192,-0.999305503,-0.999192549,0.000112954,-0.000113033,197
Acer platanoides,4,30,11.75780806,15.94409491,4.18628685,2.730338146,6.916624996,0.588258029,0.171886788,0.198171923,0.026285135,0.152921206,0.003720951,0.004337595,0.000616644,0.16572215,72.81464708,56.06034981,-16.75429727,-0.230095152,128.8749969,75.81175168,53.06324521,54.56250977,6.820313721,74.31248712,0.588258029,0.411741971,0.052921931,0.57662455,-0.99911522,-0.9991778,-6.26E-05,6.26E-05,197
Acer platanoides,4,35,14.23522548,19.64561599,5.41039051,3.765821159,9.176211669,0.644613019,0.221644356,0.186486955,-0.035157401,-0.158620782,0.006240397,0.005268359,-0.000972038,-0.15576541,100.7664443,67.24775985,-33.51868445,-0.332637364,168.0142042,108.3041433,59.71006083,74.04886815,9.256108519,93.965336,0.644613019,0.355386981,0.055091226,0.559270191,-0.999098893,-0.998976796,0.000122097,-0.000122207,197
Acer platanoides,5,25,11.12565617,13.02732127,1.9016651,1.156944522,3.058609622,0.274914987,0.167110706,0.153903667,-0.013207039,-0.079031675,0.002153281,0.002021408,-0.000131873,-0.06124282,43.16753823,46.20354464,3.03600641,0.070330775,89.37108287,24.56945009,64.80163278,29.91230546,3.739038183,59.45877741,0.274914987,0.725085013,0.041837226,0.665302193,-0.999295743,-0.998948506,0.000347237,-0.000347482,197
Acer platanoides,5,30,11.19484057,15.82135265,4.62651208,3.017457444,7.643969524,0.682811825,0.141080521,0.119938157,-0.021142364,-0.149860263,0.002801635,0.002413485,-0.00038815,-0.1385441,62.80696165,48.49585652,-14.31110513,-0.227858581,111.3028182,75.99888044,35.30393773,44.34897059,5.543621324,66.95384758,0.682811825,0.317188175,0.049806657,0.601546741,-0.999163519,-0.99903619,0.000127329,-0.000127436,197
Acer platanoides,5,35,8.559844326,14.3794754,5.819631074,4.050666915,9.870297989,1.153093165,0.096887189,0.108201971,0.011314782,0.116783056,0.002724352,0.003074059,0.000349707,0.128363369,57.02255479,38.88966392,-18.13289087,-0.317995062,95.91221871,110.5957239,-14.68350516,41.1152276,5.139403451,54.79699111,1.153093165,-0.153093165,0.05358445,0.571324403,-0.999157632,-0.99922467,-6.70E-05,6.71E-05,197
Acer platanoides,6,25,12.49737842,15.63803653,3.14065811,1.910729284,5.051387394,0.404195762,0.213275837,0.162148702,-0.051127135,-0.239723054,0.002692316,0.002124318,-0.000567998,-0.210970035,46.02980063,49.82158598,3.79178535,0.082376749,95.85138661,38.74272426,57.10866235,30.57458195,3.821822744,65.27680466,0.404195762,0.595804238,0.039872378,0.681020974,-0.999452419,-0.998957811,0.000494608,-0.000494879,197
Acer platanoides,6,30,13.80940639,17.34294153,3.53353514,2.304606954,5.838142094,0.422765608,0.231187806,0.176254075,-0.054933731,-0.237615175,0.004786702,0.003710485,-0.001076217,-0.224834761,83.11174248,54.3817139,-28.73002858,-0.345679536,137.4934564,58.12750473,79.36595165,54.83722055,6.854652568,82.65623583,0.422765608,0.577234392,0.049854391,0.60116487,-0.999309715,-0.999146499,0.000163216,-0.000163329,197
Acer platanoides,6,35,7.233456329,9.460146401,2.226690072,1.549854224,3.776544296,0.52209402,0.074223072,0.049145995,-0.025077077,-0.337860942,0.002252496,0.00148963,-0.000762866,-0.338675851,61.66608103,34.67219855,-26.99388248,-0.437742792,96.33827958,50.29763971,46.04063987,44.93630284,5.617037855,51.40197674,0.52209402,0.47790598,0.058305358,0.533557138,-0.999215607,-0.999163925,5.17E-05,-5.17E-05,197
Acer platanoides,7,30,5.242007173,8.310019382,3.068012209,2.000988243,5.069000452,0.966996092,0.070758062,0.099293287,0.028535225,0.403278781,0.001603679,0.002188551,0.000584872,0.364706403,48.59089258,22.9818681,-25.60902448,-0.527033424,71.57276068,69.21057989,2.362180791,33.73648799,4.217060999,37.83627269,0.966996092,0.033003908,0.058919915,0.528640677,-0.999118191,-0.999160483,-4.23E-05,4.23E-05,197
Acer platanoides,7,35,8.113982315,10.62757671,2.513594395,1.749549675,4.26314407,0.525407119,0.099869929,0.079011494,-0.020858435,-0.208856011,0.002874286,0.00225175,-0.000622536,-0.21658805,58.21884222,39.63487473,-18.58396749,-0.319208812,97.85371695,51.41303948,46.44067747,43.59852513,5.449815641,54.25519182,0.525407119,0.474592881,0.055693496,0.554452028,-0.999076859,-0.998954857,0.000122002,-0.000122115,197
Acer platanoides,8,25,7.755144631,8.656393424,0.901248793,0.548306247,1.44955504,0.186915281,0.097168694,0.107989219,0.010820525,0.11135814,0.001307996,0.001473529,0.000165533,0.126554668,38.18685711,35.82056509,-2.36629202,-0.061966137,74.0074222,13.83311814,60.17430406,28.65789578,3.582236973,45.34952642,0.186915281,0.813084719,0.048403753,0.612769977,-0.999290796,-0.999162025,0.000128771,-0.000128862,197
Acer platanoides,9,25,6.319735691,8.593680742,2.273945051,1.38343406,3.657379111,0.578723429,0.057207605,0.079236842,0.022029237,0.385075323,0.00077715,0.001082103,0.000304953,0.392399151,32.58073064,22.83310753,-9.74762311,-0.299183687,55.41383817,32.06928645,23.34455172,20.08993027,2.511241284,35.3239079,0.578723429,0.421276571,0.045317945,0.637456438,-0.999340101,-0.999150778,0.000189323,-0.000189448,197
Acer platanoides,9,30,5.809436124,6.603033472,0.793597348,0.517592126,1.311189474,0.225699955,0.075408294,0.026912076,-0.048496218,-0.643115172,0.00152671,0.000557993,-0.000968717,-0.634512776,33.09214437,22.81155856,-10.28058581,-0.310665447,55.90370293,12.61746326,43.28623967,21.77730562,2.722163203,34.12639731,0.225699955,0.774300045,0.048693791,0.610449675,-0.999286273,-0.99914987,0.000136403,-0.0001365,197
Acer platanoides,9,35,3.535764209,6.579330505,3.043566296,2.118428667,5.161994963,1.459937557,0.026464677,0.055967957,0.02950328,1.114817309,0.000793393,0.001645974,0.000852581,1.074601112,38.87619501,16.49063559,-22.38555942,-0.575816625,55.3668306,80.83211543,-25.46528483,27.48251584,3.43531448,27.88431476,1.459937557,-0.459937557,0.062046435,0.503628516,-0.999199256,-0.999257432,-5.82E-05,5.82E-05,197
Fagus sylvatica,1,25,5.674225469,6.877796544,1.203571075,0.732234588,1.935805663,0.341157692,0.118936586,0.109167131,-0.009769455,-0.082140032,0.001536228,0.001411096,-0.000125132,-0.081454055,10.94269206,23.94631365,13.00362159,1.188338438,34.88900571,11.90265266,22.98635305,8.128069223,1.016008653,26.76093649,0.341157692,0.658842308,0.02912117,0.767030643,-0.999544372,-0.999161746,0.000382626,-0.0003828,174
Fagus sylvatica,2,25,8.68494592,12.0774915,3.39254558,2.063973843,5.456519423,0.628273276,0.192489216,0.22056926,0.028080044,0.145878531,0.002422697,0.002753507,0.00033081,0.136546171,37.99147843,44.40934447,6.41786604,0.168929094,82.4008229,51.77023493,30.63058797,31.77402615,3.971753268,50.62679675,0.628273276,0.371726724,0.048200408,0.614396737,-0.999431894,-0.999198412,0.000233482,-0.000233615,174
Fagus sylvatica,2,30,10.34041404,14.24167651,3.90126247,2.544442396,6.445704866,0.623350752,0.250500478,0.204904419,-0.045596059,-0.182019848,0.004286212,0.004043707,-0.000242505,-0.056577929,56.57133151,12.66496981,-43.9063617,-0.776123887,69.23630132,43.15850048,26.07780084,18.58309677,2.322887097,50.65320455,0.623350752,0.376649248,0.033550133,0.731598938,-0.999224632,-0.999473031,-0.000248399,0.000248592,174
Fagus sylvatica,2,35,12.09496474,18.73807002,6.64310528,4.623833784,11.26693906,0.931539637,0.256733997,0.250245826,-0.006488171,-0.025271959,0.007760368,0.008010666,0.000250298,0.032253367,63.48822726,62.03152577,-1.45670149,-0.022944435,125.519753,116.9266252,8.593127855,51.42659605,6.428324506,74.09315698,0.931539637,0.068460363,0.051213648,0.590290812,-0.999282424,-0.99903592,0.000246504,-0.000246681,174
Fagus sylvatica,3,25,13.97339349,16.38143844,2.40804495,1.465018427,3.873063377,0.277174144,0.186987306,0.218487053,0.031499747,0.16845928,0.002425518,0.002835641,0.000410123,0.169086768,97.74002061,70.38395832,-27.35606229,-0.279885989,168.1239789,46.59961992,121.524359,74.82026998,9.352533748,93.30370895,0.277174144,0.722825856,0.055628791,0.554969669,-0.999243845,-0.998794145,0.0004497,-0.00045004,174
Fagus sylvatica,3,30,15.00028524,22.84770747,7.84742223,5.118167253,12.96558948,0.864356196,0.241378717,0.233390045,-0.007988672,-0.033096008,0.00399251,0.003949206,-4.33E-05,-0.01084631,86.03357427,85.21054139,-0.82303288,-0.009566415,171.2441157,148.0159123,23.22820333,74.16198313,9.270247892,97.08213253,0.864356196,0.135643804,0.054134695,0.566922444,-0.999157485,-0.998874621,0.000282864,-0.000283103,174
Fagus sylvatica,3,35,13.69119397,24.27940162,10.58820765,7.369763112,17.95797076,1.311643879,0.217765733,0.236686335,0.018920602,0.086885121,0.006413417,0.006754837,0.00034142,0.053235272,126.0299156,89.72240352,-36.30751208,-0.288086459,215.7523191,282.9902087,-67.23788955,107.3250288,13.4156286,108.4272903,1.311643879,-0.311643879,0.062180692,0.50255446,-0.998801993,-0.998739778,6.22E-05,-6.23E-05,174
Fagus sylvatica,4,30,9.129552058,12.56708014,3.437528082,2.24199019,5.679518272,0.622102622,0.165644875,0.186051543,0.020406668,0.123195288,0.002913574,0.003174064,0.00026049,0.089405658,58.99390267,44.32527535,-14.66862732,-0.248646498,103.319178,64.27513154,39.04404648,44.53397986,5.566747482,58.78519816,0.622102622,0.377897378,0.053879131,0.568966955,-0.999168924,-0.999166263,2.66E-06,-2.66E-06,174
Fagus sylvatica,4,35,7.564701251,14.18716725,6.622465999,4.609468122,11.23193412,1.484782247,0.162245804,0.172137925,0.009892121,0.060969965,0.004845028,0.005165217,0.000320189,0.066086099,42.81938435,50.32871065,7.5093263,0.175372122,93.148095,138.3046378,-45.15654279,41.92619333,5.240774166,51.22190167,1.484782247,-0.484782247,0.056262816,0.549897469,-0.999301125,-0.999221888,7.92E-05,-7.93E-05,174
Fagus sylvatica,5,25,7.202399237,11.29824117,4.095841933,2.491848794,6.587690727,0.914652258,0.100789606,0.166641259,0.065851653,0.653357579,0.001336317,0.002127968,0.000791651,0.592412579,249.6077619,58.31444113,-191.2933208,-0.76637569,307.922203,281.6417384,26.28046464,186.0750707,23.25938384,121.8471323,0.914652258,0.085347742,0.07553656,0.395707523,-0.999142487,-0.999056426,8.61E-05,-8.61E-05,174
Fagus sylvatica,5,30,16.99801688,25.62265046,8.62463358,5.625072267,14.24970585,0.838315784,0.243152147,0.239643592,-0.003508555,-0.014429463,0.003976285,0.003805106,-0.000171179,-0.043049983,119.0846806,105.5457167,-13.5389639,-0.113691903,224.6303973,188.3112076,36.31918968,104.4255532,13.05319415,120.2048441,0.838315784,0.161684216,0.058109652,0.535122786,-0.999251758,-0.999084777,0.000166981,-0.000167106,174
Fagus sylvatica,5,35,13.12714446,22.37402259,9.24687813,6.436150819,15.68302895,1.194702244,0.223945785,0.238559764,0.014613979,0.065256772,0.006574664,0.006873792,0.000299128,0.045497078,109.3661506,83.10896056,-26.25719004,-0.240085163,192.4751112,229.9504473,-37.47533614,93.31102221,11.66387778,99.16408895,1.194702244,-0.194702244,0.060599408,0.515204737,-0.998975585,-0.998930647,4.49E-05,-4.50E-05,174
Fagus sylvatica,6,25,9.036363498,11.87591981,2.839556312,1.727543467,4.567099779,0.505413464,0.135956068,0.169413735,0.033457667,0.246091752,0.001813141,0.002238076,0.000424935,0.234364013,297.5791406,46.1725795,-251.4065611,-0.844839328,343.7517201,173.7367477,170.0149724,205.0708441,25.63385551,138.680876,0.505413464,0.494586536,0.074570843,0.403433257,-0.999476007,-0.999130712,0.000345295,-0.000345476,174
Fagus sylvatica,6,35,13.31004005,20.28290316,6.97286311,4.853356775,11.82621988,0.88851873,0.220165347,0.208046729,-0.012118618,-0.055043258,0.006577283,0.006127359,-0.000449924,-0.068405754,64.33808473,71.54524756,7.20716283,0.112020164,135.8833323,120.7348859,15.14844642,55.09544806,6.886931008,80.78788423,0.88851873,0.11148127,0.050682677,0.594538586,-0.999436487,-0.999164443,0.000272044,-0.000272197,174
Fagus sylvatica,7,25,10.15444349,11.05723168,0.90278819,0.549242793,1.452030983,0.142994639,0.129371605,0.161913735,0.03254213,0.251539973,0.001673031,0.002107384,0.000434353,0.259620413,44.92058567,35.05664576,-9.86393991,-0.219586182,79.97723143,11.43631535,68.54091608,26.23963831,3.279954789,53.73759312,0.142994639,0.857005361,0.041011107,0.671911145,-0.999506734,-0.999041809,0.000464925,-0.000465154,174
Fagus sylvatica,7,30,10.83156006,14.81690751,3.98534745,2.59928346,6.58463091,0.607911591,0.192479836,0.180572748,-0.011907088,-0.061861482,0.00408488,0.003885554,-0.000199326,-0.048796048,42.71963749,44.56182436,1.84218687,0.043122718,87.28146185,53.05941235,34.2220495,29.30348107,3.662935134,57.97798078,0.607911591,0.392088409,0.041966932,0.664264548,-0.999420301,-0.999105958,0.000314343,-0.000314525,174
Fagus sylvatica,7,35,8.669547615,14.54900179,5.879454175,4.092305887,9.971760062,1.150205351,0.203396366,0.18054417,-0.022852196,-0.11235302,0.005868231,0.005075751,-0.00079248,-0.135045809,62.18766309,44.69502378,-17.49263931,-0.281287935,106.8826869,122.9370384,-16.05435155,48.13633094,6.017041368,58.74635593,1.150205351,-0.150205351,0.056295753,0.549633974,-0.999059922,-0.999105571,-4.56E-05,4.57E-05,174
Fagus sylvatica,8,25,7.036040127,7.918180624,0.882140497,0.536681046,1.418821543,0.201650576,0.135935902,0.130275757,-0.005660145,-0.041638338,0.0017425,0.00171383,-2.87E-05,-0.016453372,9.438951246,29.24880057,19.80984932,2.09873415,38.68775182,7.801407432,30.88634438,7.029060872,0.878632609,31.65869094,0.201650576,0.798349424,0.022710873,0.818313018,-0.999608215,-0.999186357,0.000421858,-0.000422023,174
Fagus sylvatica,9,25,5.403083029,9.072700894,3.669617865,2.232540465,5.90215833,1.092368616,0.061724308,0.097991616,0.036267308,0.587569293,0.000824171,0.00127741,0.000453239,0.549933206,17.86607444,30.99895905,13.13288461,0.735073877,48.86503349,53.378629,-4.513595508,18.16846758,2.271058448,30.69656591,1.092368616,-0.092368616,0.046476146,0.628190829,-0.999517512,-0.999237838,0.000279674,-0.000279809,174
Betula pendula,1,25,19.69518076,25.90993649,6.21475573,3.780964165,9.995719895,0.507521105,0.250855986,0.195846505,-0.055009481,-0.219287097,0.003118574,0.002502789,-0.000615785,-0.197457235,137.745437,110.5823041,-27.1631329,-0.19719806,248.3277411,126.0315695,122.2961716,113.0313454,14.12891817,135.2963957,0.507521105,0.492478895,0.056896254,0.54482997,-0.999397316,-0.999120485,0.000276831,-0.000276998,179
Betula pendula,1,30,18.06021899,25.74222957,7.68201058,5.01028412,12.6922947,0.702776345,0.207346783,0.235587883,0.0282411,0.136202258,0.00345084,0.003907414,0.000456574,0.132308076,164.6401098,105.4954131,-59.1446967,-0.359236256,270.1355229,189.8448556,80.29066733,131.9297646,16.49122058,138.2057583,0.702776345,0.297223655,0.061047953,0.51161638,-0.999051378,-0.99898278,6.86E-05,-6.87E-05,179
Betula pendula,1,35,20.51677759,27.47157431,6.95479672,4.840781935,11.79557866,0.574923552,0.197091658,0.170022284,-0.027069374,-0.137344088,0.004689835,0.004324042,-0.000365793,-0.077996987,207.9359841,130.3735091,-77.562475,-0.373011316,338.3094932,194.5020956,143.8073976,170.8282552,21.3535319,167.481238,0.574923552,0.425076448,0.063118335,0.495053321,-0.999111999,-0.998906635,0.000205364,-0.000205547,179
Betula pendula,1b,30,20.07348074,26.49815927,6.42467853,4.190239584,10.61491811,0.528803064,0.205665454,0.176935026,-0.028730428,-0.139694963,0.003880935,0.003335481,-0.000545454,-0.140547059,202.3318583,115.3361058,-86.9957525,-0.429965667,317.6679641,167.9837926,149.6841715,158.2493608,19.7811701,159.4186033,0.528803064,0.471196936,0.062269956,0.501840353,-0.99913293,-0.998950494,0.000182436,-0.000182594,179
Betula pendula,1b,35,11.1931296,16.63944761,5.44631801,3.790827956,9.237145966,0.825251408,0.089310752,0.039100577,-0.050210175,-0.562196308,0.002600217,0.001097261,-0.001502956,-0.578011758,137.9838367,47.06052944,-90.92330726,-0.658941724,185.0443661,152.7081238,32.33624238,93.51456516,11.68932065,91.52980098,0.825251408,0.174748592,0.063170368,0.494637059,-0.999182808,-0.999257129,-7.43E-05,7.44E-05,179
Betula pendula,2,25,17.20816325,23.92167556,6.71351231,4.084400187,10.7979125,0.6274878,0.207559283,0.220740883,0.0131816,0.063507639,0.002625467,0.002790877,0.00016541,0.063002125,123.5885614,103.4655928,-20.1229686,-0.162822258,227.0541542,142.4737117,84.58044254,105.4810008,13.1851251,121.5731534,0.6274878,0.3725122,0.058070398,0.535436816,-0.99921451,-0.999007673,0.000206837,-0.000207,179
Betula pendula,2,35,11.58341662,19.83327929,8.24986267,5.742193164,13.99205583,1.207938581,0.14822699,0.147968511,-0.000258479,-0.001743805,0.004216056,0.004206187,-9.87E-06,-0.002340813,92.28171914,85.00492573,-7.27679341,-0.078854116,177.2866449,214.1513782,-36.86473334,87.30198559,10.9127482,89.98465928,1.207938581,-0.207938581,0.06155426,0.507565922,-0.999168821,-0.999089946,7.89E-05,-7.89E-05,179
Betula pendula,3,30,12.29752468,17.39314761,5.09562293,3.323416231,8.419039161,0.684612504,0.14117519,0.157133406,0.015958216,0.113038389,0.002426963,0.00268173,0.000254767,0.104973582,100.2440213,69.7060084,-30.5380129,-0.30463675,169.9500297,116.3499153,53.60011435,80.50662065,10.06332758,89.44340905,0.684612504,0.315387496,0.05921345,0.5262924,-0.999116732,-0.999019555,9.72E-05,-9.73E-05,179
Betula pendula,3a,25,15.19964411,16.11925782,0.91961371,0.559479187,1.479092897,0.097311022,0.230912795,0.225166914,-0.005745881,-0.024883337,0.002890727,0.002820919,-6.98E-05,-0.024148942,84.08462626,71.83886756,-12.2457587,-0.14563612,155.9234938,15.17307448,140.7504193,63.41661159,7.927076448,92.50688223,0.097311022,0.902688978,0.050839526,0.593283796,-0.999305966,-0.999060324,0.000245642,-0.000245813,179
Betula pendula,3b,35,12.09141349,17.0836679,4.99225441,3.474783798,8.467038208,0.700252143,0.199276025,0.153200461,-0.046075564,-0.231214789,0.005532129,0.00425919,-0.001272939,-0.230099298,109.986559,58.08311809,-51.90344091,-0.471907126,168.0696771,117.6911516,50.37852553,79.80268209,9.975335261,88.266995,0.700252143,0.299747857,0.05935238,0.525180964,-0.999119074,-0.999163226,-4.42E-05,4.42E-05,179
Betula pendula,3c,30,8.074479713,17.16281567,9.088335957,5.927503595,15.01583955,1.859666515,0.11740323,0.153446509,0.036043279,0.307004151,0.002066109,0.002639019,0.00057291,0.27728934,42.54282121,60.72059819,18.17777698,0.427281888,103.2634194,192.0355233,-88.77210392,47.3103337,5.913791712,55.9530857,1.859666515,-0.859666515,0.05726899,0.541848082,-0.999296887,-0.999106119,0.000190768,-0.000190902,179
Betula pendula,3c,35,11.97488078,18.76436592,6.78948514,4.725719289,11.51520443,0.961613284,0.182834679,0.18544481,0.002610131,0.014275908,0.005121222,0.005348542,0.00022732,0.044387843,79.9000513,75.94046466,-3.95958664,-0.049556747,155.840516,149.8583103,5.982205666,71.96066189,8.995082737,83.87985407,0.961613284,0.038386716,0.057719796,0.538241635,-0.999200681,-0.999078201,0.00012248,-0.000122578,179
Betula pendula,4,25,21.53496978,21.4209041,-0.11406568,-0.069395849,-0.183461529,-0.008519238,0.242328464,0.198235474,-0.04409299,-0.181955472,0.003125192,0.002586148,-0.000539044,-0.172483483,191.1167359,97.36311652,-93.75361938,-0.490556826,288.4798524,-2.457628465,290.9374809,134.8933155,16.86166444,153.5865369,-0.008519238,1.008519238,0.058450059,0.532399527,-0.999273609,-0.998978434,0.000295175,-0.00029539,179
Betula pendula,4,30,16.27244868,24.7043991,8.43195042,5.499402383,13.9313528,0.85613131,0.208617872,0.661106997,0.452489125,2.168985431,0.003625881,0.008696744,0.005070863,1.39851887,153.6647036,99.10908949,-54.55561411,-0.355030224,252.7737931,216.4075586,36.36623451,125.1226656,15.6403332,127.6511275,0.85613131,0.14386869,0.061874821,0.505001432,-0.999085547,-0.99902161,6.39E-05,-6.40E-05,179
Betula pendula,4,35,17.13041824,23.73136879,6.60095055,4.594492616,11.19544317,0.65354173,0.151651179,0.137735183,-0.013915996,-0.09176319,0.003786372,0.003532429,-0.000253943,-0.067067631,202.8536743,108.3673698,-94.4863045,-0.465785522,311.2210441,203.3959395,107.8251046,161.7995808,20.2249476,149.4214633,0.65354173,0.34645827,0.064985797,0.480113624,-0.999193466,-0.998997297,0.000196169,-0.000196327,179
Betula pendula,4c,30,11.83990266,15.97358035,4.13367769,2.696025926,6.829703616,0.576837818,0.143607712,0.129988975,-0.013618737,-0.094832908,0.002478221,0.002272383,-0.000205838,-0.083058775,97.2305542,46.43281263,-50.79774157,-0.522446282,143.6633668,82.87046305,60.79290378,64.20250413,8.025313016,79.4608627,0.576837818,0.423162182,0.055861931,0.553104556,-0.999292176,-0.999337245,-4.51E-05,4.51E-05,179
Betula pendula,4c,35,15.46996421,24.91297209,9.44300788,6.57266399,16.01567187,1.035275302,0.202074767,0.204564725,0.002489958,0.012321964,0.005623142,0.005445138,-0.000178004,-0.031655612,131.4383922,99.55117459,-31.88721761,-0.242602006,230.9895668,239.1377935,-8.148226732,112.7398066,14.09247583,118.2497602,1.035275302,-0.035275302,0.061009144,0.511926845,-0.999174285,-0.999076417,9.79E-05,-9.79E-05,179
Betula pendula,6,25,12.55647768,18.0812622,5.52478452,3.36119603,8.88598055,0.70768099,0.105641764,0.150544563,0.044902799,0.425047796,0.001422685,0.001995294,0.000572609,0.402484738,104.6909798,76.97771412,-27.71326568,-0.264714933,181.6686939,128.5634811,53.10521283,87.62852213,10.95356527,94.04017179,0.70768099,0.29231901,0.060294182,0.517646545,-0.999104026,-0.99902072,8.33E-05,-8.34E-05,179
Betula pendula,6,30,13.49763365,18.14177174,4.64413809,3.028953304,7.673091394,0.568476786,0.115709896,0.137152229,0.021442333,0.185311142,0.002013783,0.00239893,0.000385147,0.191255463,145.9208689,78.8650131,-67.0558558,-0.459535749,224.785882,127.7855557,97.0003263,113.8635649,14.23294562,110.9223171,0.568476786,0.431523214,0.063317792,0.493457668,-0.999149544,-0.999022973,0.000126571,-0.000126679,179
Betula pendula,7,25,17.26105365,19.06875977,1.80770612,1.099781288,2.907487408,0.168442058,0.703727388,0.191646841,-0.512080547,-0.727668918,0.008986075,0.002524611,-0.006461464,-0.719052979,174.469869,88.35443441,-86.11543459,-0.49358342,262.8243034,44.27066668,218.5536367,129.1867259,16.14834073,133.6375775,0.168442058,0.831557942,0.061441581,0.508467352,-0.999097978,-0.998933351,0.000164627,-0.000164776,179
Betula pendula,7,30,13.99778438,21.8312932,7.83350882,5.109092787,12.94260161,0.924617872,0.207983878,0.204945245,-0.003038633,-0.014609945,0.003994977,0.003889986,-0.000104991,-0.026280752,101.0715093,89.53379663,-11.53771267,-0.114153956,190.6053059,176.2370724,14.36823355,89.74277894,11.21784737,100.862527,0.924617872,0.075382128,0.058853804,0.529169566,-0.999203964,-0.999153021,5.09E-05,-5.10E-05,179
Betula pendula,7,35,16.44847315,23.76678089,7.31830774,5.093798328,12.41210607,0.754605364,0.20698331,0.194493612,-0.012489698,-0.060341571,0.005567036,0.005342086,-0.00022495,-0.040407499,152.2777365,98.70405628,-53.57368022,-0.35181558,250.9817928,189.3922071,61.58958569,123.4586001,15.43232502,127.5231927,0.754605364,0.245394636,0.061487827,0.508097385,-0.999087151,-0.999087284,-1.33E-07,1.33E-07,179
Corylus avellana,1,25,11.70895651,14.5230801,2.81412359,1.71207058,4.52619417,0.386558287,0.2543567,0.231184181,-0.023172519,-0.091102452,0.003192318,0.002924852,-0.000267466,-0.08378426,60.89153905,46.6919863,-14.19955275,-0.233194184,107.5835254,41.58730326,65.99622209,40.49846621,5.062308276,67.08505914,0.386558287,0.613441713,0.047054679,0.623562566,-0.999319089,-0.999002125,0.000316964,-0.00031718,194
Corylus avellana,1,30,7.762559501,12.03806899,4.275509489,2.788530044,7.064039533,0.91001422,0.115413526,0.108386561,-0.007026965,-0.060885108,0.001994781,0.001866866,-0.000127915,-0.064124834,47.03058206,42.95053979,-4.08004227,-0.086752961,89.98112185,81.88410045,8.097021397,39.2872559,4.910906987,50.69386595,0.91001422,0.08998578,0.054577081,0.563383351,-0.999081699,-0.999038879,4.28E-05,-4.29E-05,194
Corylus avellana,1,35,4.808796951,8.364961175,3.556164224,2.475214766,6.03137899,1.254238649,0.067035708,0.071745982,0.004710274,0.070265149,0.002082468,0.002140747,5.83E-05,0.027985544,49.2638639,28.24722051,-21.01664339,-0.426613784,77.51108441,97.21739777,-19.70631336,38.85059774,4.856324717,38.66048667,1.254238649,-0.254238649,0.062653293,0.498773652,-0.998864427,-0.998921401,-5.70E-05,5.70E-05,194
Corylus avellana,2,25,9.318910152,10.00920842,0.690298268,0.419967112,1.11026538,0.119141119,0.185126216,0.187577333,0.002451117,0.013240248,0.002409958,0.002446343,3.64E-05,0.015097773,55.56823107,42.59313313,-12.97509794,-0.233498488,98.1613642,11.69505474,86.46630946,40.59048239,5.073810299,57.57088181,0.119141119,0.880858881,0.051688466,0.586492275,-0.999193355,-0.998976543,0.000216812,-0.000216987,194
Corylus avellana,2,30,6.161667065,8.901236392,2.739569327,1.786774511,4.526343838,0.734597275,0.073367781,0.068799811,-0.00456797,-0.062261253,0.00137872,0.001311008,-6.77E-05,-0.04911222,48.52840077,19.43626648,-29.09213429,-0.599486771,67.96466725,49.92665938,18.03800787,28.87866599,3.609833249,39.08600126,0.734597275,0.265402725,0.053113381,0.575092954,-0.999027432,-0.999114716,-8.73E-05,8.74E-05,194
Corylus avellana,2,35,8.033623606,13.10046004,5.066836434,3.526695497,8.593531931,1.069695613,0.119218113,0.12351801,0.004299897,0.036067481,0.003580359,0.003869875,0.000289516,0.080862282,56.17706008,48.83459519,-7.34246489,-0.130702192,105.0116553,112.330507,-7.318851732,48.5847739,6.073096737,56.42688137,1.069695613,-0.069695613,0.057832597,0.537339224,-0.999088664,-0.998984672,0.000103992,-0.000104087,194
Corylus avellana,3,25,10.11032029,12.68472799,2.5744077,1.566231029,4.140638729,0.409545752,0.29503593,0.281603854,-0.013432076,-0.045526916,0.003719445,0.003518047,-0.000201398,-0.054147326,53.30210108,47.77551196,-5.52658912,-0.103684264,101.077613,41.39590707,59.68170597,40.42422125,5.053027657,60.65339179,0.409545752,0.590454248,0.049991561,0.600067512,-0.999321457,-0.999073278,0.000248179,-0.000248348,194
Corylus avellana,3,35,6.43287638,11.56981335,5.13693697,3.575487924,8.712424894,1.354359136,0.112307663,0.137230673,0.02492301,0.22191727,0.003447937,0.004050001,0.000602064,0.174615719,57.08728281,38.66501758,-18.42226523,-0.322703487,95.75230039,129.6830028,-33.9307024,46.68052991,5.835066239,49.07177048,1.354359136,-0.354359136,0.060939176,0.512486596,-0.999015592,-0.999070465,-5.49E-05,5.49E-05,194
Corylus avellana,4,25,6.041303982,11.46141976,5.420115778,3.297517138,8.717632916,1.443005176,0.115566106,0.17303524,0.057469134,0.497283641,0.001530484,0.002250233,0.000719749,0.470275416,30.47376854,34.17224436,3.69847582,0.121365883,64.6460129,93.28453122,-28.63851832,26.98719798,3.373399748,37.65881492,1.443005176,-0.443005176,0.052182642,0.582538864,-0.999208194,-0.999016781,0.000191413,-0.000191565,194
Corylus avellana,4,30,4.91754935,6.167075423,1.249526073,0.8149534,2.064479473,0.419818761,0.08207991,0.056199558,-0.025880352,-0.315306778,0.001431822,0.000976226,-0.000455596,-0.318193183,29.69871841,17.94920941,-11.749509,-0.395623435,47.64792782,20.003494,27.64443382,18.65182028,2.331477535,28.99610754,0.419818761,0.580181239,0.048931352,0.608549183,-0.999083572,-0.999094864,-1.13E-05,1.13E-05,194
Corylus avellana,4,35,5.43129078,8.267178546,2.835887766,1.973877141,4.809764907,0.885565716,0.078242895,0.069718946,-0.008523949,-0.108942147,0.002577525,0.002204385,-0.00037314,-0.144766782,44.74286032,29.54367604,-15.19918428,-0.339700774,74.28653636,65.78560974,8.500926615,35.04091549,4.380114437,39.24562087,0.885565716,0.114434284,0.058962426,0.528300588,-0.99913158,-0.999064744,6.68E-05,-6.69E-05,194
Corylus avellana,5,25,11.17966464,12.13309572,0.95343108,0.580053168,1.533484248,0.137167285,0.25557746,0.29897893,0.04340147,0.169817284,0.003289791,0.003766426,0.000476635,0.144883064,60.16048631,43.68253801,-16.4779483,-0.273899852,103.8430243,14.24386573,89.59915859,39.41624384,4.92703048,64.42678048,0.137167285,0.862832715,0.047446909,0.620424731,-0.999232449,-0.998989931,0.000242518,-0.000242704,194
Corylus avellana,5,30,8.873839489,15.35082823,6.476988741,4.224356827,10.70134557,1.205943107,0.192710744,0.159719153,-0.032991591,-0.171197466,0.003145993,0.002776194,-0.000369799,-0.117546034,47.14009801,48.43916856,1.29907055,0.027557655,95.57926657,115.2631577,-19.68389116,40.05593908,5.006992385,55.52332749,1.205943107,-0.205943107,0.052385759,0.580913931,-0.999204333,-0.999055137,0.000149196,-0.000149315,194
Corylus avellana,5,35,6.180837068,9.978031627,3.797194559,2.642980315,6.440174874,1.041958363,0.109004435,0.11118576,0.002181325,0.020011342,0.002999378,0.003042613,4.32E-05,0.014414655,47.8708383,32.80114414,-15.06969416,-0.314799045,80.67198244,84.05684677,-3.38486433,37.29908945,4.662386181,43.37289299,1.041958363,-0.041958363,0.057794367,0.537645062,-0.99910345,-0.999139773,-3.63E-05,3.64E-05,194
Corylus avellana,6,25,4.865942927,6.25360645,1.387663523,0.844233672,2.231897195,0.458677224,0.119643376,0.143269549,0.023626173,0.197471634,0.001595073,0.001879452,0.000284379,0.178285884,15.77870766,17.76569681,1.98698915,0.12592851,33.54440447,15.38605433,18.15835014,9.387088508,1.173386064,24.15731596,0.458677224,0.541322776,0.034980083,0.720159333,-0.99935698,-0.999053313,0.000303667,-0.000303862,194
Corylus avellana,6,30,5.86356877,8.668994545,2.805425775,1.829726745,4.63515252,0.79050024,0.148600189,0.131271178,-0.017329011,-0.116615,0.00274043,0.002489038,-0.000251392,-0.091734509,21.6259947,24.46755732,2.84156262,0.131395696,46.09355202,36.43696393,9.656588088,15.09285129,1.886606412,31.00070073,0.79050024,0.20949976,0.040929942,0.672560464,-0.999298643,-0.999167919,0.000130724,-0.000130816,194
Corylus avellana,6,35,4.008487842,6.626132915,2.617645073,1.821972588,4.439617661,1.107554229,0.103228854,0.108505211,0.005276357,0.051113199,0.003604631,0.003479851,-0.00012478,-0.034616581,28.84941556,10.71135091,-18.13806465,-0.628715151,39.56076647,43.81569421,-4.254927737,15.6845434,1.960567925,23.87622307,1.107554229,-0.107554229,0.049558391,0.603532874,-0.999264217,-0.999331493,-6.73E-05,6.73E-05,194
Corylus avellana,7,25,4.546156294,6.907196001,2.361039707,1.436421142,3.797460849,0.835312427,0.104096292,0.185358997,0.081262705,0.780649372,0.001405371,0.0024077,0.001002329,0.713213095,14.06328389,24.30494512,10.24166123,0.728255314,38.36822901,32.04945851,6.318770502,13.45573589,1.681966986,24.91249312,0.835312427,0.164687573,0.043837493,0.649300053,-0.999306162,-0.998988475,0.000317687,-0.000317908,194
Scandosorbus intermedia,6,30,10.64853411,16.35098644,5.70245233,3.719196434,9.421648764,0.884783639,0.170973452,0.157026603,-0.013946849,-0.081573185,0.00286755,0.002678639,-0.000188911,-0.065878886,76.29815567,70.98484529,-5.31331038,-0.069638779,147.283001,130.3135896,16.96941135,69.79257635,8.724072043,77.49042461,0.884783639,0.115216361,0.059233394,0.526132847,-0.999127614,-0.999033766,9.38E-05,-9.39E-05,157
Scandosorbus intermedia,6a,30,7.451540319,9.801529475,2.349989156,1.532686427,3.882675583,0.521056777,0.084942819,0.084789567,-0.000153252,-0.001804178,0.001489454,0.001484327,-5.13E-06,-0.003442201,80.07550283,46.43371427,-33.64178856,-0.420125848,126.5092171,65.91848494,60.59073216,64.46870388,8.058587985,62.04051322,0.521056777,0.478943223,0.063699612,0.490403108,-0.999269826,-0.999260648,9.18E-06,-9.18E-06,157
Scandosorbus intermedia,6b,30,9.097805106,14.87299212,5.775187014,3.766634722,9.541821736,1.048804808,0.166844708,0.128441232,-0.038403476,-0.230174972,0.002829513,0.002271602,-0.000557911,-0.197175627,59.08720408,58.31611884,-0.77108524,-0.013049953,117.4033229,123.1331695,-5.729846621,54.00806833,6.751008541,63.39525459,1.048804808,-0.048804808,0.057502704,0.539978367,-0.999280896,-0.999190051,9.08E-05,-9.09E-05,157
Scandosorbus intermedia,6c,30,6.967468608,8.794519205,1.827050597,1.19162067,3.018671267,0.433252224,0.105991958,0.111919697,0.005927739,0.055926309,0.001915823,0.002043018,0.000127195,0.066391833,49.6909867,29.2499506,-20.4410361,-0.411363055,78.9409373,34.20133661,44.73960069,34.04737525,4.255921906,44.89356205,0.433252224,0.566747776,0.053912736,0.568698113,-0.999340398,-0.999343067,-2.67E-06,2.67E-06,157
Scandosorbus intermedia,6c,35,9.243788481,12.99069463,3.746906149,2.607977821,6.35488397,0.687476134,0.127450997,0.097167992,-0.030283005,-0.237605085,0.003447346,0.002709763,-0.000737583,-0.213956766,77.25233699,53.20219236,-24.05014463,-0.311319315,130.4545294,89.68437553,40.77015382,62.31958362,7.789947952,68.13494573,0.687476134,0.312523866,0.059713894,0.522288847,-0.999026198,-0.999058666,-3.25E-05,3.25E-05,157
Scandosorbus intermedia,6d,30,12.05675448,20.22086021,8.16410573,5.324711398,13.48881713,1.118776794,0.233442768,0.235512369,0.002069601,0.008865561,0.003807043,0.003820818,1.38E-05,0.003618294,68.50981982,79.13027065,10.62045083,0.155020855,147.6400905,165.1763071,-17.53621667,66.2753817,8.284422713,81.36470877,1.118776794,-0.118776794,0.056112284,0.551101727,-0.99930323,-0.999222262,8.10E-05,-8.10E-05,157
Scandosorbus intermedia,6d,35,13.79706124,22.03395621,8.23689497,5.73316719,13.97006216,1.012538969,0.222168057,0.202385364,-0.019782693,-0.089043822,0.00603379,0.005557487,-0.000476303,-0.078939274,106.1342283,88.56926381,-17.56496449,-0.165497642,194.7034921,197.1448731,-2.441381013,93.01016477,11.6262706,101.6933273,1.012538969,-0.012538969,0.059712697,0.522298425,-0.999141441,-0.999069013,7.24E-05,-7.25E-05,157
Scandosorbus intermedia,6e,35,7.277198738,10.23253768,2.955338942,2.05701934,5.012358282,0.688775786,0.088728485,0.07501455,-0.013713935,-0.15456068,0.002532099,0.002191841,-0.000340258,-0.134377842,70.35506696,42.65477842,-27.70028854,-0.393721302,113.0098454,77.83844511,35.17140027,55.93403362,6.991754202,57.07581176,0.688775786,0.311224214,0.061868541,0.505051676,-0.999233129,-0.999243109,-9.98E-06,9.99E-06,157
Scandosorbus intermedia,6f,35,6.867866678,9.763101508,2.89523483,2.015184775,4.910419605,0.714984701,0.081141014,0.074988292,-0.006152722,-0.075827522,0.002364224,0.002065915,-0.000298309,-0.126176284,62.24550879,48.28743056,-13.95807823,-0.224242335,110.5329394,79.02936062,31.50357873,55.37431509,6.921789387,55.15862426,0.714984701,0.285015299,0.062621961,0.499024314,-0.999190896,-0.99914194,4.90E-05,-4.90E-05,157
Scandosorbus intermedia,6g,35,12.81417979,20.21982313,7.40564334,5.154586962,12.5602303,0.98018215,0.197189321,0.196188251,-0.00100107,-0.005076695,0.005027805,0.005298843,0.000271038,0.053907819,108.3007572,80.74863291,-27.55212429,-0.254403801,189.0493901,185.3028377,3.74655238,91.86178063,11.48272258,97.18760948,0.98018215,0.01981785,0.060739273,0.514085813,-0.999196753,-0.999201134,-4.38E-06,4.38E-06,157
Tilia cordata,1,25,8.44874745,9.09388351,0.64513606,0.392491102,1.037627162,0.122814319,0.071682187,0.078481976,0.006799789,0.094860234,0.000947652,0.001055341,0.000107689,0.113637707,54.63390518,38.96781233,-15.66609285,-0.286746715,93.60171751,11.49563116,82.10608635,39.87115181,4.983893976,53.7305657,0.122814319,0.877185681,0.053245753,0.574033972,-0.999196015,-0.999114758,8.13E-05,-8.13E-05,272
Tilia cordata,10,25,4.49278627,7.718366837,3.225580567,1.962394833,5.1879754,1.154734521,0.054509622,0.054036547,-0.000473075,-0.008678743,0.000734815,0.00071025,-2.46E-05,-0.033430183,24.59692079,26.64973199,2.0528112,0.083458056,51.24665278,59.17627904,-7.929626257,22.1836718,2.772958975,29.06298098,1.154734521,-0.154734521,0.054110051,0.567119595,-0.999267243,-0.999299033,-3.18E-05,3.18E-05,272
Tilia cordata,11,25,11.65369744,15.34772346,3.69402602,2.24739002,5.94141604,0.509830985,0.179027463,0.174063743,-0.00496372,-0.027726025,0.002241911,0.002181112,-6.08E-05,-0.027119275,68.62065582,56.36657233,-12.25408349,-0.178577184,124.9872282,63.72236159,61.26486656,52.24829226,6.531036533,72.73893589,0.509830985,0.490169015,0.052253631,0.58197095,-0.999224989,-0.999096395,0.000128594,-0.000128694,272
Tilia cordata,12,25,7.567063234,12.70038674,5.133323506,3.123037021,8.256360527,1.091091784,0.085862105,0.116596383,0.030734278,0.357949272,0.001137092,0.001543384,0.000406292,0.35730794,43.16766809,49.26569469,6.0980266,0.141263748,92.43336278,100.8532827,-8.41991996,41.44340656,5.18042582,50.98995622,1.091091784,-0.091091784,0.056044978,0.551640173,-0.999332943,-0.999073452,0.000259491,-0.000259664,272
Tilia cordata,13,25,8.847325561,13.30850029,4.461174729,2.714111788,7.175286517,0.811011923,0.10796229,0.130607054,0.022644764,0.209746977,0.00140864,0.001697392,0.000288752,0.20498637,57.9849187,52.6801411,-5.3047776,-0.091485471,110.6650598,89.75068296,20.91437684,50.18383837,6.272979796,60.48122143,0.811011923,0.188988077,0.056684375,0.546524997,-0.999142066,-0.998994248,0.000147818,-0.000147945,272
Tilia cordata,13,30,10.09475559,14.08393627,3.98918068,2.601783531,6.590964211,0.652909736,0.13953473,0.123428504,-0.016106226,-0.11542808,0.003212477,0.002733493,-0.000478984,-0.149101145,47.82629415,51.30993762,3.48364347,0.072839502,99.13623177,64.72701095,34.40922082,39.17147294,4.896434118,59.96475883,0.652909736,0.347090264,0.049390965,0.604872283,-0.999348726,-0.999174544,0.000174182,-0.000174296,272
Tilia cordata,13,35,9.58435471,14.57739551,4.9930408,3.475331153,8.468371953,0.883562035,0.151269715,0.157637597,0.006367882,0.042096212,0.004846464,0.00500965,0.000163186,0.033671147,75.51270229,56.46320541,-19.04949688,-0.252268775,131.9759077,116.6089016,15.3670061,62.42565924,7.803207405,69.55024846,0.883562035,0.116437965,0.059125999,0.526992007,-0.999144615,-0.999140202,4.41E-06,-4.42E-06,272
Tilia cordata,14,25,8.663941791,13.5296494,4.865707609,2.960223524,7.825931133,0.903276052,0.084763709,0.109260878,0.024497169,0.289005393,0.001113708,0.001427931,0.000314223,0.282141279,66.46454539,62.58643483,-3.87811056,-0.058348561,129.0509802,116.5686599,12.48232035,62.93014204,7.866267755,66.12083818,0.903276052,0.096723948,0.060954731,0.512362154,-0.999188687,-0.999080043,0.000108644,-0.000108732,272
Tilia cordata,15,25,9.190578496,13.93437006,4.743791564,2.886051631,7.629843195,0.830180951,0.115335123,0.118242287,0.002907164,0.025206233,0.001511673,0.001552661,4.10E-05,0.02711433,56.44151559,52.19721649,-4.2442991,-0.075198177,108.6387321,90.1898059,18.44892618,47.91761206,5.989701508,60.72112002,0.830180951,0.169819049,0.055134126,0.558926995,-0.999298692,-0.999166959,0.000131733,-0.000131825,272
Tilia cordata,17,25,10.48080031,14.47223229,3.99143198,2.428327345,6.419759325,0.612525679,0.127468854,0.135072163,0.007603309,0.059648367,0.001699378,0.001800634,0.000101256,0.059584154,72.24649797,50.32095959,-21.92553838,-0.303482369,122.5674576,75.07571515,47.49174241,53.76283755,6.720354693,68.80462001,0.612525679,0.387474321,0.054829845,0.56136124,-0.999144884,-0.999041185,0.000103699,-0.000103788,272
Tilia cordata,17,30,9.732323237,13.39026945,3.657946213,2.3857491,6.043695313,0.620992045,0.099628687,0.089653895,-0.009974792,-0.100119677,0.001776703,0.001522525,-0.000254178,-0.143061615,70.89170452,49.65210199,-21.23960253,-0.299606317,120.5438065,74.85674495,45.68706156,54.40967571,6.801209464,66.1341308,0.620992045,0.379007955,0.056421061,0.548631512,-0.999090402,-0.999095147,-4.75E-06,4.75E-06,272
Tilia cordata,17,35,9.1981553,12.98181944,3.78366414,2.63356267,6.41722681,0.697664543,0.116358084,0.102282015,-0.014076069,-0.12097199,0.003607268,0.003094922,-0.000512346,-0.142031587,80.7212665,57.64612143,-23.07514507,-0.28586203,138.3673879,96.5340204,41.83336753,67.71651115,8.464563894,70.65087678,0.697664543,0.302335457,0.061174559,0.51060353,-0.999174434,-0.99904489,0.000129544,-0.000129651,272
Tilia cordata,18,25,8.792779354,9.574101469,0.781322115,0.475344655,1.25666677,0.142920312,0.144271045,0.094769184,-0.049501861,-0.343117089,0.001967485,0.001292632,-0.000674853,-0.343002869,54.16073722,37.34678789,-16.81394933,-0.310445356,91.50752511,13.07828405,78.42924106,37.55760513,4.694700641,53.94991998,0.142920312,0.857079688,0.051303984,0.589568125,-0.99935687,-0.999193778,0.000163092,-0.000163197,272
Tilia cordata,2,25,6.715149976,10.5259284,3.810778424,2.318420431,6.129198855,0.912741916,0.03661251,0.095884084,0.059271574,1.618888571,0.000482374,0.001259873,0.000777499,1.611817801,47.84624352,40.10001318,-7.74623034,-0.161898401,87.9462567,80.27223485,7.674021852,40.7237712,5.0904714,47.2224855,0.912741916,0.087258084,0.057881615,0.536947077,-0.999232595,-0.999081818,0.000150777,-0.000150893,272
Tilia cordata,20,30,12.2993424,18.63748037,6.33813797,4.133796965,10.47193494,0.851422344,0.195928761,0.195383863,-0.000544898,-0.002781103,0.004164443,0.004362759,0.000198316,0.047621255,78.94309467,61.85932361,-17.08377106,-0.216406148,140.8024183,119.882325,20.92009327,61.07003245,7.633754057,79.73238583,0.851422344,0.148577656,0.054216072,0.566271423,-0.999029946,-0.999051001,-2.11E-05,2.11E-05,272
Tilia cordata,20,35,13.47047107,18.16183013,4.69135906,3.265350103,7.956709163,0.59067787,0.190899616,0.167058714,-0.023840902,-0.124887113,0.006036247,0.005222488,-0.000813759,-0.134812078,94.57770509,72.07724545,-22.50045964,-0.237904479,166.6549505,98.43939126,68.21555928,75.18204417,9.397755522,91.47290637,0.59067787,0.40932213,0.056390497,0.548876022,-0.999206999,-0.998924358,0.000282641,-0.000282865,272
Tilia cordata,21,30,12.86286461,16.91685247,4.05398786,2.644051422,6.698039282,0.520726874,0.143290961,0.127617847,-0.015673114,-0.109379642,0.002683364,0.002469363,-0.000214001,-0.079751014,118.1225526,79.57626458,-38.54628802,-0.326324543,197.6988172,102.9470871,94.75173007,97.49823916,12.1872799,100.200578,0.520726874,0.479273126,0.061645689,0.506834484,-0.999173564,-0.999095579,7.80E-05,-7.80E-05,272
Tilia cordata,21,35,7.411406265,11.72809672,4.316690455,3.004567641,7.321258096,0.987836564,0.116287583,0.116876532,0.000588949,0.005064591,0.003996376,0.003836145,-0.000160231,-0.040094075,80.91498337,40.02885974,-40.88612363,-0.505297312,120.9438431,119.4727504,1.47109275,60.8654787,7.608184838,60.07836441,0.987836564,0.012163436,0.062906756,0.496745951,-0.999174126,-0.999240438,-6.63E-05,6.64E-05,272
Tilia cordata,3,25,8.947455531,11.72933204,2.781876509,1.69245194,4.474328449,0.500067135,0.082504035,0.121268654,0.038764619,0.46985119,0.00111217,0.00158471,0.00047254,0.424881088,45.54020032,49.78865551,4.24845519,0.093290217,95.32885583,47.67082778,47.65802805,39.69268914,4.961586142,55.63616669,0.500067135,0.499932865,0.052047054,0.583623565,-0.999309761,-0.999000574,0.000309187,-0.000309401,272
Tilia cordata,4,25,8.582764926,10.80446418,2.221699254,1.351648501,3.573347755,0.416339931,0.095262061,0.097235096,0.001973035,0.020711656,0.001257804,0.001280664,2.29E-05,0.018174533,52.38910826,42.13497779,-10.25413047,-0.195730197,94.52408605,39.35415144,55.16993461,40.12868423,5.016085529,54.39540182,0.416339931,0.583660069,0.053066745,0.575466044,-0.999240024,-0.99911179,0.000128234,-0.000128332,272
Tilia cordata,4,30,9.69364495,13.28421461,3.59056966,2.341805438,5.932375098,0.61198601,0.096016205,0.092745498,-0.003270707,-0.034064114,0.001974621,0.001894721,-7.99E-05,-0.040463461,65.69774845,42.47268872,-23.22505973,-0.353513785,108.1704372,66.19879427,41.9716429,46.26390491,5.782988114,61.90653226,0.61198601,0.38801399,0.053461817,0.572305464,-0.999268074,-0.999292819,-2.47E-05,2.48E-05,272
Tilia cordata,4,35,11.4333886,16.58199904,5.14861044,3.583613068,8.732223508,0.763747635,0.184672463,0.167093602,-0.017578861,-0.0951894,0.005825437,0.005292456,-0.000532981,-0.09149202,94.56904806,66.73487525,-27.83417281,-0.294326456,161.3039233,123.19549,38.1084333,77.04691261,9.630864076,84.2570107,0.763747635,0.236252365,0.059706323,0.522349419,-0.99916707,-0.999104253,6.28E-05,-6.29E-05,272
Tilia cordata,5,25,9.029613835,12.34680096,3.317187125,2.018126889,5.335314014,0.590868459,0.106446682,0.076809482,-0.0296372,-0.278422957,0.001396831,0.001029462,-0.000367369,-0.263001752,76.66547071,49.95817191,-26.7072988,-0.348361506,126.6236426,74.81791662,51.805726,60.33679152,7.54209894,66.2868511,0.590868459,0.409131541,0.059563118,0.523495058,-0.999170155,-0.998993092,0.000177063,-0.00017721,272
Tilia cordata,6,25,8.500352059,11.58891081,3.088558751,1.879032816,4.967591567,0.584398332,0.073129325,0.076551983,0.003422658,0.046802811,0.000975541,0.001028768,5.32E-05,0.05456152,53.6634095,53.9597824,0.2963729,0.005522812,107.6231919,62.89481386,44.72837804,49.08118911,6.135148639,58.54200279,0.584398332,0.415601668,0.057005823,0.543953415,-0.999321519,-0.998953171,0.000368348,-0.000368598,272
Tilia cordata,7,25,6.270796761,10.10306318,3.832266419,2.331493405,6.163759824,0.982930887,0.052960171,0.065627454,0.012667283,0.239185085,0.000713229,0.000868009,0.00015478,0.217013049,43.89674549,37.95171356,-5.94503193,-0.13543218,81.84845905,80.45137848,1.397080572,37.84351467,4.730439334,44.00494438,0.982930887,0.017069113,0.057795093,0.537639253,-0.999359659,-0.999221211,0.000138448,-0.000138537,272
Tilia cordata,8,25,7.391755397,7.783123935,0.391368538,0.238102748,0.629471286,0.085158565,0.067890549,0.025345119,-0.04254543,-0.626676771,0.000910493,0.000339223,-0.00057127,-0.627429316,62.14687756,31.17600864,-30.97086892,-0.498349557,93.3228862,7.947243115,85.37564308,42.50390974,5.312988718,50.81897646,0.085158565,0.914841435,0.056931252,0.544549987,-0.99918677,-0.998978736,0.000208034,-0.000208203,272
Tilia cordata,8,30,5.386188256,8.599220589,3.213032333,2.095571818,5.308604151,0.985595731,0.063920305,0.050391834,-0.013528471,-0.211645908,0.001208118,0.000962267,-0.000245851,-0.203499162,44.88575327,32.79152545,-12.09422782,-0.269444689,77.67727872,76.55839429,1.118884426,37.4216838,4.677710475,40.25559492,0.985595731,0.014404269,0.060219804,0.518241571,-0.999145864,-0.999074406,7.15E-05,-7.15E-05,272
Tilia cordata,8,35,5.851328396,9.772141368,3.920812972,2.729023057,6.649836029,1.136466043,0.073517151,0.091421895,0.017904744,0.243545129,0.00232306,0.002576771,0.000253711,0.10921414,72.85370384,38.6114019,-34.24230194,-0.470014565,111.4651057,126.6763077,-15.21120192,58.7065281,7.338316013,52.75857764,1.136466043,-0.136466043,0.065835097,0.473319227,-0.998983691,-0.999034087,-5.04E-05,5.04E-05,272
Tilia cordata,9,25,6.520946362,9.878467527,3.357521165,2.042665514,5.400186679,0.82812929,0.064601028,0.082992122,0.018391094,0.284687327,0.00084694,0.001068391,0.000221451,0.261471887,48.30753981,38.93184495,-9.37569486,-0.194083468,87.23938476,72.24548974,14.99389502,40.77039954,5.096299943,46.46898522,0.82812929,0.17187071,0.058417422,0.532660625,-0.999387666,-0.999293819,9.38E-05,-9.39E-05,272
Betula pubescens,1,25,13.56321493,18.78184082,5.21862589,3.174933712,8.393559602,0.618847349,0.131524748,0.118428409,-0.013096339,-0.099573192,0.001754218,0.001577357,-0.000176861,-0.100820423,91.21270169,72.46972394,-18.74297775,-0.205486488,163.6824256,101.2944352,62.38799047,72.95304394,9.119130493,90.72938169,0.618847349,0.381152651,0.055712337,0.554301302,-0.999018782,-0.998946749,7.20E-05,-7.21E-05,144
Betula pubescens,1,30,11.329749,16.1396095,4.8098605,3.137039117,7.946899617,0.701418859,0.112922033,0.132016254,0.019094221,0.169092076,0.001914844,0.002203806,0.000288962,0.150906288,96.42197389,56.31258494,-40.10938895,-0.415977679,152.7345588,107.1309,45.60365884,71.61037522,8.951296903,81.12418361,0.701418859,0.298581141,0.058606886,0.531144911,-0.998996895,-0.998960464,3.64E-05,-3.65E-05,144
Betula pubescens,1,35,13.5781691,17.35766972,3.77950062,2.630664714,6.410165334,0.472093497,0.140350141,0.120955138,-0.019395003,-0.138190121,0.003870262,0.0033674,-0.000502862,-0.129929705,134.9371024,73.80175358,-61.13534882,-0.453065523,208.738856,98.54425649,110.1945995,102.9507864,12.8688483,105.7880696,0.472093497,0.527906503,0.061650469,0.506796251,-0.999009633,-0.998811896,0.000197737,-0.000197933,144
Betula pubescens,10,25,14.60956692,21.14591135,6.53634443,3.976613906,10.51295834,0.719594112,0.146120981,0.120350623,-0.025770358,-0.17636316,0.002380599,0.001985697,-0.000394902,-0.16588346,111.7944885,84.34033447,-27.45415403,-0.24557699,196.134823,141.1374638,54.99735918,91.79770353,11.47471294,104.3371194,0.719594112,0.280405888,0.05850421,0.531966317,-0.99915089,-0.998925467,0.000225423,-0.000225615,144
Betula pubescens,10,30,13.80975743,19.46538606,5.65562863,3.688657549,9.344286179,0.676643759,0.149662746,0.141103971,-0.008558775,-0.057187077,0.003174403,0.002978932,-0.000195471,-0.061577248,116.5927346,68.85964749,-47.73308711,-0.409400185,185.4523821,125.4851969,59.96718515,86.80890158,10.8511127,98.64348051,0.676643759,0.323356241,0.058511584,0.531907325,-0.9989889,-0.998954892,3.40E-05,-3.40E-05,144
Betula pubescens,10,35,14.78266908,20.62325573,5.84058665,4.065252729,9.905839379,0.670098162,0.160945634,0.140252818,-0.020692816,-0.128570223,0.004466981,0.003857891,-0.00060909,-0.136353837,138.1710962,95.57944608,-42.59165012,-0.308252965,233.7505423,156.6358087,77.11473355,116.413244,14.5516555,117.3372983,0.670098162,0.329901838,0.062252927,0.501976582,-0.999029673,-0.9988684,0.000161273,-0.00016143,144
Betula pubescens,2,25,14.78396321,20.32322171,5.5392585,3.370001783,8.909260283,0.602630036,0.134705172,0.141235195,0.006530023,0.048476409,0.002237659,0.002363098,0.000125439,0.056058139,117.0176806,70.42717465,-46.59050595,-0.398149286,187.4448553,112.9598999,74.48495537,85.53933494,10.69241687,101.9055203,0.602630036,0.397369964,0.057043,0.543656,-0.998984713,-0.998945888,3.88E-05,-3.89E-05,144
Betula pubescens,2,30,12.59625042,18.42993866,5.83368824,3.804789807,9.638478047,0.765186284,0.133515953,0.119394847,-0.014121106,-0.105763436,0.002876269,0.002594305,-0.000281964,-0.098031165,95.78141732,70.10444973,-25.67696759,-0.268078802,165.8858671,126.9335901,38.95227693,77.00057691,9.625072114,88.88529014,0.765186284,0.234813716,0.058022255,0.535821958,-0.999170385,-0.999076448,9.39E-05,-9.40E-05,144
Betula pubescens,2,35,11.13728932,16.25146127,5.11417195,3.559642673,8.673814623,0.778808413,0.108695126,0.109504218,0.000809092,0.007443682,0.003187598,0.003097071,-9.05E-05,-0.028399754,130.692258,68.88360639,-61.80865161,-0.47293277,199.5758644,155.4313623,44.14450212,103.3511381,12.91889226,96.22472632,0.778808413,0.221191587,0.064731736,0.482146108,-0.998958066,-0.998889645,6.84E-05,-6.85E-05,144
Betula pubescens,3,25,6.69864798,9.836865452,3.138217472,1.909244437,5.047461909,0.753504576,0.048270861,0.044179365,-0.004091496,-0.084761198,0.000818552,0.000753719,-6.48E-05,-0.079204498,55.51160242,40.70587623,-14.80572619,-0.266714084,96.21747865,72.50031049,23.71716816,46.28192449,5.785240561,49.93555416,0.753504576,0.246495424,0.060126711,0.51898631,-0.99910143,-0.998991769,0.000109661,-0.00010976,144
Betula pubescens,3,30,4.409552979,6.089699194,1.680146215,1.095808163,2.775954378,0.629531926,0.05028481,0.069063769,0.018778959,0.373451923,0.001122925,0.001537247,0.000414322,0.368966761,61.37523936,25.50386791,-35.87137145,-0.584459985,86.87910727,54.69317169,32.18593558,46.1605969,5.770074613,40.71851037,0.629531926,0.370468074,0.066414985,0.468680119,-0.998907021,-0.998963765,-5.67E-05,5.68E-05,144
Betula pubescens,3,35,3.969371734,5.567962451,1.598590717,1.11267509,2.711265807,0.683046585,0.047011748,0.032523185,-0.014488563,-0.308190263,0.001368982,0.000948499,-0.000420483,-0.307150131,80.94623074,33.18910532,-47.75712542,-0.589985784,114.1353361,77.9597515,36.17558456,65.50523275,8.188154094,48.63010331,0.683046585,0.316953415,0.071740745,0.426074036,-0.998887088,-0.99884518,4.19E-05,-4.20E-05,144
Betula pubescens,8,25,9.648900505,13.47243,3.823529495,2.326177992,6.149707487,0.637348005,0.095606044,0.094713143,-0.000892901,-0.009339378,0.001584805,0.001570499,-1.43E-05,-0.009026978,59.01314546,45.870062,-13.14308346,-0.222714505,104.8832075,66.84710303,38.03610443,44.19173696,5.52396712,60.6914705,0.637348005,0.362651995,0.052667794,0.578657651,-0.999108343,-0.999080431,2.79E-05,-2.79E-05,144
Betula pubescens,8,30,8.614063712,12.16927888,3.555215168,2.318746885,5.873962053,0.681903716,0.090678191,0.085929884,-0.004748307,-0.052364377,0.001988676,0.001863762,-0.000124914,-0.062812645,71.56157562,46.37676506,-25.18481056,-0.35193203,117.9383407,80.42259274,37.51574794,55.65472389,6.956840486,62.28361679,0.681903716,0.318096284,0.058987098,0.528103214,-0.999084492,-0.999082852,1.64E-06,-1.64E-06,144
Betula pubescens,8,35,9.73929632,14.0426131,4.30331678,2.995259095,7.298575875,0.74939458,0.103955353,0.098505804,-0.005449549,-0.052422014,0.002912421,0.002818985,-9.34E-05,-0.0320819,92.24177794,61.33770006,-30.90407788,-0.335033415,153.579478,115.0916284,38.48784959,76.41486181,9.551857727,77.16461619,0.74939458,0.25060542,0.062194883,0.502440933,-0.999063966,-0.998976432,8.75E-05,-8.76E-05,144